x,y,species_4 cloglog values
1.0,1.0,0.21713825
2.0,2.0,0.25557697
3.0,3.0,0.18942842
4.0,4.0,0.63865674
5.0,5.0,0.85106325
6.0,6.0,0.01805829
7.0,7.0,0.018977547
8.0,8.0,0.4787472
9.0,9.0,0.13590805
10.0,10.0,0.02522714
11.0,11.0,0.11288507
12.0,12.0,0.82594305
13.0,13.0,0.15778771
14.0,14.0,0.01137625
15.0,15.0,0.11731091
16.0,16.0,0.057978503
17.0,17.0,0.7040111
18.0,18.0,0.8304144
19.0,19.0,0.68310535
20.0,20.0,0.4995079
21.0,21.0,0.7599792
22.0,22.0,0.13675262
23.0,23.0,0.42477572
24.0,24.0,0.19376811
25.0,25.0,0.003903071
26.0,26.0,0.0016844202
27.0,27.0,0.69992685
28.0,28.0,0.54399633
29.0,29.0,0.70130414
30.0,30.0,0.5337456
31.0,31.0,0.46444836
32.0,32.0,0.5836875
33.0,33.0,0.6602449
34.0,34.0,0.1138564
35.0,35.0,0.36633182
36.0,36.0,0.61315465
37.0,37.0,0.8195522
38.0,38.0,0.3854792
39.0,39.0,0.96314174
40.0,40.0,0.052060496
41.0,41.0,0.6955911
42.0,42.0,0.10843346
43.0,43.0,0.00346784
44.0,44.0,0.5203949
45.0,45.0,0.51655245
46.0,46.0,0.42704397
47.0,47.0,0.0033740422
48.0,48.0,0.025197595
49.0,49.0,0.03585041
50.0,50.0,0.14954588
51.0,51.0,0.10323742
52.0,52.0,0.20633999
53.0,53.0,0.0746511
54.0,54.0,0.778731
55.0,55.0,0.45675406
56.0,56.0,0.5785349
57.0,57.0,0.60391927
58.0,58.0,0.023674963
59.0,59.0,0.012439332
60.0,60.0,0.18717647
61.0,61.0,0.5397006
62.0,62.0,0.70908403
63.0,63.0,0.0014886289
64.0,64.0,0.017751465
65.0,65.0,0.803587
66.0,66.0,0.1903176
67.0,67.0,0.07290434
68.0,68.0,0.017452424
69.0,69.0,0.2037712
70.0,70.0,0.48570323
71.0,71.0,0.21470946
72.0,72.0,0.37987104
73.0,73.0,0.5308025
74.0,74.0,0.5893139
75.0,75.0,0.69965667
76.0,76.0,0.027442962
77.0,77.0,0.68315595
78.0,78.0,0.663611
79.0,79.0,0.5375281
80.0,80.0,0.005418676
81.0,81.0,0.33432335
82.0,82.0,0.35433456
83.0,83.0,0.46480307
84.0,84.0,0.15413363
85.0,85.0,0.54106426
86.0,86.0,0.04696398
87.0,87.0,0.037144482
88.0,88.0,0.7836171
89.0,89.0,0.015129719
90.0,90.0,0.009369634
91.0,91.0,0.020058464
92.0,92.0,0.007244185
93.0,93.0,0.9690219
94.0,94.0,0.24440546
95.0,95.0,0.003776749
96.0,96.0,0.0055881026
97.0,97.0,0.3623961
98.0,98.0,0.28087062
99.0,99.0,0.001412982
100.0,100.0,0.3855259
101.0,101.0,0.0021322155
102.0,102.0,0.082821816
103.0,103.0,0.009979269
104.0,104.0,0.0032320295
105.0,105.0,0.020463463
106.0,106.0,0.09712053
107.0,107.0,0.11837675
108.0,108.0,0.59028614
109.0,109.0,0.6479176
110.0,110.0,0.03233448
111.0,111.0,0.72342086
112.0,112.0,0.7182354
113.0,113.0,0.052582916
114.0,114.0,0.13400991
115.0,115.0,0.4577783
116.0,116.0,0.0027565348
117.0,117.0,0.008730653
118.0,118.0,0.6428957
119.0,119.0,0.6867264
120.0,120.0,0.22342767
121.0,121.0,0.023265775
122.0,122.0,0.83322525
123.0,123.0,0.023316953
124.0,124.0,0.047317624
125.0,125.0,0.076044455
126.0,126.0,0.5467662
127.0,127.0,0.26619914
128.0,128.0,0.089251585
129.0,129.0,0.81063473
130.0,130.0,0.4745422
131.0,131.0,0.57136375
132.0,132.0,0.0037290961
133.0,133.0,0.7223945
134.0,134.0,0.17643486
135.0,135.0,0.14192279
136.0,136.0,0.032940228
137.0,137.0,0.6192848
138.0,138.0,0.021678234
139.0,139.0,0.36867043
140.0,140.0,0.030609757
141.0,141.0,0.073109835
142.0,142.0,0.67053276
143.0,143.0,0.052484877
144.0,144.0,0.4702156
145.0,145.0,0.019004641
146.0,146.0,0.0021736745
147.0,147.0,0.057547983
148.0,148.0,0.055849846
149.0,149.0,0.70241964
150.0,150.0,0.0038038671
151.0,151.0,0.39383632
152.0,152.0,0.5172938
153.0,153.0,0.062948525
154.0,154.0,0.59555316
155.0,155.0,0.09054593
156.0,156.0,0.019837907
157.0,157.0,0.33943605
158.0,158.0,0.033637684
159.0,159.0,0.94904214
160.0,160.0,0.022007734
161.0,161.0,0.012171982
162.0,162.0,0.020912297
163.0,163.0,0.014017851
164.0,164.0,0.19178732
165.0,165.0,0.004016827
166.0,166.0,0.20611197
167.0,167.0,0.08638463
168.0,168.0,0.014489966
169.0,169.0,0.14415003
170.0,170.0,0.14258638
171.0,171.0,0.6216299
172.0,172.0,0.015590228
173.0,173.0,0.0015787442
174.0,174.0,0.0046388893
175.0,175.0,0.04231743
176.0,176.0,0.53518397
177.0,177.0,0.5445818
178.0,178.0,0.041838963
179.0,179.0,0.8108244
180.0,180.0,0.11949873
181.0,181.0,0.3532854
182.0,182.0,0.019237684
183.0,183.0,0.060922425
184.0,184.0,0.20585734
185.0,185.0,0.6287904
186.0,186.0,0.033219647
187.0,187.0,0.7711232
188.0,188.0,0.20153295
189.0,189.0,0.3653163
190.0,190.0,0.011459379
191.0,191.0,0.47171727
192.0,192.0,0.9655819
193.0,193.0,0.14571737
194.0,194.0,0.6753572
195.0,195.0,0.6934581
196.0,196.0,0.13829982
197.0,197.0,0.017093929
198.0,198.0,0.0302088
199.0,199.0,0.06531195
200.0,200.0,0.011279132
201.0,201.0,0.23999842
202.0,202.0,0.025070293
203.0,203.0,0.07352965
204.0,204.0,0.13752854
205.0,205.0,0.033363905
206.0,206.0,0.1644519
207.0,207.0,0.16927272
208.0,208.0,0.024486357
209.0,209.0,0.014328825
210.0,210.0,0.81507975
211.0,211.0,0.95090204
212.0,212.0,0.76760644
213.0,213.0,0.0024023894
214.0,214.0,0.48052812
215.0,215.0,0.0011486362
216.0,216.0,0.023702467
217.0,217.0,0.3665033
218.0,218.0,0.020244652
219.0,219.0,0.28919533
220.0,220.0,0.57389826
221.0,221.0,0.051449962
222.0,222.0,0.777439
223.0,223.0,0.002547265
224.0,224.0,0.43316904
225.0,225.0,0.39585912
226.0,226.0,0.001888405
227.0,227.0,0.019299312
228.0,228.0,0.6528081
229.0,229.0,0.41809002
230.0,230.0,0.007123531
231.0,231.0,0.3718475
232.0,232.0,0.061904732
233.0,233.0,0.7354634
234.0,234.0,0.5641222
235.0,235.0,0.7548185
236.0,236.0,0.8055413
237.0,237.0,0.102516025
238.0,238.0,0.5596342
239.0,239.0,0.006363728
240.0,240.0,0.79835814
241.0,241.0,0.16063379
242.0,242.0,0.012046613
243.0,243.0,0.10190003
244.0,244.0,0.9240278
245.0,245.0,0.20759317
246.0,246.0,0.758008
247.0,247.0,0.018689781
248.0,248.0,0.008697032
249.0,249.0,0.0024970477
250.0,250.0,0.8111995
251.0,251.0,0.0010680491
252.0,252.0,0.65958333
253.0,253.0,0.0023980576
254.0,254.0,0.10255531
255.0,255.0,0.013350508
256.0,256.0,0.76810265
257.0,257.0,0.60522693
258.0,258.0,0.58253485
259.0,259.0,0.30920327
260.0,260.0,0.03389037
261.0,261.0,0.16129334
262.0,262.0,0.20645142
263.0,263.0,0.11946985
264.0,264.0,0.24847057
265.0,265.0,0.5040977
266.0,266.0,0.83273983
267.0,267.0,0.36173362
268.0,268.0,0.0054101786
269.0,269.0,0.16121483
270.0,270.0,0.83435625
271.0,271.0,0.5370332
272.0,272.0,0.46384352
273.0,273.0,0.0014754747
274.0,274.0,0.0687092
275.0,275.0,0.20696984
276.0,276.0,0.002912369
277.0,277.0,0.5258593
278.0,278.0,0.018529087
279.0,279.0,0.12485729
280.0,280.0,0.0073441253
281.0,281.0,0.0017979675
282.0,282.0,0.42703712
283.0,283.0,0.15758212
284.0,284.0,0.0022155934
285.0,285.0,0.67345035
286.0,286.0,0.056003936
287.0,287.0,0.0019734323
288.0,288.0,0.042153213
289.0,289.0,0.63933116
290.0,290.0,0.02283898
291.0,291.0,0.009697956
292.0,292.0,0.5656965
293.0,293.0,0.017414378
294.0,294.0,0.56084263
295.0,295.0,0.42124346
296.0,296.0,0.5907992
297.0,297.0,0.620403
298.0,298.0,0.009275667
299.0,299.0,0.66640437
300.0,300.0,0.005649588
301.0,301.0,0.0043356353
302.0,302.0,0.30859584
303.0,303.0,0.009530066
304.0,304.0,0.1103386
305.0,305.0,0.03793198
306.0,306.0,0.010676486
307.0,307.0,0.23926052
308.0,308.0,0.5402243
309.0,309.0,0.5496578
310.0,310.0,0.50515413
311.0,311.0,0.50422823
312.0,312.0,0.012074008
313.0,313.0,0.7757015
314.0,314.0,0.002050647
315.0,315.0,0.0018004352
316.0,316.0,0.046756152
317.0,317.0,0.53602064
318.0,318.0,0.024964487
319.0,319.0,0.022887575
320.0,320.0,0.6286967
321.0,321.0,0.092071705
322.0,322.0,0.6740312
323.0,323.0,0.7503033
324.0,324.0,0.60829526
325.0,325.0,0.025270028
326.0,326.0,0.00884126
327.0,327.0,0.8064137
328.0,328.0,0.014446678
329.0,329.0,0.16648886
330.0,330.0,0.009368831
331.0,331.0,0.17841366
332.0,332.0,0.038462132
333.0,333.0,0.16292658
334.0,334.0,0.52212685
335.0,335.0,0.017293263
336.0,336.0,0.03015327
337.0,337.0,0.8072144
338.0,338.0,0.0026170858
339.0,339.0,0.5347352
340.0,340.0,0.1713306
341.0,341.0,0.015550871
342.0,342.0,0.017412199
343.0,343.0,0.05313212
344.0,344.0,0.022341594
345.0,345.0,0.099338055
346.0,346.0,0.5229864
347.0,347.0,0.021466408
348.0,348.0,0.058964852
349.0,349.0,0.02829107
350.0,350.0,0.65447724
351.0,351.0,0.4697992
352.0,352.0,0.0045570116
353.0,353.0,0.05607786
354.0,354.0,0.5656209
355.0,355.0,0.598365
356.0,356.0,0.935153
357.0,357.0,0.15449633
358.0,358.0,0.13376214
359.0,359.0,0.009084094
360.0,360.0,0.16902955
361.0,361.0,0.7565705
362.0,362.0,0.59475774
363.0,363.0,0.28356564
364.0,364.0,0.6948189
365.0,365.0,0.0052997638
366.0,366.0,0.720264
367.0,367.0,0.7703041
368.0,368.0,0.23965219
369.0,369.0,0.005068857
370.0,370.0,0.061640985
371.0,371.0,0.6324884
372.0,372.0,0.5261898
373.0,373.0,0.7764018
374.0,374.0,0.6308421
375.0,375.0,0.18822388
376.0,376.0,0.3573523
377.0,377.0,0.61671686
378.0,378.0,0.09016923
379.0,379.0,0.00431273
380.0,380.0,0.52807486
381.0,381.0,0.08231472
382.0,382.0,0.04422313
383.0,383.0,0.051491056
384.0,384.0,0.022546664
385.0,385.0,0.002097046
386.0,386.0,0.4850027
387.0,387.0,0.76830363
388.0,388.0,0.0023458449
389.0,389.0,0.2358833
390.0,390.0,0.0057704635
391.0,391.0,0.02286446
392.0,392.0,0.5404408
393.0,393.0,0.03854521
394.0,394.0,0.84976447
395.0,395.0,0.21219772
396.0,396.0,0.0036843596
397.0,397.0,0.70049345
398.0,398.0,0.0020001396
399.0,399.0,0.5390567
400.0,400.0,0.46785766
401.0,401.0,0.064697586
402.0,402.0,0.8811198
403.0,403.0,0.8673897
404.0,404.0,0.6980712
405.0,405.0,0.09708594
406.0,406.0,0.021294067
407.0,407.0,0.004618424
408.0,408.0,0.12341306
409.0,409.0,0.0182483
410.0,410.0,0.035341643
411.0,411.0,0.011050259
412.0,412.0,0.11784975
413.0,413.0,0.070582815
414.0,414.0,0.4202407
415.0,415.0,0.56179035
416.0,416.0,0.5441139
417.0,417.0,0.059785813
418.0,418.0,0.41902155
419.0,419.0,0.32180995
420.0,420.0,0.71081644
421.0,421.0,0.17649344
422.0,422.0,0.019744888
423.0,423.0,0.011869341
424.0,424.0,0.03289697
425.0,425.0,0.21235606
426.0,426.0,0.07335814
427.0,427.0,0.05738027
428.0,428.0,0.7283813
429.0,429.0,0.15992981
430.0,430.0,0.25902587
431.0,431.0,0.0035491174
432.0,432.0,0.012533318
433.0,433.0,0.7558245
434.0,434.0,0.03261947
435.0,435.0,0.595857
436.0,436.0,0.12518297
437.0,437.0,0.53271264
438.0,438.0,0.8072356
439.0,439.0,0.2699604
440.0,440.0,0.77903163
441.0,441.0,0.7110646
442.0,442.0,0.771689
443.0,443.0,0.47769114
444.0,444.0,0.7440944
445.0,445.0,0.021146487
446.0,446.0,0.34020424
447.0,447.0,0.058732305
448.0,448.0,0.0020060034
449.0,449.0,0.18122844
450.0,450.0,0.60226303
451.0,451.0,0.83416396
452.0,452.0,0.084581666
453.0,453.0,0.12326793
454.0,454.0,0.0044391775
455.0,455.0,0.095019124
456.0,456.0,0.608335
457.0,457.0,0.0020935333
458.0,458.0,0.021176094
459.0,459.0,0.18223773
460.0,460.0,0.03771076
461.0,461.0,0.0028355783
462.0,462.0,0.023317482
463.0,463.0,0.0072612804
464.0,464.0,0.0020536585
465.0,465.0,0.73727983
466.0,466.0,0.006170329
467.0,467.0,0.017768398
468.0,468.0,0.001138194
469.0,469.0,0.7051379
470.0,470.0,0.65757036
471.0,471.0,0.39773688
472.0,472.0,0.74289185
473.0,473.0,0.36985177
474.0,474.0,0.0031321868
475.0,475.0,0.010446561
476.0,476.0,0.86052245
477.0,477.0,0.0037897537
478.0,478.0,0.8083643
479.0,479.0,0.057530113
480.0,480.0,0.06772456
481.0,481.0,0.70853066
482.0,482.0,0.6317562
483.0,483.0,0.007430379
484.0,484.0,0.17645037
485.0,485.0,0.01182505
486.0,486.0,0.005944703
487.0,487.0,0.6691158
488.0,488.0,0.0051421956
489.0,489.0,0.007891026
490.0,490.0,0.003313897
491.0,491.0,0.4077001
492.0,492.0,0.023343522
493.0,493.0,0.06485051
494.0,494.0,0.27131784
495.0,495.0,0.54604596
496.0,496.0,0.23277667
497.0,497.0,0.57846683
498.0,498.0,0.57463074
499.0,499.0,0.02332374
500.0,500.0,0.5421881
501.0,501.0,0.01841962
502.0,502.0,0.013167775
503.0,503.0,0.5484689
504.0,504.0,0.41209862
505.0,505.0,0.80225736
506.0,506.0,0.54740757
507.0,507.0,0.44539276
508.0,508.0,0.003687694
509.0,509.0,0.42106396
510.0,510.0,0.8839069
511.0,511.0,0.12127674
512.0,512.0,0.46262246
513.0,513.0,0.46707883
514.0,514.0,0.0125030335
515.0,515.0,0.45634285
516.0,516.0,0.0154369
517.0,517.0,0.013345449
518.0,518.0,0.0071337703
519.0,519.0,0.6621072
520.0,520.0,0.21388793
521.0,521.0,0.026191644
522.0,522.0,0.090885855
523.0,523.0,0.20127268
524.0,524.0,0.500637
525.0,525.0,0.6424211
526.0,526.0,0.014498612
527.0,527.0,0.00870912
528.0,528.0,0.0828773
529.0,529.0,0.60491353
530.0,530.0,0.019963264
531.0,531.0,0.022798803
532.0,532.0,0.768839
533.0,533.0,0.70565397
534.0,534.0,0.010351085
535.0,535.0,0.35122383
536.0,536.0,0.61434823
537.0,537.0,0.06266311
538.0,538.0,0.5135843
539.0,539.0,0.70532835
540.0,540.0,0.7596194
541.0,541.0,0.20912355
542.0,542.0,0.080525555
543.0,543.0,0.75944173
544.0,544.0,0.011699398
545.0,545.0,0.6654892
546.0,546.0,0.023128089
547.0,547.0,0.6202597
548.0,548.0,0.63880944
549.0,549.0,0.58136374
550.0,550.0,0.08605125
551.0,551.0,0.06712365
552.0,552.0,0.009650877
553.0,553.0,0.020343885
554.0,554.0,0.21279506
555.0,555.0,0.22816937
556.0,556.0,0.014521197
557.0,557.0,0.013820428
558.0,558.0,0.14382721
559.0,559.0,0.6702544
560.0,560.0,0.62989575
561.0,561.0,0.03557758
562.0,562.0,0.017390482
563.0,563.0,0.54185
564.0,564.0,0.014841491
565.0,565.0,0.39465916
566.0,566.0,0.70950735
567.0,567.0,0.0018125896
568.0,568.0,0.43319803
569.0,569.0,0.0042410283
570.0,570.0,0.76427394
571.0,571.0,0.58917505
572.0,572.0,0.13446105
573.0,573.0,0.010217306
574.0,574.0,0.41216278
575.0,575.0,0.0016405829
576.0,576.0,0.70433635
577.0,577.0,0.50534654
578.0,578.0,0.10217736
579.0,579.0,0.85173315
580.0,580.0,0.07064507
581.0,581.0,0.49963248
582.0,582.0,0.7744687
583.0,583.0,0.012501242
584.0,584.0,0.0057085617
585.0,585.0,0.0048711766
586.0,586.0,0.017089361
587.0,587.0,0.01219279
588.0,588.0,0.011637864
589.0,589.0,0.007460409
590.0,590.0,0.50722986
591.0,591.0,0.47851226
592.0,592.0,0.26813725
593.0,593.0,0.062983945
594.0,594.0,0.19935097
595.0,595.0,0.0055820676
596.0,596.0,0.0044767424
597.0,597.0,0.103271775
598.0,598.0,0.31463212
599.0,599.0,0.66750723
600.0,600.0,0.014822868
601.0,601.0,0.015695425
602.0,602.0,0.0030972848
603.0,603.0,0.4977128
604.0,604.0,0.5871146
605.0,605.0,0.0024730882
606.0,606.0,0.0031435147
607.0,607.0,0.0019577595
608.0,608.0,0.017881008
609.0,609.0,0.017095301
610.0,610.0,0.32993323
611.0,611.0,0.7716978
612.0,612.0,0.023269355
613.0,613.0,0.042792782
614.0,614.0,0.021962147
615.0,615.0,0.26399764
616.0,616.0,0.32968342
617.0,617.0,0.7309309
618.0,618.0,0.21676625
619.0,619.0,0.0029498965
620.0,620.0,0.7589861
621.0,621.0,0.0023714511
622.0,622.0,0.048126683
623.0,623.0,0.7329134
624.0,624.0,0.002038341
625.0,625.0,0.022376575
626.0,626.0,0.03525702
627.0,627.0,0.8562973
628.0,628.0,0.1606935
629.0,629.0,0.5526455
630.0,630.0,0.19916287
631.0,631.0,0.020271128
632.0,632.0,0.73213434
633.0,633.0,0.0030972715
634.0,634.0,0.8001579
635.0,635.0,0.13125052
636.0,636.0,0.022651054
637.0,637.0,0.5235191
638.0,638.0,0.95783615
639.0,639.0,0.016063027
640.0,640.0,0.16329199
641.0,641.0,0.28344426
642.0,642.0,0.02897703
643.0,643.0,0.40896362
644.0,644.0,0.0028405364
645.0,645.0,0.020327516
646.0,646.0,0.76032555
647.0,647.0,7.9994905E-4
648.0,648.0,0.0053885574
649.0,649.0,0.6540056
650.0,650.0,0.6020696
651.0,651.0,0.009465991
652.0,652.0,0.14008352
653.0,653.0,0.11771984
654.0,654.0,0.018286813
655.0,655.0,0.10708722
656.0,656.0,0.7537465
657.0,657.0,0.49736497
658.0,658.0,0.176557
659.0,659.0,0.761107
660.0,660.0,0.039549492
661.0,661.0,0.0036025892
662.0,662.0,0.80032223
663.0,663.0,0.30007455
664.0,664.0,0.49305475
665.0,665.0,0.7532856
666.0,666.0,0.6596097
667.0,667.0,0.005634708
668.0,668.0,0.020178901
669.0,669.0,0.13084766
670.0,670.0,0.0031398577
671.0,671.0,0.021580832
672.0,672.0,0.021313027
673.0,673.0,0.0030582973
674.0,674.0,0.0016566762
675.0,675.0,0.08029987
676.0,676.0,0.0036806853
677.0,677.0,0.6835608
678.0,678.0,0.0022005932
679.0,679.0,0.20928502
680.0,680.0,0.33024457
681.0,681.0,0.022123646
682.0,682.0,0.019332351
683.0,683.0,0.1800354
684.0,684.0,0.023188962
685.0,685.0,0.79310787
686.0,686.0,0.79860914
687.0,687.0,0.021458574
688.0,688.0,0.16934101
689.0,689.0,0.003217261
690.0,690.0,0.11672767
691.0,691.0,0.0025474697
692.0,692.0,0.7653945
693.0,693.0,0.017704803
694.0,694.0,0.10134684
695.0,695.0,0.01329208
696.0,696.0,0.46067548
697.0,697.0,0.085523106
698.0,698.0,0.2221762
699.0,699.0,0.0027361482
700.0,700.0,0.0035984484
701.0,701.0,0.42204782
702.0,702.0,0.0024040567
703.0,703.0,0.54345465
704.0,704.0,0.021056084
705.0,705.0,0.010148009
706.0,706.0,0.60470265
707.0,707.0,0.1657327
708.0,708.0,0.6237802
709.0,709.0,0.4189288
710.0,710.0,0.60795546
711.0,711.0,0.6082354
712.0,712.0,0.0019651568
713.0,713.0,0.05931003
714.0,714.0,0.3525337
715.0,715.0,0.0029725714
716.0,716.0,0.035485327
717.0,717.0,0.5925943
718.0,718.0,0.3171058
719.0,719.0,0.018072262
720.0,720.0,0.3437632
721.0,721.0,0.022183107
722.0,722.0,0.013656164
723.0,723.0,0.001411899
724.0,724.0,0.0046136915
725.0,725.0,0.05489641
726.0,726.0,0.80279773
727.0,727.0,0.022924203
728.0,728.0,0.0017698684
729.0,729.0,0.17006274
730.0,730.0,0.501859
731.0,731.0,0.0017031165
732.0,732.0,0.017984372
733.0,733.0,0.009396063
734.0,734.0,0.05153273
735.0,735.0,0.21178168
736.0,736.0,0.64146155
737.0,737.0,0.18155345
738.0,738.0,0.81790775
739.0,739.0,0.016910663
740.0,740.0,0.35894093
741.0,741.0,0.14992966
742.0,742.0,0.006151988
743.0,743.0,0.6242634
744.0,744.0,0.58069634
745.0,745.0,0.10014072
746.0,746.0,0.33112323
747.0,747.0,0.024808628
748.0,748.0,0.002631106
749.0,749.0,0.19417387
750.0,750.0,0.0023711515
751.0,751.0,0.14882275
752.0,752.0,0.002077551
753.0,753.0,0.14531203
754.0,754.0,0.022072073
755.0,755.0,0.017867392
756.0,756.0,0.009965504
757.0,757.0,0.024259148
758.0,758.0,0.7125193
759.0,759.0,0.057804197
760.0,760.0,0.35012564
761.0,761.0,0.0023487692
762.0,762.0,0.0022158755
763.0,763.0,0.5771602
764.0,764.0,0.5291348
765.0,765.0,0.46642932
766.0,766.0,0.28795478
767.0,767.0,0.0020563833
768.0,768.0,0.006947034
769.0,769.0,0.85594904
770.0,770.0,0.022454042
771.0,771.0,0.7880997
772.0,772.0,0.66889364
773.0,773.0,0.8150024
774.0,774.0,0.15204862
775.0,775.0,0.0038989647
776.0,776.0,0.6255552
777.0,777.0,0.35564756
778.0,778.0,0.0027098872
779.0,779.0,0.5442356
780.0,780.0,0.0035862187
781.0,781.0,0.010130035
782.0,782.0,0.56994224
783.0,783.0,0.026411649
784.0,784.0,0.0095811505
785.0,785.0,0.5249046
786.0,786.0,0.49744347
787.0,787.0,0.16006236
788.0,788.0,0.079381265
789.0,789.0,0.3924256
790.0,790.0,0.017185222
791.0,791.0,0.6149922
792.0,792.0,0.6717991
793.0,793.0,0.68219376
794.0,794.0,0.6454902
795.0,795.0,0.0034729887
796.0,796.0,0.027276438
797.0,797.0,0.5247238
798.0,798.0,0.0057135574
799.0,799.0,0.002417947
800.0,800.0,0.10714003
801.0,801.0,0.8527956
802.0,802.0,0.9524367
803.0,803.0,0.40575057
804.0,804.0,0.6589356
805.0,805.0,0.026455969
806.0,806.0,0.016780583
807.0,807.0,0.14897105
808.0,808.0,0.12369437
809.0,809.0,0.76075804
810.0,810.0,0.006228776
811.0,811.0,0.014204847
812.0,812.0,0.30706206
813.0,813.0,0.0043760464
814.0,814.0,0.0018142287
815.0,815.0,0.06587408
816.0,816.0,0.001047358
817.0,817.0,0.13044435
818.0,818.0,0.012779978
819.0,819.0,0.35473195
820.0,820.0,0.0577447
821.0,821.0,0.023265969
822.0,822.0,0.428684
823.0,823.0,0.020262077
824.0,824.0,0.15392946
825.0,825.0,0.73525614
826.0,826.0,0.0021929895
827.0,827.0,0.011894318
828.0,828.0,0.0015838619
829.0,829.0,0.0024577721
830.0,830.0,0.009790011
831.0,831.0,0.014504816
832.0,832.0,0.115431115
833.0,833.0,0.62581897
834.0,834.0,0.0041205906
835.0,835.0,0.1903806
836.0,836.0,0.66866785
837.0,837.0,0.8482264
838.0,838.0,0.016976917
839.0,839.0,0.2370195
840.0,840.0,0.22415727
841.0,841.0,0.022435289
842.0,842.0,0.023486065
843.0,843.0,0.03633909
844.0,844.0,0.7999842
845.0,845.0,0.11933952
846.0,846.0,0.003828849
847.0,847.0,0.02495704
848.0,848.0,0.89433557
849.0,849.0,0.28556997
850.0,850.0,0.6808114
851.0,851.0,0.0013789438
852.0,852.0,0.11022233
853.0,853.0,0.63535
854.0,854.0,0.01760445
855.0,855.0,0.012909792
856.0,856.0,0.44291687
857.0,857.0,0.0018281824
858.0,858.0,0.76534396
859.0,859.0,0.01058741
860.0,860.0,0.5919185
861.0,861.0,0.5178072
862.0,862.0,0.47180894
863.0,863.0,0.0076452317
864.0,864.0,0.23764092
865.0,865.0,0.09647288
866.0,866.0,0.18526818
867.0,867.0,0.5323754
868.0,868.0,0.008619766
869.0,869.0,0.23104674
870.0,870.0,0.0108850505
871.0,871.0,0.644059
872.0,872.0,0.15014832
873.0,873.0,0.44920447
874.0,874.0,0.0032755402
875.0,875.0,0.0058698566
876.0,876.0,0.6480011
877.0,877.0,0.01774675
878.0,878.0,0.0253476
879.0,879.0,0.046380393
880.0,880.0,0.0215648
881.0,881.0,0.78371894
882.0,882.0,0.0031544487
883.0,883.0,0.26407734
884.0,884.0,0.09480783
885.0,885.0,0.8198092
886.0,886.0,0.10685452
887.0,887.0,0.15439154
888.0,888.0,0.16616203
889.0,889.0,0.14449167
890.0,890.0,0.4321859
891.0,891.0,0.82272494
892.0,892.0,0.3751319
893.0,893.0,0.022049231
894.0,894.0,0.5476276
895.0,895.0,0.6604117
896.0,896.0,0.13233252
897.0,897.0,0.21883911
898.0,898.0,0.0655046
899.0,899.0,0.09476696
900.0,900.0,0.64548916
901.0,901.0,0.8030306
902.0,902.0,0.47926262
903.0,903.0,0.4340938
904.0,904.0,0.53538084
905.0,905.0,0.60384405
906.0,906.0,0.0024798722
907.0,907.0,0.0126198
908.0,908.0,0.1146799
909.0,909.0,0.02561749
910.0,910.0,0.04102371
911.0,911.0,0.002919676
912.0,912.0,0.08113465
913.0,913.0,0.06281097
914.0,914.0,0.105856195
915.0,915.0,0.61086667
916.0,916.0,0.005325441
917.0,917.0,0.5413767
918.0,918.0,0.012913945
919.0,919.0,0.53721523
920.0,920.0,0.026596045
921.0,921.0,0.053472865
922.0,922.0,0.38452265
923.0,923.0,0.016865348
924.0,924.0,0.016815564
925.0,925.0,0.01387663
926.0,926.0,0.3714518
927.0,927.0,0.020588584
928.0,928.0,0.018648395
929.0,929.0,0.0015002533
930.0,930.0,0.0012883218
931.0,931.0,0.7064762
932.0,932.0,0.43254605
933.0,933.0,0.0032689804
934.0,934.0,0.8743209
935.0,935.0,0.8655875
936.0,936.0,0.5298368
937.0,937.0,0.21621136
938.0,938.0,0.013595887
939.0,939.0,0.016096715
940.0,940.0,0.4946218
941.0,941.0,0.0012208249
942.0,942.0,0.70200795
943.0,943.0,0.009901381
944.0,944.0,0.00158155
945.0,945.0,0.018416133
946.0,946.0,0.0032701106
947.0,947.0,0.27892232
948.0,948.0,0.9323567
949.0,949.0,0.48434296
950.0,950.0,0.5574948
951.0,951.0,0.64993143
952.0,952.0,0.0022083316
953.0,953.0,0.0024928153
954.0,954.0,0.5919964
955.0,955.0,0.54318655
956.0,956.0,0.10812679
957.0,957.0,0.2535009
958.0,958.0,0.20503657
959.0,959.0,0.14674257
960.0,960.0,0.774824
961.0,961.0,0.045239646
962.0,962.0,0.3595871
963.0,963.0,0.01225816
964.0,964.0,0.4923397
965.0,965.0,0.65424764
966.0,966.0,0.13732821
967.0,967.0,0.5721599
968.0,968.0,0.009921907
969.0,969.0,0.17294692
970.0,970.0,0.563646
971.0,971.0,0.17804891
972.0,972.0,0.0035174808
973.0,973.0,0.07870584
974.0,974.0,0.047916543
975.0,975.0,0.006198803
976.0,976.0,0.14398113
977.0,977.0,0.22628836
978.0,978.0,0.7680124
979.0,979.0,0.65845776
980.0,980.0,0.004073031
981.0,981.0,0.72419304
982.0,982.0,0.002907623
983.0,983.0,0.07736884
984.0,984.0,0.3373775
985.0,985.0,0.036131814
986.0,986.0,0.0074054273
987.0,987.0,0.3039841
988.0,988.0,0.17907214
989.0,989.0,0.0041131014
990.0,990.0,0.010549758
991.0,991.0,0.020366913
992.0,992.0,0.016851425
993.0,993.0,0.18235894
994.0,994.0,0.0024028728
995.0,995.0,0.77687716
996.0,996.0,0.023228422
997.0,997.0,0.012235216
998.0,998.0,0.01133609
999.0,999.0,0.47455838
1000.0,1000.0,0.016028287
1001.0,1001.0,0.82948756
1002.0,1002.0,0.40067416
1003.0,1003.0,0.039382942
1004.0,1004.0,0.012369023
1005.0,1005.0,0.08483902
1006.0,1006.0,0.0046288446
1007.0,1007.0,0.9128361
1008.0,1008.0,0.058883127
1009.0,1009.0,0.4384822
1010.0,1010.0,0.07391064
1011.0,1011.0,0.097334825
1012.0,1012.0,0.147162
1013.0,1013.0,0.002436617
1014.0,1014.0,0.00812493
1015.0,1015.0,0.58752006
1016.0,1016.0,0.65897506
1017.0,1017.0,0.70511115
1018.0,1018.0,0.7567653
1019.0,1019.0,0.22948086
1020.0,1020.0,0.5072595
1021.0,1021.0,0.011344505
1022.0,1022.0,0.056724727
1023.0,1023.0,0.043577567
1024.0,1024.0,0.016908944
1025.0,1025.0,0.855162
1026.0,1026.0,0.163124
1027.0,1027.0,0.7983961
1028.0,1028.0,0.16892903
1029.0,1029.0,0.52968484
1030.0,1030.0,0.11056995
1031.0,1031.0,0.68718225
1032.0,1032.0,0.01563229
1033.0,1033.0,0.75258696
1034.0,1034.0,0.9176046
1035.0,1035.0,0.012337832
1036.0,1036.0,0.073899865
1037.0,1037.0,0.13688889
1038.0,1038.0,0.24977899
1039.0,1039.0,0.009413565
1040.0,1040.0,0.43661523
1041.0,1041.0,0.26531282
1042.0,1042.0,0.07207857
1043.0,1043.0,0.014762351
1044.0,1044.0,0.85957444
1045.0,1045.0,0.65325874
1046.0,1046.0,0.5162561
1047.0,1047.0,0.008521495
1048.0,1048.0,0.25899976
1049.0,1049.0,0.067504704
1050.0,1050.0,0.07279317
1051.0,1051.0,0.17275867
1052.0,1052.0,0.48174703
1053.0,1053.0,0.5463409
1054.0,1054.0,0.03145711
1055.0,1055.0,0.23848963
1056.0,1056.0,0.41952452
1057.0,1057.0,0.011524475
1058.0,1058.0,0.5751746
1059.0,1059.0,0.16191864
1060.0,1060.0,0.60484135
1061.0,1061.0,0.34487173
1062.0,1062.0,0.022282375
1063.0,1063.0,0.69464034
1064.0,1064.0,0.49979174
1065.0,1065.0,0.112456664
1066.0,1066.0,0.21513277
1067.0,1067.0,0.8773496
1068.0,1068.0,0.63849664
1069.0,1069.0,0.4226869
1070.0,1070.0,0.086919434
1071.0,1071.0,0.009346746
1072.0,1072.0,0.56727797
1073.0,1073.0,0.7143159
1074.0,1074.0,0.051086266
1075.0,1075.0,0.019943062
1076.0,1076.0,0.0021756485
1077.0,1077.0,0.0018927519
1078.0,1078.0,0.003398968
1079.0,1079.0,0.1485045
1080.0,1080.0,0.65761214
1081.0,1081.0,0.0022761228
1082.0,1082.0,0.7338723
1083.0,1083.0,0.010784543
1084.0,1084.0,0.27475014
1085.0,1085.0,0.0022307658
1086.0,1086.0,0.0048770253
1087.0,1087.0,0.44455874
1088.0,1088.0,0.18645537
1089.0,1089.0,0.015997855
1090.0,1090.0,0.016260764
1091.0,1091.0,0.3632019
1092.0,1092.0,0.0109981
1093.0,1093.0,0.22455624
1094.0,1094.0,0.076024756
1095.0,1095.0,0.09351635
1096.0,1096.0,0.3792773
1097.0,1097.0,0.08501224
1098.0,1098.0,0.15850483
1099.0,1099.0,0.02218229
1100.0,1100.0,0.016992183
1101.0,1101.0,0.7186266
1102.0,1102.0,0.06291681
1103.0,1103.0,0.80016804
1104.0,1104.0,0.3040334
1105.0,1105.0,0.53861207
1106.0,1106.0,0.020371653
1107.0,1107.0,0.2886064
1108.0,1108.0,0.35302538
1109.0,1109.0,0.7641438
1110.0,1110.0,0.27140978
1111.0,1111.0,0.22925882
1112.0,1112.0,0.49690244
1113.0,1113.0,0.0046798214
1114.0,1114.0,0.20948745
1115.0,1115.0,0.06215091
1116.0,1116.0,0.29796737
1117.0,1117.0,0.0010248986
1118.0,1118.0,0.0025950859
1119.0,1119.0,0.0035155343
1120.0,1120.0,0.018767713
1121.0,1121.0,0.0881404
1122.0,1122.0,0.52760524
1123.0,1123.0,0.10155387
1124.0,1124.0,0.026155237
1125.0,1125.0,0.021846557
1126.0,1126.0,0.64475465
1127.0,1127.0,0.004914792
1128.0,1128.0,0.7683832
1129.0,1129.0,0.039350156
1130.0,1130.0,0.020644082
1131.0,1131.0,0.24351916
1132.0,1132.0,0.53220266
1133.0,1133.0,0.024516603
1134.0,1134.0,0.1987336
1135.0,1135.0,0.0030912235
1136.0,1136.0,0.49148506
1137.0,1137.0,0.6595261
1138.0,1138.0,0.24442223
1139.0,1139.0,0.71047854
1140.0,1140.0,0.20212908
1141.0,1141.0,0.01951246
1142.0,1142.0,0.013682056
1143.0,1143.0,0.019894337
1144.0,1144.0,0.02726151
1145.0,1145.0,0.002801261
1146.0,1146.0,0.12630263
1147.0,1147.0,0.034185912
1148.0,1148.0,0.709806
1149.0,1149.0,0.0059237294
1150.0,1150.0,0.011947624
1151.0,1151.0,0.7096712
1152.0,1152.0,0.028771138
1153.0,1153.0,0.68274564
1154.0,1154.0,0.1196118
1155.0,1155.0,0.7301382
1156.0,1156.0,0.033885993
1157.0,1157.0,0.8883664
1158.0,1158.0,0.007124226
1159.0,1159.0,0.008373678
1160.0,1160.0,0.84895647
1161.0,1161.0,0.2931783
1162.0,1162.0,0.17031278
1163.0,1163.0,0.6166816
1164.0,1164.0,0.53368545
1165.0,1165.0,0.81359553
1166.0,1166.0,0.10428979
1167.0,1167.0,0.022611268
1168.0,1168.0,0.0772462
1169.0,1169.0,0.6770104
1170.0,1170.0,0.0017667206
1171.0,1171.0,0.57655215
1172.0,1172.0,0.118560866
1173.0,1173.0,0.14684065
1174.0,1174.0,0.0026495487
1175.0,1175.0,0.10027694
1176.0,1176.0,0.5201526
1177.0,1177.0,0.07917345
1178.0,1178.0,0.014533635
1179.0,1179.0,0.60243315
1180.0,1180.0,0.030402869
1181.0,1181.0,0.91047615
1182.0,1182.0,0.14355862
1183.0,1183.0,0.02110362
1184.0,1184.0,0.0025103244
1185.0,1185.0,0.543644
1186.0,1186.0,0.003860143
1187.0,1187.0,0.74393195
1188.0,1188.0,0.47283593
1189.0,1189.0,0.0018005632
1190.0,1190.0,0.012712197
1191.0,1191.0,0.15898429
1192.0,1192.0,0.24210319
1193.0,1193.0,0.30800885
1194.0,1194.0,0.1146812
1195.0,1195.0,0.017122282
1196.0,1196.0,0.2613222
1197.0,1197.0,0.020542225
1198.0,1198.0,0.44144747
1199.0,1199.0,0.8802409
1200.0,1200.0,0.7806681
1201.0,1201.0,0.764027
1202.0,1202.0,0.76967555
1203.0,1203.0,0.9160078
1204.0,1204.0,0.7817026
1205.0,1205.0,0.002405892
1206.0,1206.0,0.122207955
1207.0,1207.0,0.099534295
1208.0,1208.0,0.013125317
1209.0,1209.0,0.35019368
1210.0,1210.0,0.21353254
1211.0,1211.0,0.44041917
1212.0,1212.0,0.16028115
1213.0,1213.0,0.3789339
1214.0,1214.0,0.039258357
1215.0,1215.0,0.9457716
1216.0,1216.0,0.0019342097
1217.0,1217.0,0.017563088
1218.0,1218.0,0.7035024
1219.0,1219.0,0.7203976
1220.0,1220.0,0.41228512
1221.0,1221.0,0.5973679
1222.0,1222.0,0.0024692386
1223.0,1223.0,0.69775754
1224.0,1224.0,0.9190721
1225.0,1225.0,0.73315257
1226.0,1226.0,0.4316891
1227.0,1227.0,0.00994941
1228.0,1228.0,0.17158057
1229.0,1229.0,0.0042645377
1230.0,1230.0,0.018789286
1231.0,1231.0,0.7184907
1232.0,1232.0,0.5944729
1233.0,1233.0,0.09251615
1234.0,1234.0,0.027070137
1235.0,1235.0,0.5060291
1236.0,1236.0,0.013116611
1237.0,1237.0,0.105167836
1238.0,1238.0,0.007580919
1239.0,1239.0,0.5673477
1240.0,1240.0,0.8156669
1241.0,1241.0,0.5180752
1242.0,1242.0,0.5264663
1243.0,1243.0,0.11920449
1244.0,1244.0,0.057386614
1245.0,1245.0,0.07193856
1246.0,1246.0,0.5538496
1247.0,1247.0,0.7583909
1248.0,1248.0,0.7751187
1249.0,1249.0,0.0020746326
1250.0,1250.0,0.0031148782
1251.0,1251.0,0.017320195
1252.0,1252.0,0.023703061
1253.0,1253.0,0.0021306872
1254.0,1254.0,0.72126335
1255.0,1255.0,0.0019472642
1256.0,1256.0,0.62986284
1257.0,1257.0,0.6971216
1258.0,1258.0,0.18881235
1259.0,1259.0,0.20148961
1260.0,1260.0,0.0025602775
1261.0,1261.0,0.1309907
1262.0,1262.0,0.21061213
1263.0,1263.0,0.65118444
1264.0,1264.0,0.30563292
1265.0,1265.0,0.78285974
1266.0,1266.0,0.8480889
1267.0,1267.0,0.027345028
1268.0,1268.0,0.49671844
1269.0,1269.0,0.014389569
1270.0,1270.0,0.5495276
1271.0,1271.0,0.008788319
1272.0,1272.0,0.6955718
1273.0,1273.0,0.037851796
1274.0,1274.0,0.40216455
1275.0,1275.0,0.0065305904
1276.0,1276.0,0.79984397
1277.0,1277.0,0.032087624
1278.0,1278.0,0.8175119
1279.0,1279.0,0.07916283
1280.0,1280.0,0.027262608
1281.0,1281.0,0.023699408
1282.0,1282.0,0.30931255
1283.0,1283.0,0.45010293
1284.0,1284.0,0.0041096564
1285.0,1285.0,0.01998585
1286.0,1286.0,0.011351575
1287.0,1287.0,0.65408915
1288.0,1288.0,0.12786952
1289.0,1289.0,0.03198348
1290.0,1290.0,0.0046742274
1291.0,1291.0,0.43460578
1292.0,1292.0,0.6321136
1293.0,1293.0,0.003152879
1294.0,1294.0,0.009214917
1295.0,1295.0,0.010843616
1296.0,1296.0,0.8198489
1297.0,1297.0,0.78532064
1298.0,1298.0,0.031635243
1299.0,1299.0,0.7474811
1300.0,1300.0,0.16355474
1301.0,1301.0,0.042709548
1302.0,1302.0,0.76462775
1303.0,1303.0,0.010129292
1304.0,1304.0,0.003856572
1305.0,1305.0,0.281474
1306.0,1306.0,0.62550086
1307.0,1307.0,0.0029325897
1308.0,1308.0,0.5860949
1309.0,1309.0,0.019161168
1310.0,1310.0,0.75272375
1311.0,1311.0,0.8446289
1312.0,1312.0,0.0030037505
1313.0,1313.0,0.82441473
1314.0,1314.0,0.0126752155
1315.0,1315.0,0.6721342
1316.0,1316.0,0.010464629
1317.0,1317.0,0.012675184
1318.0,1318.0,0.16949816
1319.0,1319.0,0.281339
1320.0,1320.0,0.26154143
1321.0,1321.0,0.6592677
1322.0,1322.0,0.4795435
1323.0,1323.0,0.10028022
1324.0,1324.0,0.29021508
1325.0,1325.0,0.46794266
1326.0,1326.0,0.7246453
1327.0,1327.0,0.5577945
1328.0,1328.0,0.008452009
1329.0,1329.0,0.4672853
1330.0,1330.0,0.440784
1331.0,1331.0,0.12826858
1332.0,1332.0,0.112664565
1333.0,1333.0,0.008717588
1334.0,1334.0,0.0030761631
1335.0,1335.0,0.014370091
1336.0,1336.0,0.67718077
1337.0,1337.0,0.0056329984
1338.0,1338.0,0.002076262
1339.0,1339.0,0.12303976
1340.0,1340.0,0.065869935
1341.0,1341.0,0.716288
1342.0,1342.0,0.020366913
1343.0,1343.0,0.12422819
1344.0,1344.0,0.13603605
1345.0,1345.0,0.7547371
1346.0,1346.0,0.0031292124
1347.0,1347.0,0.009406516
1348.0,1348.0,0.12332475
1349.0,1349.0,0.37132895
1350.0,1350.0,0.578251
1351.0,1351.0,0.40828362
1352.0,1352.0,0.19344991
1353.0,1353.0,0.015827162
1354.0,1354.0,0.755739
1355.0,1355.0,0.6726782
1356.0,1356.0,0.33275834
1357.0,1357.0,0.024612904
1358.0,1358.0,0.0024991534
1359.0,1359.0,0.027425513
1360.0,1360.0,0.009160222
1361.0,1361.0,0.9311678
1362.0,1362.0,0.0014381075
1363.0,1363.0,0.009110155
1364.0,1364.0,0.2965088
1365.0,1365.0,0.025768107
1366.0,1366.0,0.6970816
1367.0,1367.0,0.5594245
1368.0,1368.0,0.13913436
1369.0,1369.0,0.028614432
1370.0,1370.0,0.01644533
1371.0,1371.0,0.06609481
1372.0,1372.0,0.51555085
1373.0,1373.0,0.00363529
1374.0,1374.0,0.13158011
1375.0,1375.0,0.5552529
1376.0,1376.0,0.002796281
1377.0,1377.0,0.086285956
1378.0,1378.0,0.12845021
1379.0,1379.0,0.15322073
1380.0,1380.0,0.014693328
1381.0,1381.0,0.002604909
1382.0,1382.0,0.23478056
1383.0,1383.0,0.6596118
1384.0,1384.0,0.7663889
1385.0,1385.0,0.024465939
1386.0,1386.0,0.026936755
1387.0,1387.0,0.0132995
1388.0,1388.0,0.28219518
1389.0,1389.0,0.12490235
1390.0,1390.0,0.3174477
1391.0,1391.0,0.5090256
1392.0,1392.0,0.31713852
1393.0,1393.0,0.0025507435
1394.0,1394.0,0.0852074
1395.0,1395.0,0.010238114
1396.0,1396.0,0.70873684
1397.0,1397.0,0.0034431953
1398.0,1398.0,0.018546553
1399.0,1399.0,0.01521955
1400.0,1400.0,0.08539533
1401.0,1401.0,0.0035817926
1402.0,1402.0,0.704334
1403.0,1403.0,0.0029480602
1404.0,1404.0,0.027602857
1405.0,1405.0,0.068803445
1406.0,1406.0,0.7319794
1407.0,1407.0,0.009142374
1408.0,1408.0,0.007153198
1409.0,1409.0,0.25479236
1410.0,1410.0,0.05789913
1411.0,1411.0,0.012957425
1412.0,1412.0,0.5548749
1413.0,1413.0,0.51155525
1414.0,1414.0,0.637058
1415.0,1415.0,0.78073484
1416.0,1416.0,0.016582659
1417.0,1417.0,0.5891562
1418.0,1418.0,0.5432151
1419.0,1419.0,0.016706768
1420.0,1420.0,0.6893623
1421.0,1421.0,0.11762044
1422.0,1422.0,0.050637897
1423.0,1423.0,0.4539532
1424.0,1424.0,0.54728484
1425.0,1425.0,0.23298976
1426.0,1426.0,0.87268287
1427.0,1427.0,0.7488289
1428.0,1428.0,0.35935253
1429.0,1429.0,0.41775462
1430.0,1430.0,0.11367996
1431.0,1431.0,0.7720415
1432.0,1432.0,0.7714307
1433.0,1433.0,0.7935132
1434.0,1434.0,0.282463
1435.0,1435.0,0.5194553
1436.0,1436.0,0.6228439
1437.0,1437.0,0.0036729902
1438.0,1438.0,0.4827212
1439.0,1439.0,0.027872497
1440.0,1440.0,0.41873163
1441.0,1441.0,0.39517087
1442.0,1442.0,0.022086756
1443.0,1443.0,0.12332896
1444.0,1444.0,0.026460154
1445.0,1445.0,0.009829563
1446.0,1446.0,0.3539532
1447.0,1447.0,0.43235508
1448.0,1448.0,0.0107899485
1449.0,1449.0,0.6261579
1450.0,1450.0,0.0031482212
1451.0,1451.0,0.2766846
1452.0,1452.0,0.032554664
1453.0,1453.0,0.45782194
1454.0,1454.0,0.008508394
1455.0,1455.0,0.5434922
1456.0,1456.0,0.02398572
1457.0,1457.0,0.02817192
1458.0,1458.0,0.26531282
1459.0,1459.0,0.067857824
1460.0,1460.0,0.5114819
1461.0,1461.0,0.11266839
1462.0,1462.0,0.0021735886
1463.0,1463.0,0.0075003863
1464.0,1464.0,0.014751329
1465.0,1465.0,0.458781
1466.0,1466.0,0.018505115
1467.0,1467.0,0.0048586237
1468.0,1468.0,0.56299275
1469.0,1469.0,0.6954117
1470.0,1470.0,0.7244893
1471.0,1471.0,0.025837097
1472.0,1472.0,0.5628976
1473.0,1473.0,0.67140985
1474.0,1474.0,0.67088825
1475.0,1475.0,0.27489445
1476.0,1476.0,0.37816522
1477.0,1477.0,0.01018025
1478.0,1478.0,0.07039117
1479.0,1479.0,0.7934588
1480.0,1480.0,0.012304651
1481.0,1481.0,0.4736622
1482.0,1482.0,0.0015150127
1483.0,1483.0,0.45159298
1484.0,1484.0,0.061909296
1485.0,1485.0,0.8606156
1486.0,1486.0,0.06614251
1487.0,1487.0,0.034881238
1488.0,1488.0,0.103350505
1489.0,1489.0,0.06433027
1490.0,1490.0,0.0219622
1491.0,1491.0,0.5331699
1492.0,1492.0,0.18227223
1493.0,1493.0,0.02392182
1494.0,1494.0,0.7744226
1495.0,1495.0,0.49278274
1496.0,1496.0,0.18908562
1497.0,1497.0,0.0075076795
1498.0,1498.0,0.49999037
1499.0,1499.0,0.09989511
1500.0,1500.0,0.17506433
1501.0,1501.0,0.46928957
1502.0,1502.0,0.14035816
1503.0,1503.0,0.57571167
1504.0,1504.0,0.019286329
1505.0,1505.0,0.03601635
1506.0,1506.0,0.83245444
1507.0,1507.0,0.6587021
1508.0,1508.0,0.022761215
1509.0,1509.0,0.6098537
1510.0,1510.0,0.0080945315
1511.0,1511.0,0.5149851
1512.0,1512.0,0.01256467
1513.0,1513.0,0.69992584
1514.0,1514.0,0.011678873
1515.0,1515.0,0.002408248
1516.0,1516.0,0.0025651527
1517.0,1517.0,0.02976184
1518.0,1518.0,0.6886304
1519.0,1519.0,0.42573783
1520.0,1520.0,0.021108039
1521.0,1521.0,0.0022223955
1522.0,1522.0,0.14622244
1523.0,1523.0,0.22751997
1524.0,1524.0,0.009173308
1525.0,1525.0,0.01811627
1526.0,1526.0,0.8143849
1527.0,1527.0,0.003438988
1528.0,1528.0,0.6305436
1529.0,1529.0,0.15026392
1530.0,1530.0,0.017103983
1531.0,1531.0,0.001488648
1532.0,1532.0,0.0016596956
1533.0,1533.0,0.7293729
1534.0,1534.0,0.5878841
1535.0,1535.0,0.017647881
1536.0,1536.0,0.09692317
1537.0,1537.0,0.52376395
1538.0,1538.0,0.0023090357
1539.0,1539.0,0.09570684
1540.0,1540.0,0.016322885
1541.0,1541.0,0.016070684
1542.0,1542.0,0.75626534
1543.0,1543.0,0.49812678
1544.0,1544.0,0.011350175
1545.0,1545.0,0.82079864
1546.0,1546.0,0.034572918
1547.0,1547.0,0.68826556
1548.0,1548.0,0.0021961685
1549.0,1549.0,0.4876424
1550.0,1550.0,0.5761675
1551.0,1551.0,0.015624141
1552.0,1552.0,0.23125517
1553.0,1553.0,0.191665
1554.0,1554.0,0.0036470145
1555.0,1555.0,0.8285466
1556.0,1556.0,0.71236914
1557.0,1557.0,0.002925739
1558.0,1558.0,0.004094382
1559.0,1559.0,0.17763194
1560.0,1560.0,0.04725653
1561.0,1561.0,0.5695136
1562.0,1562.0,0.16277339
1563.0,1563.0,0.09709003
1564.0,1564.0,0.8119772
1565.0,1565.0,0.36804986
1566.0,1566.0,0.047447324
1567.0,1567.0,0.27532747
1568.0,1568.0,0.5781207
1569.0,1569.0,0.5693138
1570.0,1570.0,0.07904341
1571.0,1571.0,0.050252818
1572.0,1572.0,0.8299555
1573.0,1573.0,0.023370244
1574.0,1574.0,0.5792812
1575.0,1575.0,0.24910651
1576.0,1576.0,0.13224584
1577.0,1577.0,0.23302014
1578.0,1578.0,0.55832946
1579.0,1579.0,0.7928561
1580.0,1580.0,0.64744985
1581.0,1581.0,0.017720666
1582.0,1582.0,0.008058186
1583.0,1583.0,0.1617136
1584.0,1584.0,0.07778089
1585.0,1585.0,0.12541719
1586.0,1586.0,0.24822411
1587.0,1587.0,0.519734
1588.0,1588.0,0.043627553
1589.0,1589.0,0.0020960814
1590.0,1590.0,0.75267
1591.0,1591.0,0.47269374
1592.0,1592.0,0.5676359
1593.0,1593.0,0.5346921
1594.0,1594.0,0.7973542
1595.0,1595.0,0.7040723
1596.0,1596.0,0.002414642
1597.0,1597.0,0.18173185
1598.0,1598.0,0.88487965
1599.0,1599.0,0.026073372
1600.0,1600.0,0.23962235
1601.0,1601.0,0.0037683917
1602.0,1602.0,0.76732767
1603.0,1603.0,0.02007926
1604.0,1604.0,0.12875168
1605.0,1605.0,0.036852654
1606.0,1606.0,0.08590148
1607.0,1607.0,0.6691225
1608.0,1608.0,0.0038910557
1609.0,1609.0,0.03747989
1610.0,1610.0,0.0037548316
1611.0,1611.0,0.31932342
1612.0,1612.0,0.01076926
1613.0,1613.0,0.0051618866
1614.0,1614.0,0.5031304
1615.0,1615.0,0.40665635
1616.0,1616.0,0.060411382
1617.0,1617.0,0.3969362
1618.0,1618.0,0.0033843704
1619.0,1619.0,0.015230048
1620.0,1620.0,0.010161698
1621.0,1621.0,0.176719
1622.0,1622.0,0.678857
1623.0,1623.0,0.31048656
1624.0,1624.0,0.0020664795
1625.0,1625.0,0.40708348
1626.0,1626.0,0.66103595
1627.0,1627.0,0.062217806
1628.0,1628.0,0.7665207
1629.0,1629.0,0.016986413
1630.0,1630.0,0.002833393
1631.0,1631.0,0.010588563
1632.0,1632.0,0.379978
1633.0,1633.0,0.010686442
1634.0,1634.0,0.041345783
1635.0,1635.0,0.6474337
1636.0,1636.0,0.027672332
1637.0,1637.0,0.7917244
1638.0,1638.0,0.1076381
1639.0,1639.0,0.0024845148
1640.0,1640.0,0.43446285
1641.0,1641.0,0.026856214
1642.0,1642.0,0.08039578
1643.0,1643.0,0.012717809
1644.0,1644.0,0.38094366
1645.0,1645.0,0.43978545
1646.0,1646.0,0.43730325
1647.0,1647.0,0.87713057
1648.0,1648.0,0.0029855908
1649.0,1649.0,0.04265923
1650.0,1650.0,0.08065584
1651.0,1651.0,0.021257471
1652.0,1652.0,0.0059895893
1653.0,1653.0,0.4081158
1654.0,1654.0,0.11238528
1655.0,1655.0,0.02105386
1656.0,1656.0,0.10147821
1657.0,1657.0,0.89274323
1658.0,1658.0,0.3652074
1659.0,1659.0,0.13142295
1660.0,1660.0,0.7230308
1661.0,1661.0,0.23813261
1662.0,1662.0,0.5385526
1663.0,1663.0,0.14800619
1664.0,1664.0,0.20245543
1665.0,1665.0,0.7987884
1666.0,1666.0,0.7451546
1667.0,1667.0,0.14189683
1668.0,1668.0,0.1321991
1669.0,1669.0,0.015113969
1670.0,1670.0,0.014873321
1671.0,1671.0,0.0028554753
1672.0,1672.0,0.010957524
1673.0,1673.0,0.0029956894
1674.0,1674.0,0.70835817
1675.0,1675.0,0.13556468
1676.0,1676.0,0.112881064
1677.0,1677.0,0.51014304
1678.0,1678.0,0.16144365
1679.0,1679.0,0.89420605
1680.0,1680.0,0.52544165
1681.0,1681.0,0.24920055
1682.0,1682.0,0.7496944
1683.0,1683.0,0.739755
1684.0,1684.0,0.45205837
1685.0,1685.0,0.11908722
1686.0,1686.0,0.15940271
1687.0,1687.0,0.61323524
1688.0,1688.0,0.69320995
1689.0,1689.0,0.170789
1690.0,1690.0,0.73107314
1691.0,1691.0,0.3918369
1692.0,1692.0,0.17441665
1693.0,1693.0,0.5310526
1694.0,1694.0,0.2680608
1695.0,1695.0,0.042360377
1696.0,1696.0,0.019251062
1697.0,1697.0,0.62208307
1698.0,1698.0,0.3426355
1699.0,1699.0,0.0027585244
1700.0,1700.0,0.022013593
1701.0,1701.0,0.40699703
1702.0,1702.0,0.16221286
1703.0,1703.0,0.042643897
1704.0,1704.0,0.6582756
1705.0,1705.0,0.05526648
1706.0,1706.0,0.82589746
1707.0,1707.0,0.0139582595
1708.0,1708.0,0.9819333
1709.0,1709.0,0.19210216
1710.0,1710.0,0.047241487
1711.0,1711.0,0.71602774
1712.0,1712.0,0.014529752
1713.0,1713.0,0.0105946
1714.0,1714.0,0.12598673
1715.0,1715.0,0.19372326
1716.0,1716.0,0.018266838
1717.0,1717.0,0.2235072
1718.0,1718.0,0.7171347
1719.0,1719.0,0.6573922
1720.0,1720.0,0.0975521
1721.0,1721.0,0.0018184512
1722.0,1722.0,0.42514178
1723.0,1723.0,0.01985254
1724.0,1724.0,0.031469874
1725.0,1725.0,0.58791137
1726.0,1726.0,0.21805725
1727.0,1727.0,0.04113016
1728.0,1728.0,0.00355317
1729.0,1729.0,0.100975014
1730.0,1730.0,0.29560524
1731.0,1731.0,0.3786904
1732.0,1732.0,0.052000057
1733.0,1733.0,0.070535086
1734.0,1734.0,0.73610973
1735.0,1735.0,0.2174722
1736.0,1736.0,0.021934208
1737.0,1737.0,0.013647858
1738.0,1738.0,0.0016751649
1739.0,1739.0,0.8294214
1740.0,1740.0,0.023869606
1741.0,1741.0,0.5688886
1742.0,1742.0,0.0036743407
1743.0,1743.0,0.0040967744
1744.0,1744.0,0.0037754166
1745.0,1745.0,0.373669
1746.0,1746.0,0.21937102
1747.0,1747.0,0.7317261
1748.0,1748.0,0.5578361
1749.0,1749.0,0.100908935
1750.0,1750.0,0.001809229
1751.0,1751.0,0.040770743
1752.0,1752.0,0.064459056
1753.0,1753.0,0.0064701918
1754.0,1754.0,0.01107073
1755.0,1755.0,0.08490777
1756.0,1756.0,0.00944932
1757.0,1757.0,0.8442441
1758.0,1758.0,0.0033105123
1759.0,1759.0,0.763902
1760.0,1760.0,0.21561009
1761.0,1761.0,0.72143745
1762.0,1762.0,0.017076397
1763.0,1763.0,0.7321436
1764.0,1764.0,0.78986347
1765.0,1765.0,0.10072149
1766.0,1766.0,0.58131486
1767.0,1767.0,0.11501577
1768.0,1768.0,0.70175064
1769.0,1769.0,0.5634151
1770.0,1770.0,0.037425406
1771.0,1771.0,0.002150783
1772.0,1772.0,0.0116525255
1773.0,1773.0,0.018256651
1774.0,1774.0,0.3967706
1775.0,1775.0,0.024996115
1776.0,1776.0,0.6948799
1777.0,1777.0,0.6439046
