x,y,species_2 cloglog values
1.0,1.0,0.5703845
2.0,2.0,0.634484
3.0,3.0,0.62332046
4.0,4.0,0.71006644
5.0,5.0,0.72502893
6.0,6.0,0.5054479
7.0,7.0,0.5362176
8.0,8.0,0.6871163
9.0,9.0,0.6034806
10.0,10.0,0.5159135
11.0,11.0,0.546889
12.0,12.0,0.7038998
13.0,13.0,0.64331347
14.0,14.0,0.48343235
15.0,15.0,0.5986618
16.0,16.0,0.5626294
17.0,17.0,0.7151927
18.0,18.0,0.7262999
19.0,19.0,0.8151433
20.0,20.0,0.6670095
21.0,21.0,0.7022065
22.0,22.0,0.65048546
23.0,23.0,0.6383267
24.0,24.0,0.62354356
25.0,25.0,0.48668614
26.0,26.0,0.42337725
27.0,27.0,0.6651843
28.0,28.0,0.65827525
29.0,29.0,0.6613875
30.0,30.0,0.6892579
31.0,31.0,0.6738994
32.0,32.0,0.6694425
33.0,33.0,0.71656716
34.0,34.0,0.61023533
35.0,35.0,0.6678587
36.0,36.0,0.7083026
37.0,37.0,0.8167034
38.0,38.0,0.6719477
39.0,39.0,0.7295596
40.0,40.0,0.56156796
41.0,41.0,0.6680316
42.0,42.0,0.579203
43.0,43.0,0.46801132
44.0,44.0,0.69026226
45.0,45.0,0.6963219
46.0,46.0,0.6366928
47.0,47.0,0.48231593
48.0,48.0,0.5459041
49.0,49.0,0.54429734
50.0,50.0,0.6145855
51.0,51.0,0.5906152
52.0,52.0,0.5643789
53.0,53.0,0.5654326
54.0,54.0,0.7276924
55.0,55.0,0.6402113
56.0,56.0,0.67823493
57.0,57.0,0.6832559
58.0,58.0,0.5460882
59.0,59.0,0.4967251
60.0,60.0,0.622087
61.0,61.0,0.66515845
62.0,62.0,0.6920311
63.0,63.0,0.42033073
64.0,64.0,0.535128
65.0,65.0,0.69049394
66.0,66.0,0.6022017
67.0,67.0,0.57742864
68.0,68.0,0.53427404
69.0,69.0,0.6301347
70.0,70.0,0.6806775
71.0,71.0,0.6204791
72.0,72.0,0.652356
73.0,73.0,0.64481467
74.0,74.0,0.6684118
75.0,75.0,0.7090655
76.0,76.0,0.5368683
77.0,77.0,0.6640124
78.0,78.0,0.65827596
79.0,79.0,0.6707461
80.0,80.0,0.46394527
81.0,81.0,0.66434693
82.0,82.0,0.6360163
83.0,83.0,0.65059555
84.0,84.0,0.6152989
85.0,85.0,0.6877041
86.0,86.0,0.52022225
87.0,87.0,0.5516597
88.0,88.0,0.82132214
89.0,89.0,0.49795532
90.0,90.0,0.47886264
91.0,91.0,0.50740397
92.0,92.0,0.5030375
93.0,93.0,0.73892105
94.0,94.0,0.6660529
95.0,95.0,0.48613885
96.0,96.0,0.46026698
97.0,97.0,0.78091985
98.0,98.0,0.6689813
99.0,99.0,0.3760366
100.0,100.0,0.6435564
101.0,101.0,0.46389514
102.0,102.0,0.562519
103.0,103.0,0.47850704
104.0,104.0,0.44646364
105.0,105.0,0.50723785
106.0,106.0,0.57407725
107.0,107.0,0.6063658
108.0,108.0,0.7104446
109.0,109.0,0.6895739
110.0,110.0,0.473239
111.0,111.0,0.69101053
112.0,112.0,0.6711715
113.0,113.0,0.5768885
114.0,114.0,0.5920467
115.0,115.0,0.6566521
116.0,116.0,0.4425613
117.0,117.0,0.4412608
118.0,118.0,0.6651409
119.0,119.0,0.6700099
120.0,120.0,0.6226608
121.0,121.0,0.5114281
122.0,122.0,0.7354339
123.0,123.0,0.5296467
124.0,124.0,0.55377394
125.0,125.0,0.5539149
126.0,126.0,0.661352
127.0,127.0,0.62456477
128.0,128.0,0.5964055
129.0,129.0,0.71103054
130.0,130.0,0.64946526
131.0,131.0,0.6458903
132.0,132.0,0.47012594
133.0,133.0,0.71760297
134.0,134.0,0.602646
135.0,135.0,0.63850117
136.0,136.0,0.56724554
137.0,137.0,0.63960844
138.0,138.0,0.5060045
139.0,139.0,0.6467732
140.0,140.0,0.57830113
141.0,141.0,0.558653
142.0,142.0,0.6650261
143.0,143.0,0.55042815
144.0,144.0,0.6520258
145.0,145.0,0.50553715
146.0,146.0,0.42830837
147.0,147.0,0.6838787
148.0,148.0,0.558675
149.0,149.0,0.731479
150.0,150.0,0.47183198
151.0,151.0,0.64688945
152.0,152.0,0.66482466
153.0,153.0,0.52778584
154.0,154.0,0.70316195
155.0,155.0,0.56815904
156.0,156.0,0.51608074
157.0,157.0,0.6813953
158.0,158.0,0.5377237
159.0,159.0,0.6975331
160.0,160.0,0.54356694
161.0,161.0,0.48729634
162.0,162.0,0.5188926
163.0,163.0,0.49261102
164.0,164.0,0.6213843
165.0,165.0,0.44582847
166.0,166.0,0.6068955
167.0,167.0,0.5942303
168.0,168.0,0.45442855
169.0,169.0,0.59562016
170.0,170.0,0.60803753
171.0,171.0,0.7071979
172.0,172.0,0.5314533
173.0,173.0,0.4276599
174.0,174.0,0.45869827
175.0,175.0,0.5362576
176.0,176.0,0.6958571
177.0,177.0,0.70598596
178.0,178.0,0.5497604
179.0,179.0,0.6843546
180.0,180.0,0.61864424
181.0,181.0,0.62953293
182.0,182.0,0.45532697
183.0,183.0,0.5830067
184.0,184.0,0.65559465
185.0,185.0,0.6905143
186.0,186.0,0.5411501
187.0,187.0,0.7063526
188.0,188.0,0.58655024
189.0,189.0,0.64647925
190.0,190.0,0.48749295
191.0,191.0,0.6329562
192.0,192.0,0.8401054
193.0,193.0,0.62305456
194.0,194.0,0.71005756
195.0,195.0,0.6756266
196.0,196.0,0.60631406
197.0,197.0,0.50056404
198.0,198.0,0.5212031
199.0,199.0,0.5539985
200.0,200.0,0.48667145
201.0,201.0,0.62244606
202.0,202.0,0.5166427
203.0,203.0,0.58534575
204.0,204.0,0.5938363
205.0,205.0,0.54984146
206.0,206.0,0.59995204
207.0,207.0,0.57896787
208.0,208.0,0.51479065
209.0,209.0,0.4915745
210.0,210.0,0.726679
211.0,211.0,0.832472
212.0,212.0,0.7375924
213.0,213.0,0.43135583
214.0,214.0,0.6959518
215.0,215.0,0.41113144
216.0,216.0,0.5145101
217.0,217.0,0.6470671
218.0,218.0,0.5245494
219.0,219.0,0.64410675
220.0,220.0,0.695623
221.0,221.0,0.6004281
222.0,222.0,0.68651634
223.0,223.0,0.42565283
224.0,224.0,0.6795468
225.0,225.0,0.6725476
226.0,226.0,0.4268932
227.0,227.0,0.5003641
228.0,228.0,0.69058746
229.0,229.0,0.6795206
230.0,230.0,0.43504605
231.0,231.0,0.64116997
232.0,232.0,0.5684217
233.0,233.0,0.71406233
234.0,234.0,0.69392014
235.0,235.0,0.69871396
236.0,236.0,0.689664
237.0,237.0,0.571347
238.0,238.0,0.64295024
239.0,239.0,0.43195537
240.0,240.0,0.7192141
241.0,241.0,0.6002451
242.0,242.0,0.4870225
243.0,243.0,0.5944146
244.0,244.0,0.6880793
245.0,245.0,0.62469673
246.0,246.0,0.70133084
247.0,247.0,0.5038962
248.0,248.0,0.47822678
249.0,249.0,0.42514366
250.0,250.0,0.6900898
251.0,251.0,0.41598967
252.0,252.0,0.69330597
253.0,253.0,0.4665342
254.0,254.0,0.5872524
255.0,255.0,0.52606654
256.0,256.0,0.7016554
257.0,257.0,0.65513146
258.0,258.0,0.6638983
259.0,259.0,0.64448345
260.0,260.0,0.5486926
261.0,261.0,0.611779
262.0,262.0,0.65789527
263.0,263.0,0.57439065
264.0,264.0,0.63330734
265.0,265.0,0.64981276
266.0,266.0,0.680913
267.0,267.0,0.68734515
268.0,268.0,0.46322647
269.0,269.0,0.613561
270.0,270.0,0.712901
271.0,271.0,0.65889287
272.0,272.0,0.6632128
273.0,273.0,0.42318562
274.0,274.0,0.5557482
275.0,275.0,0.63728684
276.0,276.0,0.44386485
277.0,277.0,0.64313054
278.0,278.0,0.520316
279.0,279.0,0.593802
280.0,280.0,0.5062717
281.0,281.0,0.4312431
282.0,282.0,0.65734714
283.0,283.0,0.60740113
284.0,284.0,0.4701861
285.0,285.0,0.6961291
286.0,286.0,0.5603875
287.0,287.0,0.42057052
288.0,288.0,0.54974735
289.0,289.0,0.6569758
290.0,290.0,0.5124347
291.0,291.0,0.47440407
292.0,292.0,0.69653845
293.0,293.0,0.5124326
294.0,294.0,0.64468795
295.0,295.0,0.63989943
296.0,296.0,0.6518072
297.0,297.0,0.66916823
298.0,298.0,0.473051
299.0,299.0,0.7154277
300.0,300.0,0.4605488
301.0,301.0,0.4565755
302.0,302.0,0.65045
303.0,303.0,0.48022157
304.0,304.0,0.589123
305.0,305.0,0.5553085
306.0,306.0,0.485309
307.0,307.0,0.63330734
308.0,308.0,0.6677532
309.0,309.0,0.69306284
310.0,310.0,0.68404335
311.0,311.0,0.6651843
312.0,312.0,0.48879108
313.0,313.0,0.7088395
314.0,314.0,0.43151274
315.0,315.0,0.42584598
316.0,316.0,0.55503297
317.0,317.0,0.6435965
318.0,318.0,0.5443461
319.0,319.0,0.52511615
320.0,320.0,0.7140667
321.0,321.0,0.5712322
322.0,322.0,0.65661734
323.0,323.0,0.67834145
324.0,324.0,0.6872192
325.0,325.0,0.51898795
326.0,326.0,0.5091711
327.0,327.0,0.6794398
328.0,328.0,0.5302209
329.0,329.0,0.62046725
330.0,330.0,0.4769055
331.0,331.0,0.60464364
332.0,332.0,0.5322724
333.0,333.0,0.61464906
334.0,334.0,0.68206894
335.0,335.0,0.5121547
336.0,336.0,0.5509865
337.0,337.0,0.6871948
338.0,338.0,0.46710777
339.0,339.0,0.6605302
340.0,340.0,0.61810225
341.0,341.0,0.50072527
342.0,342.0,0.50767756
343.0,343.0,0.542073
344.0,344.0,0.5270249
345.0,345.0,0.5931583
346.0,346.0,0.6888071
347.0,347.0,0.5310658
348.0,348.0,0.5662781
349.0,349.0,0.54723084
350.0,350.0,0.7114782
351.0,351.0,0.68163586
352.0,352.0,0.49105805
353.0,353.0,0.59809667
354.0,354.0,0.64412636
355.0,355.0,0.7051878
356.0,356.0,0.83077085
357.0,357.0,0.61418444
358.0,358.0,0.6363077
359.0,359.0,0.47751865
360.0,360.0,0.60815144
361.0,361.0,0.67443955
362.0,362.0,0.6480035
363.0,363.0,0.6722497
364.0,364.0,0.7084909
365.0,365.0,0.4620659
366.0,366.0,0.6609559
367.0,367.0,0.6860973
368.0,368.0,0.6328242
369.0,369.0,0.42445877
370.0,370.0,0.5491041
371.0,371.0,0.7136484
372.0,372.0,0.7008442
373.0,373.0,0.7152084
374.0,374.0,0.67886573
375.0,375.0,0.60757816
376.0,376.0,0.6544597
377.0,377.0,0.6658688
378.0,378.0,0.5843541
379.0,379.0,0.4899761
380.0,380.0,0.69863576
381.0,381.0,0.55737346
382.0,382.0,0.5454874
383.0,383.0,0.5386143
384.0,384.0,0.5073982
385.0,385.0,0.43536133
386.0,386.0,0.63856214
387.0,387.0,0.7292497
388.0,388.0,0.42307878
389.0,389.0,0.6336015
390.0,390.0,0.4651659
391.0,391.0,0.5239689
392.0,392.0,0.6538143
393.0,393.0,0.5564615
394.0,394.0,0.74973696
395.0,395.0,0.6236051
396.0,396.0,0.48648223
397.0,397.0,0.736268
398.0,398.0,0.43161008
399.0,399.0,0.704319
400.0,400.0,0.6489062
401.0,401.0,0.58829033
402.0,402.0,0.69591105
403.0,403.0,0.83138657
404.0,404.0,0.65218335
405.0,405.0,0.5728031
406.0,406.0,0.5191738
407.0,407.0,0.41107345
408.0,408.0,0.61285883
409.0,409.0,0.5129903
410.0,410.0,0.5542365
411.0,411.0,0.48536667
412.0,412.0,0.52447844
413.0,413.0,0.56196123
414.0,414.0,0.6798122
415.0,415.0,0.70199555
416.0,416.0,0.6940677
417.0,417.0,0.5649445
418.0,418.0,0.6132741
419.0,419.0,0.6405626
420.0,420.0,0.7696662
421.0,421.0,0.6278197
422.0,422.0,0.5049904
423.0,423.0,0.5190436
424.0,424.0,0.564349
425.0,425.0,0.62723505
426.0,426.0,0.60525674
427.0,427.0,0.59593785
428.0,428.0,0.6823416
429.0,429.0,0.61605775
430.0,430.0,0.63586795
431.0,431.0,0.44988889
432.0,432.0,0.49078542
433.0,433.0,0.66543496
434.0,434.0,0.564349
435.0,435.0,0.7028784
436.0,436.0,0.59497267
437.0,437.0,0.65536714
438.0,438.0,0.6793341
439.0,439.0,0.6269611
440.0,440.0,0.74002767
441.0,441.0,0.69942266
442.0,442.0,0.706257
443.0,443.0,0.68414414
444.0,444.0,0.67854553
445.0,445.0,0.5079809
446.0,446.0,0.63042367
447.0,447.0,0.54580617
448.0,448.0,0.4279417
449.0,449.0,0.6238347
450.0,450.0,0.67456216
451.0,451.0,0.7354339
452.0,452.0,0.5608174
453.0,453.0,0.6095948
454.0,454.0,0.42090824
455.0,455.0,0.5865246
456.0,456.0,0.7013129
457.0,457.0,0.4326708
458.0,458.0,0.50729865
459.0,459.0,0.6250218
460.0,460.0,0.5929674
461.0,461.0,0.47199053
462.0,462.0,0.530498
463.0,463.0,0.47118285
464.0,464.0,0.43176076
465.0,465.0,0.7068441
466.0,466.0,0.5012985
467.0,467.0,0.50136876
468.0,468.0,0.45128292
469.0,469.0,0.686709
470.0,470.0,0.6587349
471.0,471.0,0.6785015
472.0,472.0,0.70819783
473.0,473.0,0.64062864
474.0,474.0,0.48156345
475.0,475.0,0.4823782
476.0,476.0,0.7593785
477.0,477.0,0.48557493
478.0,478.0,0.68580616
479.0,479.0,0.5622493
480.0,480.0,0.5557482
481.0,481.0,0.71739304
482.0,482.0,0.65065724
483.0,483.0,0.47263628
484.0,484.0,0.6214974
485.0,485.0,0.48832035
486.0,486.0,0.50018436
487.0,487.0,0.65988874
488.0,488.0,0.4959416
489.0,489.0,0.4752458
490.0,490.0,0.48175415
491.0,491.0,0.64775836
492.0,492.0,0.5568367
493.0,493.0,0.54831177
494.0,494.0,0.64812624
495.0,495.0,0.6899555
496.0,496.0,0.6284062
497.0,497.0,0.6755524
498.0,498.0,0.66325945
499.0,499.0,0.4680382
500.0,500.0,0.65401244
501.0,501.0,0.537145
502.0,502.0,0.492524
503.0,503.0,0.695177
504.0,504.0,0.6778637
505.0,505.0,0.70928925
506.0,506.0,0.65703684
507.0,507.0,0.6595423
508.0,508.0,0.48502862
509.0,509.0,0.6472677
510.0,510.0,0.68609583
511.0,511.0,0.6024634
512.0,512.0,0.6455817
513.0,513.0,0.6890735
514.0,514.0,0.489237
515.0,515.0,0.68461186
516.0,516.0,0.49823087
517.0,517.0,0.49115956
518.0,518.0,0.47074926
519.0,519.0,0.7124684
520.0,520.0,0.617922
521.0,521.0,0.5629022
522.0,522.0,0.6164164
523.0,523.0,0.62429714
524.0,524.0,0.6836472
525.0,525.0,0.71286684
526.0,526.0,0.49712464
527.0,527.0,0.4412232
528.0,528.0,0.5579503
529.0,529.0,0.67448497
530.0,530.0,0.50147355
531.0,531.0,0.53724676
532.0,532.0,0.7056753
533.0,533.0,0.8011155
534.0,534.0,0.48183325
535.0,535.0,0.63574046
536.0,536.0,0.6763144
537.0,537.0,0.5489511
538.0,538.0,0.69964224
539.0,539.0,0.669224
540.0,540.0,0.69838554
541.0,541.0,0.6199605
542.0,542.0,0.58222777
543.0,543.0,0.70047516
544.0,544.0,0.52225465
545.0,545.0,0.7221477
546.0,546.0,0.52810574
547.0,547.0,0.63990706
548.0,548.0,0.67289686
549.0,549.0,0.66241425
550.0,550.0,0.5596154
551.0,551.0,0.5935533
552.0,552.0,0.48203427
553.0,553.0,0.50935256
554.0,554.0,0.6222561
555.0,555.0,0.6297993
556.0,556.0,0.49740124
557.0,557.0,0.4916878
558.0,558.0,0.6563587
559.0,559.0,0.69581896
560.0,560.0,0.69780475
561.0,561.0,0.564466
562.0,562.0,0.5021166
563.0,563.0,0.65449256
564.0,564.0,0.5285933
565.0,565.0,0.6860998
566.0,566.0,0.7155203
567.0,567.0,0.45742595
568.0,568.0,0.64061016
569.0,569.0,0.44843253
570.0,570.0,0.7231014
571.0,571.0,0.7077554
572.0,572.0,0.6044205
573.0,573.0,0.48239973
574.0,574.0,0.6800025
575.0,575.0,0.4286811
576.0,576.0,0.6859432
577.0,577.0,0.63503253
578.0,578.0,0.5906152
579.0,579.0,0.7236961
580.0,580.0,0.56721663
581.0,581.0,0.6411107
582.0,582.0,0.7122445
583.0,583.0,0.48959613
584.0,584.0,0.46529433
585.0,585.0,0.49354818
586.0,586.0,0.50183684
587.0,587.0,0.5242731
588.0,588.0,0.44919616
589.0,589.0,0.4738887
590.0,590.0,0.69429505
591.0,591.0,0.6506414
592.0,592.0,0.67105985
593.0,593.0,0.5974298
594.0,594.0,0.620136
595.0,595.0,0.46428993
596.0,596.0,0.49027008
597.0,597.0,0.576292
598.0,598.0,0.6353184
599.0,599.0,0.68982285
600.0,600.0,0.49657193
601.0,601.0,0.49823618
602.0,602.0,0.4774982
603.0,603.0,0.69429505
604.0,604.0,0.67339057
605.0,605.0,0.47101122
606.0,606.0,0.39985156
607.0,607.0,0.42699236
608.0,608.0,0.5060049
609.0,609.0,0.50656754
610.0,610.0,0.6631782
611.0,611.0,0.711548
612.0,612.0,0.51888937
613.0,613.0,0.53352064
614.0,614.0,0.5138305
615.0,615.0,0.6377197
616.0,616.0,0.61444724
617.0,617.0,0.699665
618.0,618.0,0.60865676
619.0,619.0,0.44410968
620.0,620.0,0.72224253
621.0,621.0,0.4036747
622.0,622.0,0.5522391
623.0,623.0,0.6643049
624.0,624.0,0.46777043
625.0,625.0,0.51495785
626.0,626.0,0.4838312
627.0,627.0,0.75308406
628.0,628.0,0.59341437
629.0,629.0,0.6740196
630.0,630.0,0.6257951
631.0,631.0,0.51692075
632.0,632.0,0.68116516
633.0,633.0,0.4509673
634.0,634.0,0.6827138
635.0,635.0,0.61076945
636.0,636.0,0.5276622
637.0,637.0,0.6559655
638.0,638.0,0.71418196
639.0,639.0,0.48141503
640.0,640.0,0.6540101
641.0,641.0,0.6655223
642.0,642.0,0.51951236
643.0,643.0,0.674745
644.0,644.0,0.40942672
645.0,645.0,0.50974774
646.0,646.0,0.73159397
647.0,647.0,0.40851137
648.0,648.0,0.45922032
649.0,649.0,0.6519243
650.0,650.0,0.6528752
651.0,651.0,0.50959545
652.0,652.0,0.60163337
653.0,653.0,0.5848746
654.0,654.0,0.5054479
655.0,655.0,0.57716495
656.0,656.0,0.6970372
657.0,657.0,0.6506471
658.0,658.0,0.60376364
659.0,659.0,0.715272
660.0,660.0,0.58074623
661.0,661.0,0.48449868
662.0,662.0,0.69084036
663.0,663.0,0.6732703
664.0,664.0,0.6527488
665.0,665.0,0.7010355
666.0,666.0,0.7148952
667.0,667.0,0.46324027
668.0,668.0,0.5063499
669.0,669.0,0.60647106
670.0,670.0,0.47804078
671.0,671.0,0.5091915
672.0,672.0,0.51270944
673.0,673.0,0.44536024
674.0,674.0,0.45723775
675.0,675.0,0.57655555
676.0,676.0,0.48502868
677.0,677.0,0.6634263
678.0,678.0,0.4602968
679.0,679.0,0.6125702
680.0,680.0,0.6300506
681.0,681.0,0.5395295
682.0,682.0,0.5003641
683.0,683.0,0.6203122
684.0,684.0,0.5113713
685.0,685.0,0.68766785
686.0,686.0,0.68231636
687.0,687.0,0.54103756
688.0,688.0,0.6145979
689.0,689.0,0.4653743
690.0,690.0,0.58247524
691.0,691.0,0.46573883
692.0,692.0,0.66513133
693.0,693.0,0.50656223
694.0,694.0,0.6030376
695.0,695.0,0.4938167
696.0,696.0,0.6674604
697.0,697.0,0.57074285
698.0,698.0,0.62052715
699.0,699.0,0.43472677
700.0,700.0,0.44995677
701.0,701.0,0.65936744
702.0,702.0,0.43675572
703.0,703.0,0.6909888
704.0,704.0,0.5146772
705.0,705.0,0.5136226
706.0,706.0,0.6525815
707.0,707.0,0.6251586
708.0,708.0,0.7024347
709.0,709.0,0.67922896
710.0,710.0,0.6568609
711.0,711.0,0.6889453
712.0,712.0,0.43109673
713.0,713.0,0.57950944
714.0,714.0,0.67733884
715.0,715.0,0.445492
716.0,716.0,0.58880246
717.0,717.0,0.6750416
718.0,718.0,0.63912827
719.0,719.0,0.5043346
720.0,720.0,0.6781901
721.0,721.0,0.505365
722.0,722.0,0.444282
723.0,723.0,0.4239307
724.0,724.0,0.45725894
725.0,725.0,0.56000125
726.0,726.0,0.7365307
727.0,727.0,0.5177795
728.0,728.0,0.42745906
729.0,729.0,0.54182345
730.0,730.0,0.6666488
731.0,731.0,0.41767576
732.0,732.0,0.4628855
733.0,733.0,0.47884122
734.0,734.0,0.51327175
735.0,735.0,0.6276765
736.0,736.0,0.7131533
737.0,737.0,0.6281297
738.0,738.0,0.71041006
739.0,739.0,0.5331361
740.0,740.0,0.6842117
741.0,741.0,0.6423266
742.0,742.0,0.50219
743.0,743.0,0.661578
744.0,744.0,0.67706764
745.0,745.0,0.59292746
746.0,746.0,0.6430136
747.0,747.0,0.513612
748.0,748.0,0.43520316
749.0,749.0,0.6131578
750.0,750.0,0.43344066
751.0,751.0,0.6179252
752.0,752.0,0.43336532
753.0,753.0,0.60846466
754.0,754.0,0.51254797
755.0,755.0,0.5016549
756.0,756.0,0.48103783
757.0,757.0,0.54075176
758.0,758.0,0.67218536
759.0,759.0,0.543706
760.0,760.0,0.65098524
761.0,761.0,0.46333855
762.0,762.0,0.43332994
763.0,763.0,0.7000934
764.0,764.0,0.66541827
765.0,765.0,0.6540065
766.0,766.0,0.62883276
767.0,767.0,0.43349063
768.0,768.0,0.503365
769.0,769.0,0.7501485
770.0,770.0,0.5376114
771.0,771.0,0.71142834
772.0,772.0,0.6995038
773.0,773.0,0.70119226
774.0,774.0,0.6115515
775.0,775.0,0.47264114
776.0,776.0,0.6589352
777.0,777.0,0.65240395
778.0,778.0,0.44124383
779.0,779.0,0.6455291
780.0,780.0,0.475442
781.0,781.0,0.43115136
782.0,782.0,0.68560255
783.0,783.0,0.5424673
784.0,784.0,0.48057753
785.0,785.0,0.66037905
786.0,786.0,0.6561083
787.0,787.0,0.6021059
788.0,788.0,0.5794669
789.0,789.0,0.63888425
790.0,790.0,0.46128526
791.0,791.0,0.70218915
792.0,792.0,0.66849834
793.0,793.0,0.6534536
794.0,794.0,0.6537562
795.0,795.0,0.4502392
796.0,796.0,0.47894686
797.0,797.0,0.6895847
798.0,798.0,0.46400818
799.0,799.0,0.43614778
800.0,800.0,0.5781741
801.0,801.0,0.72203755
802.0,802.0,0.68949056
803.0,803.0,0.64823776
804.0,804.0,0.65493244
805.0,805.0,0.5461059
806.0,806.0,0.5021113
807.0,807.0,0.6137789
808.0,808.0,0.5361364
809.0,809.0,0.73235905
810.0,810.0,0.5020115
811.0,811.0,0.49547267
812.0,812.0,0.6762545
813.0,813.0,0.4914413
814.0,814.0,0.42834798
815.0,815.0,0.5491371
816.0,816.0,0.44917947
817.0,817.0,0.6059273
818.0,818.0,0.49142355
819.0,819.0,0.6455974
820.0,820.0,0.5462346
821.0,821.0,0.5490607
822.0,822.0,0.6533875
823.0,823.0,0.5322021
824.0,824.0,0.61165065
825.0,825.0,0.7116739
826.0,826.0,0.42750996
827.0,827.0,0.4875919
828.0,828.0,0.42148015
829.0,829.0,0.42564318
830.0,830.0,0.4810373
831.0,831.0,0.4947641
832.0,832.0,0.5800682
833.0,833.0,0.659483
834.0,834.0,0.45356134
835.0,835.0,0.5410465
836.0,836.0,0.6437478
837.0,837.0,0.7067347
838.0,838.0,0.50100124
839.0,839.0,0.64054453
840.0,840.0,0.66289794
841.0,841.0,0.5219925
842.0,842.0,0.54075176
843.0,843.0,0.56755924
844.0,844.0,0.67602247
845.0,845.0,0.59409463
846.0,846.0,0.45311028
847.0,847.0,0.52766246
848.0,848.0,0.67443323
849.0,849.0,0.6309467
850.0,850.0,0.6979973
851.0,851.0,0.423031
852.0,852.0,0.57090443
853.0,853.0,0.686985
854.0,854.0,0.53220266
855.0,855.0,0.5223325
856.0,856.0,0.664154
857.0,857.0,0.42905748
858.0,858.0,0.6975272
859.0,859.0,0.5118388
860.0,860.0,0.65475166
861.0,861.0,0.6537183
862.0,862.0,0.6593328
863.0,863.0,0.47018734
864.0,864.0,0.6385071
865.0,865.0,0.6004333
866.0,866.0,0.60192597
867.0,867.0,0.80838734
868.0,868.0,0.4262774
869.0,869.0,0.66288364
870.0,870.0,0.4820576
871.0,871.0,0.6918042
872.0,872.0,0.6094276
873.0,873.0,0.6368215
874.0,874.0,0.39440602
875.0,875.0,0.46503982
876.0,876.0,0.71874267
877.0,877.0,0.50322247
878.0,878.0,0.54992795
879.0,879.0,0.53512275
880.0,880.0,0.53903806
881.0,881.0,0.7263972
882.0,882.0,0.47803357
883.0,883.0,0.62217414
884.0,884.0,0.6037861
885.0,885.0,0.74216384
886.0,886.0,0.5826451
887.0,887.0,0.618414
888.0,888.0,0.6235349
889.0,889.0,0.6560652
890.0,890.0,0.6400887
891.0,891.0,0.7029769
892.0,892.0,0.6543523
893.0,893.0,0.5450503
894.0,894.0,0.70354265
895.0,895.0,0.6916968
896.0,896.0,0.5840847
897.0,897.0,0.6174479
898.0,898.0,0.52909786
899.0,899.0,0.58944625
900.0,900.0,0.7068906
901.0,901.0,0.69671565
902.0,902.0,0.6421534
903.0,903.0,0.6854934
904.0,904.0,0.6974792
905.0,905.0,0.7033277
906.0,906.0,0.43890682
907.0,907.0,0.49041468
908.0,908.0,0.58003056
909.0,909.0,0.5398947
910.0,910.0,0.5485985
911.0,911.0,0.44384816
912.0,912.0,0.5582908
913.0,913.0,0.6068809
914.0,914.0,0.59032285
915.0,915.0,0.65923023
916.0,916.0,0.46152055
917.0,917.0,0.69610095
918.0,918.0,0.52174014
919.0,919.0,0.6391748
920.0,920.0,0.5427534
921.0,921.0,0.542073
922.0,922.0,0.6733899
923.0,923.0,0.5313927
924.0,924.0,0.5340119
925.0,925.0,0.4949155
926.0,926.0,0.6819273
927.0,927.0,0.51383585
928.0,928.0,0.49897888
929.0,929.0,0.42058846
930.0,930.0,0.42057604
931.0,931.0,0.746096
932.0,932.0,0.6623955
933.0,933.0,0.40192786
934.0,934.0,0.7081489
935.0,935.0,0.7024635
936.0,936.0,0.663257
937.0,937.0,0.6311029
938.0,938.0,0.49227688
939.0,939.0,0.4990613
940.0,940.0,0.64696145
941.0,941.0,0.41681495
942.0,942.0,0.7041022
943.0,943.0,0.4823262
944.0,944.0,0.42218775
945.0,945.0,0.50470203
946.0,946.0,0.46751186
947.0,947.0,0.6356826
948.0,948.0,0.70779014
949.0,949.0,0.652375
950.0,950.0,0.720155
951.0,951.0,0.6821473
952.0,952.0,0.4355437
953.0,953.0,0.44053975
954.0,954.0,0.6917328
955.0,955.0,0.6943081
956.0,956.0,0.59500337
957.0,957.0,0.6351746
958.0,958.0,0.62458795
959.0,959.0,0.60112447
960.0,960.0,0.7284141
961.0,961.0,0.53349
962.0,962.0,0.6875319
963.0,963.0,0.48227593
964.0,964.0,0.6576735
965.0,965.0,0.7142986
966.0,966.0,0.59029216
967.0,967.0,0.66625935
968.0,968.0,0.5159175
969.0,969.0,0.6152346
970.0,970.0,0.6898363
971.0,971.0,0.64040804
972.0,972.0,0.48395255
973.0,973.0,0.55564344
974.0,974.0,0.55392015
975.0,975.0,0.41987288
976.0,976.0,0.5986593
977.0,977.0,0.741948
978.0,978.0,0.6722302
979.0,979.0,0.7079938
980.0,980.0,0.47243577
981.0,981.0,0.72182834
982.0,982.0,0.44310683
983.0,983.0,0.5773696
984.0,984.0,0.6321887
985.0,985.0,0.54687464
986.0,986.0,0.46881804
987.0,987.0,0.67714983
988.0,988.0,0.608521
989.0,989.0,0.45356134
990.0,990.0,0.51533026
991.0,991.0,0.5408559
992.0,992.0,0.50128746
993.0,993.0,0.6055238
994.0,994.0,0.42513293
995.0,995.0,0.7065389
996.0,996.0,0.5114281
997.0,997.0,0.48941758
998.0,998.0,0.48343256
999.0,999.0,0.6602037
1000.0,1000.0,0.49730197
1001.0,1001.0,0.6946011
1002.0,1002.0,0.6698034
1003.0,1003.0,0.55315614
1004.0,1004.0,0.49004933
1005.0,1005.0,0.5616296
1006.0,1006.0,0.49309245
1007.0,1007.0,0.70533305
1008.0,1008.0,0.5450532
1009.0,1009.0,0.6736077
1010.0,1010.0,0.6023413
1011.0,1011.0,0.58777773
1012.0,1012.0,0.6091528
1013.0,1013.0,0.4386416
1014.0,1014.0,0.50971913
1015.0,1015.0,0.68103766
1016.0,1016.0,0.6549186
1017.0,1017.0,0.66131115
1018.0,1018.0,0.69929457
1019.0,1019.0,0.66550344
1020.0,1020.0,0.6744538
1021.0,1021.0,0.5175791
1022.0,1022.0,0.54798234
1023.0,1023.0,0.5520492
1024.0,1024.0,0.51633364
1025.0,1025.0,0.72739094
1026.0,1026.0,0.6140697
1027.0,1027.0,0.7102863
1028.0,1028.0,0.60200405
1029.0,1029.0,0.65944594
1030.0,1030.0,0.5302947
1031.0,1031.0,0.681429
1032.0,1032.0,0.49823087
1033.0,1033.0,0.70366114
1034.0,1034.0,0.8475589
1035.0,1035.0,0.43886355
1036.0,1036.0,0.55687475
1037.0,1037.0,0.6382071
1038.0,1038.0,0.62206805
1039.0,1039.0,0.4805258
1040.0,1040.0,0.6866568
1041.0,1041.0,0.65095353
1042.0,1042.0,0.5923831
1043.0,1043.0,0.49795768
1044.0,1044.0,0.7304835
1045.0,1045.0,0.67776084
1046.0,1046.0,0.69516397
1047.0,1047.0,0.5125375
1048.0,1048.0,0.63391757
1049.0,1049.0,0.5554388
1050.0,1050.0,0.57539195
1051.0,1051.0,0.5969268
1052.0,1052.0,0.6589611
1053.0,1053.0,0.6971858
1054.0,1054.0,0.5245507
1055.0,1055.0,0.6260765
1056.0,1056.0,0.68646204
1057.0,1057.0,0.48565432
1058.0,1058.0,0.7760008
1059.0,1059.0,0.61365134
1060.0,1060.0,0.68625945
1061.0,1061.0,0.6564022
1062.0,1062.0,0.4588649
1063.0,1063.0,0.660714
1064.0,1064.0,0.81299263
1065.0,1065.0,0.54869926
1066.0,1066.0,0.6286438
1067.0,1067.0,0.7008042
1068.0,1068.0,0.6979055
1069.0,1069.0,0.68148893
1070.0,1070.0,0.5638084
1071.0,1071.0,0.47886264
1072.0,1072.0,0.66683227
1073.0,1073.0,0.6897867
1074.0,1074.0,0.67947716
1075.0,1075.0,0.54037255
1076.0,1076.0,0.43305963
1077.0,1077.0,0.426821
1078.0,1078.0,0.4485257
1079.0,1079.0,0.6365552
1080.0,1080.0,0.68360347
1081.0,1081.0,0.43521363
1082.0,1082.0,0.69355935
1083.0,1083.0,0.48299026
1084.0,1084.0,0.6300136
1085.0,1085.0,0.43141884
1086.0,1086.0,0.45956331
1087.0,1087.0,0.6479347
1088.0,1088.0,0.61420435
1089.0,1089.0,0.525655
1090.0,1090.0,0.5021113
1091.0,1091.0,0.6362085
1092.0,1092.0,0.48458266
1093.0,1093.0,0.61727184
1094.0,1094.0,0.5580287
1095.0,1095.0,0.5707702
1096.0,1096.0,0.63424784
1097.0,1097.0,0.5705289
1098.0,1098.0,0.61206776
1099.0,1099.0,0.5450503
1100.0,1100.0,0.50129545
1101.0,1101.0,0.67600006
1102.0,1102.0,0.5489511
1103.0,1103.0,0.6754384
1104.0,1104.0,0.6761215
1105.0,1105.0,0.6983467
1106.0,1106.0,0.51050526
1107.0,1107.0,0.5952782
1108.0,1108.0,0.6426573
1109.0,1109.0,0.7108188
1110.0,1110.0,0.66845036
1111.0,1111.0,0.6350247
1112.0,1112.0,0.6468878
1113.0,1113.0,0.4514446
1114.0,1114.0,0.6625763
1115.0,1115.0,0.6068809
1116.0,1116.0,0.6480552
1117.0,1117.0,0.415
1118.0,1118.0,0.472359
1119.0,1119.0,0.4820116
1120.0,1120.0,0.50823563
1121.0,1121.0,0.5605487
1122.0,1122.0,0.69863576
1123.0,1123.0,0.57558966
1124.0,1124.0,0.5155757
1125.0,1125.0,0.54226285
1126.0,1126.0,0.6695805
1127.0,1127.0,0.49329492
1128.0,1128.0,0.7073394
1129.0,1129.0,0.5529365
1130.0,1130.0,0.5241961
1131.0,1131.0,0.62950504
1132.0,1132.0,0.6398691
1133.0,1133.0,0.5324864
1134.0,1134.0,0.56407195
1135.0,1135.0,0.4774982
1136.0,1136.0,0.63883924
1137.0,1137.0,0.68553466
1138.0,1138.0,0.6601976
1139.0,1139.0,0.7055601
1140.0,1140.0,0.61311215
1141.0,1141.0,0.50422657
1142.0,1142.0,0.4926199
1143.0,1143.0,0.5149593
1144.0,1144.0,0.5188926
1145.0,1145.0,0.47451785
1146.0,1146.0,0.59697497
1147.0,1147.0,0.5504162
1148.0,1148.0,0.6862528
1149.0,1149.0,0.46616894
1150.0,1150.0,0.4875919
1151.0,1151.0,0.6877419
1152.0,1152.0,0.476007
1153.0,1153.0,0.6677278
1154.0,1154.0,0.61170584
1155.0,1155.0,0.6911538
1156.0,1156.0,0.55042404
1157.0,1157.0,0.69243854
1158.0,1158.0,0.47110167
1159.0,1159.0,0.47596323
1160.0,1160.0,0.6978451
1161.0,1161.0,0.6533042
1162.0,1162.0,0.61782134
1163.0,1163.0,0.6617286
1164.0,1164.0,0.65305054
1165.0,1165.0,0.7505332
1166.0,1166.0,0.5680032
1167.0,1167.0,0.51058894
1168.0,1168.0,0.6063973
1169.0,1169.0,0.6483208
1170.0,1170.0,0.42489526
1171.0,1171.0,0.6762163
1172.0,1172.0,0.621437
1173.0,1173.0,0.5961437
1174.0,1174.0,0.4407318
1175.0,1175.0,0.5935126
1176.0,1176.0,0.66384315
1177.0,1177.0,0.57393813
1178.0,1178.0,0.52802646
1179.0,1179.0,0.65000474
1180.0,1180.0,0.55608827
1181.0,1181.0,0.70654064
1182.0,1182.0,0.60178727
1183.0,1183.0,0.5094421
1184.0,1184.0,0.43944156
1185.0,1185.0,0.67280143
1186.0,1186.0,0.46078625
1187.0,1187.0,0.8657802
1188.0,1188.0,0.64816785
1189.0,1189.0,0.4304147
1190.0,1190.0,0.48978594
1191.0,1191.0,0.6424326
1192.0,1192.0,0.62034744
1193.0,1193.0,0.6327954
1194.0,1194.0,0.5842207
1195.0,1195.0,0.50056404
1196.0,1196.0,0.653762
1197.0,1197.0,0.52511483
1198.0,1198.0,0.6439668
1199.0,1199.0,0.7024106
1200.0,1200.0,0.7148661
1201.0,1201.0,0.7270692
1202.0,1202.0,0.6858465
1203.0,1203.0,0.70769054
1204.0,1204.0,0.7375096
1205.0,1205.0,0.470844
1206.0,1206.0,0.5824088
1207.0,1207.0,0.5722221
1208.0,1208.0,0.49041215
1209.0,1209.0,0.6453034
1210.0,1210.0,0.6230563
1211.0,1211.0,0.65940094
1212.0,1212.0,0.64360756
1213.0,1213.0,0.64410394
1214.0,1214.0,0.5926033
1215.0,1215.0,0.6940029
1216.0,1216.0,0.42744383
1217.0,1217.0,0.5013962
1218.0,1218.0,0.72921824
1219.0,1219.0,0.71595675
1220.0,1220.0,0.6476542
1221.0,1221.0,0.69853246
1222.0,1222.0,0.43470606
1223.0,1223.0,0.71159387
1224.0,1224.0,0.7080192
1225.0,1225.0,0.8131717
1226.0,1226.0,0.6840226
1227.0,1227.0,0.51306206
1228.0,1228.0,0.5798404
1229.0,1229.0,0.4894101
1230.0,1230.0,0.52017325
1231.0,1231.0,0.6877471
1232.0,1232.0,0.70890486
1233.0,1233.0,0.58783215
1234.0,1234.0,0.5173184
1235.0,1235.0,0.69767696
1236.0,1236.0,0.52289706
1237.0,1237.0,0.62376666
1238.0,1238.0,0.46962455
1239.0,1239.0,0.6930106
1240.0,1240.0,0.70087576
1241.0,1241.0,0.6910417
1242.0,1242.0,0.67016107
1243.0,1243.0,0.5873701
1244.0,1244.0,0.545222
1245.0,1245.0,0.5878978
1246.0,1246.0,0.6921321
1247.0,1247.0,0.7080548
1248.0,1248.0,0.7103658
1249.0,1249.0,0.43512926
1250.0,1250.0,0.4308116
1251.0,1251.0,0.500841
1252.0,1252.0,0.5472576
1253.0,1253.0,0.43280238
1254.0,1254.0,0.7039752
1255.0,1255.0,0.43084016
1256.0,1256.0,0.67241794
1257.0,1257.0,0.65581083
1258.0,1258.0,0.6150967
1259.0,1259.0,0.6200271
1260.0,1260.0,0.43968505
1261.0,1261.0,0.604381
1262.0,1262.0,0.58830225
1263.0,1263.0,0.7015798
1264.0,1264.0,0.6501243
1265.0,1265.0,0.712383
1266.0,1266.0,0.8270779
1267.0,1267.0,0.5438982
1268.0,1268.0,0.6945626
1269.0,1269.0,0.44925848
1270.0,1270.0,0.68786335
1271.0,1271.0,0.47667092
1272.0,1272.0,0.7488375
1273.0,1273.0,0.58959776
1274.0,1274.0,0.6660273
1275.0,1275.0,0.50367844
1276.0,1276.0,0.7069708
1277.0,1277.0,0.5495543
1278.0,1278.0,0.671216
1279.0,1279.0,0.5683536
1280.0,1280.0,0.54410475
1281.0,1281.0,0.5376114
1282.0,1282.0,0.5829023
1283.0,1283.0,0.6549825
1284.0,1284.0,0.45390993
1285.0,1285.0,0.50147355
1286.0,1286.0,0.4869452
1287.0,1287.0,0.6462879
1288.0,1288.0,0.6066594
1289.0,1289.0,0.55810726
1290.0,1290.0,0.41199857
1291.0,1291.0,0.65409076
1292.0,1292.0,0.69724625
1293.0,1293.0,0.44593462
1294.0,1294.0,0.42831066
1295.0,1295.0,0.485309
1296.0,1296.0,0.7184505
1297.0,1297.0,0.686267
1298.0,1298.0,0.5391505
1299.0,1299.0,0.67574704
1300.0,1300.0,0.61326593
1301.0,1301.0,0.55905825
1302.0,1302.0,0.6237493
1303.0,1303.0,0.513648
1304.0,1304.0,0.48057824
1305.0,1305.0,0.6327409
1306.0,1306.0,0.67777383
1307.0,1307.0,0.3945614
1308.0,1308.0,0.671114
1309.0,1309.0,0.5060049
1310.0,1310.0,0.70213616
1311.0,1311.0,0.6909839
1312.0,1312.0,0.47668493
1313.0,1313.0,0.6946095
1314.0,1314.0,0.5217682
1315.0,1315.0,0.68122566
1316.0,1316.0,0.48452502
1317.0,1317.0,0.49106482
1318.0,1318.0,0.60668385
1319.0,1319.0,0.631722
1320.0,1320.0,0.63884944
1321.0,1321.0,0.6753087
1322.0,1322.0,0.6770316
1323.0,1323.0,0.61312675
1324.0,1324.0,0.6241678
1325.0,1325.0,0.6845225
1326.0,1326.0,0.6652072
1327.0,1327.0,0.6589092
1328.0,1328.0,0.47573322
1329.0,1329.0,0.65793294
1330.0,1330.0,0.6459625
1331.0,1331.0,0.55993503
1332.0,1332.0,0.5818818
1333.0,1333.0,0.42652345
1334.0,1334.0,0.44514352
1335.0,1335.0,0.4930639
1336.0,1336.0,0.6671416
1337.0,1337.0,0.4980405
1338.0,1338.0,0.4683042
1339.0,1339.0,0.5809283
1340.0,1340.0,0.57965386
1341.0,1341.0,0.712457
1342.0,1342.0,0.5408559
1343.0,1343.0,0.6078333
1344.0,1344.0,0.58146
1345.0,1345.0,0.68690485
1346.0,1346.0,0.44656545
1347.0,1347.0,0.48044822
1348.0,1348.0,0.60897595
1349.0,1349.0,0.63571864
1350.0,1350.0,0.69305336
1351.0,1351.0,0.67747855
1352.0,1352.0,0.6523793
1353.0,1353.0,0.53086305
1354.0,1354.0,0.7342814
1355.0,1355.0,0.7141605
1356.0,1356.0,0.67961967
1357.0,1357.0,0.51366884
1358.0,1358.0,0.44029418
1359.0,1359.0,0.5480306
1360.0,1360.0,0.47886264
1361.0,1361.0,0.85179526
1362.0,1362.0,0.42317072
1363.0,1363.0,0.51311225
1364.0,1364.0,0.63353944
1365.0,1365.0,0.51535195
1366.0,1366.0,0.73147905
1367.0,1367.0,0.67337567
1368.0,1368.0,0.60165805
1369.0,1369.0,0.5655072
1370.0,1370.0,0.5099144
1371.0,1371.0,0.55720323
1372.0,1372.0,0.6857416
1373.0,1373.0,0.48356637
1374.0,1374.0,0.59233916
1375.0,1375.0,0.68661404
1376.0,1376.0,0.44228473
1377.0,1377.0,0.5702096
1378.0,1378.0,0.5918545
1379.0,1379.0,0.60288376
1380.0,1380.0,0.45448264
1381.0,1381.0,0.44112244
1382.0,1382.0,0.6262033
1383.0,1383.0,0.6912605
1384.0,1384.0,0.6777065
1385.0,1385.0,0.5533736
1386.0,1386.0,0.51843315
1387.0,1387.0,0.49143448
1388.0,1388.0,0.62364995
1389.0,1389.0,0.62226474
1390.0,1390.0,0.63362896
1391.0,1391.0,0.6858084
1392.0,1392.0,0.6347161
1393.0,1393.0,0.43968505
1394.0,1394.0,0.5632297
1395.0,1395.0,0.48366493
1396.0,1396.0,0.6977196
1397.0,1397.0,0.44971338
1398.0,1398.0,0.51355547
1399.0,1399.0,0.5239588
1400.0,1400.0,0.5591051
1401.0,1401.0,0.45126486
1402.0,1402.0,0.72228885
1403.0,1403.0,0.47704718
1404.0,1404.0,0.54830796
1405.0,1405.0,0.5727757
1406.0,1406.0,0.7233056
1407.0,1407.0,0.47321987
1408.0,1408.0,0.43416944
1409.0,1409.0,0.6366483
1410.0,1410.0,0.5573964
1411.0,1411.0,0.49033517
1412.0,1412.0,0.68941027
1413.0,1413.0,0.68058074
1414.0,1414.0,0.6555817
1415.0,1415.0,0.68648195
1416.0,1416.0,0.5325675
1417.0,1417.0,0.7144574
1418.0,1418.0,0.68903154
1419.0,1419.0,0.5010066
1420.0,1420.0,0.6714239
1421.0,1421.0,0.61082476
1422.0,1422.0,0.5451147
1423.0,1423.0,0.66145384
1424.0,1424.0,0.68935573
1425.0,1425.0,0.66340184
1426.0,1426.0,0.6993572
1427.0,1427.0,0.6938012
1428.0,1428.0,0.65685916
1429.0,1429.0,0.6782037
1430.0,1430.0,0.5818818
1431.0,1431.0,0.67794317
1432.0,1432.0,0.68509465
1433.0,1433.0,0.67652535
1434.0,1434.0,0.6471428
1435.0,1435.0,0.70027786
1436.0,1436.0,0.65834844
1437.0,1437.0,0.48331377
1438.0,1438.0,0.6525809
1439.0,1439.0,0.5753911
1440.0,1440.0,0.67922896
1441.0,1441.0,0.67254376
1442.0,1442.0,0.5116012
1443.0,1443.0,0.5933915
1444.0,1444.0,0.5262385
1445.0,1445.0,0.48139405
1446.0,1446.0,0.67872053
1447.0,1447.0,0.664154
1448.0,1448.0,0.48155296
1449.0,1449.0,0.6765755
1450.0,1450.0,0.4456773
1451.0,1451.0,0.62971526
1452.0,1452.0,0.54611045
1453.0,1453.0,0.6906655
1454.0,1454.0,0.4755876
1455.0,1455.0,0.66502553
1456.0,1456.0,0.520019
1457.0,1457.0,0.53146166
1458.0,1458.0,0.62305635
1459.0,1459.0,0.5726608
1460.0,1460.0,0.69941133
1461.0,1461.0,0.5786502
1462.0,1462.0,0.46495175
1463.0,1463.0,0.42222512
1464.0,1464.0,0.48192567
1465.0,1465.0,0.66765046
1466.0,1466.0,0.5032358
1467.0,1467.0,0.4938274
1468.0,1468.0,0.66624016
1469.0,1469.0,0.6624802
1470.0,1470.0,0.7196433
1471.0,1471.0,0.51535195
1472.0,1472.0,0.66856855
1473.0,1473.0,0.7130414
1474.0,1474.0,0.6907607
1475.0,1475.0,0.6418182
1476.0,1476.0,0.644394
1477.0,1477.0,0.48185474
1478.0,1478.0,0.561382
1479.0,1479.0,0.679744
1480.0,1480.0,0.49051067
1481.0,1481.0,0.81153834
1482.0,1482.0,0.41840842
1483.0,1483.0,0.648028
1484.0,1484.0,0.6035919
1485.0,1485.0,0.75693905
1486.0,1486.0,0.5525537
1487.0,1487.0,0.55849564
1488.0,1488.0,0.5932474
1489.0,1489.0,0.56332135
1490.0,1490.0,0.50865537
1491.0,1491.0,0.7029291
1492.0,1492.0,0.6142152
1493.0,1493.0,0.5189996
1494.0,1494.0,0.70737374
1495.0,1495.0,0.6692157
1496.0,1496.0,0.6608012
1497.0,1497.0,0.47257948
1498.0,1498.0,0.6833124
1499.0,1499.0,0.57251257
1500.0,1500.0,0.608445
1501.0,1501.0,0.69043994
1502.0,1502.0,0.63992864
1503.0,1503.0,0.6942221
1504.0,1504.0,0.50443125
1505.0,1505.0,0.5528368
1506.0,1506.0,0.73571885
1507.0,1507.0,0.8061585
1508.0,1508.0,0.4709276
1509.0,1509.0,0.6508862
1510.0,1510.0,0.5066477
1511.0,1511.0,0.64309096
1512.0,1512.0,0.4883847
1513.0,1513.0,0.66635597
1514.0,1514.0,0.45033437
1515.0,1515.0,0.4335033
1516.0,1516.0,0.4650607
1517.0,1517.0,0.5620346
1518.0,1518.0,0.66657525
1519.0,1519.0,0.6789635
1520.0,1520.0,0.52430284
1521.0,1521.0,0.43742815
1522.0,1522.0,0.64415467
1523.0,1523.0,0.6599043
1524.0,1524.0,0.47802678
1525.0,1525.0,0.5265295
1526.0,1526.0,0.6845345
1527.0,1527.0,0.48120415
1528.0,1528.0,0.69027424
1529.0,1529.0,0.6064984
1530.0,1530.0,0.49767718
1531.0,1531.0,0.42587915
1532.0,1532.0,0.42092687
1533.0,1533.0,0.6900641
1534.0,1534.0,0.6829851
1535.0,1535.0,0.50461286
1536.0,1536.0,0.58075786
1537.0,1537.0,0.63720775
1538.0,1538.0,0.4627978
1539.0,1539.0,0.58287454
1540.0,1540.0,0.52732944
1541.0,1541.0,0.4990613
1542.0,1542.0,0.69441575
1543.0,1543.0,0.66455853
1544.0,1544.0,0.48749295
1545.0,1545.0,0.69208336
1546.0,1546.0,0.48587644
1547.0,1547.0,0.6672543
1548.0,1548.0,0.42259365
1549.0,1549.0,0.6872639
1550.0,1550.0,0.6781527
1551.0,1551.0,0.49795952
1552.0,1552.0,0.6260053
1553.0,1553.0,0.62049085
1554.0,1554.0,0.41484803
1555.0,1555.0,0.70585763
1556.0,1556.0,0.6656871
1557.0,1557.0,0.44517595
1558.0,1558.0,0.48803875
1559.0,1559.0,0.62640303
1560.0,1560.0,0.55503297
1561.0,1561.0,0.6603287
1562.0,1562.0,0.6226295
1563.0,1563.0,0.56486803
1564.0,1564.0,0.7135909
1565.0,1565.0,0.6710165
1566.0,1566.0,0.55434984
1567.0,1567.0,0.67159903
1568.0,1568.0,0.6629663
1569.0,1569.0,0.6711567
1570.0,1570.0,0.5559316
1571.0,1571.0,0.54847294
1572.0,1572.0,0.7337504
1573.0,1573.0,0.5248168
1574.0,1574.0,0.65384537
1575.0,1575.0,0.57489085
1576.0,1576.0,0.6050463
1577.0,1577.0,0.6669824
1578.0,1578.0,0.70411897
1579.0,1579.0,0.717444
1580.0,1580.0,0.7075975
1581.0,1581.0,0.5054479
1582.0,1582.0,0.4799585
1583.0,1583.0,0.57722104
1584.0,1584.0,0.6061201
1585.0,1585.0,0.5786285
1586.0,1586.0,0.65669423
1587.0,1587.0,0.6633685
1588.0,1588.0,0.51873684
1589.0,1589.0,0.46575677
1590.0,1590.0,0.6967652
1591.0,1591.0,0.65242034
1592.0,1592.0,0.64120686
1593.0,1593.0,0.6547374
1594.0,1594.0,0.74146867
1595.0,1595.0,0.66243017
1596.0,1596.0,0.47228488
1597.0,1597.0,0.64879173
1598.0,1598.0,0.73080033
1599.0,1599.0,0.4729901
1600.0,1600.0,0.6605478
1601.0,1601.0,0.48557493
1602.0,1602.0,0.6984924
1603.0,1603.0,0.51776624
1604.0,1604.0,0.589123
1605.0,1605.0,0.52883756
1606.0,1606.0,0.59601617
1607.0,1607.0,0.6989783
1608.0,1608.0,0.45959848
1609.0,1609.0,0.55317247
1610.0,1610.0,0.4721899
1611.0,1611.0,0.66053957
1612.0,1612.0,0.47783765
1613.0,1613.0,0.41480634
1614.0,1614.0,0.66113436
1615.0,1615.0,0.6532371
1616.0,1616.0,0.54919815
1617.0,1617.0,0.6450317
1618.0,1618.0,0.47382486
1619.0,1619.0,0.49768293
1620.0,1620.0,0.517006
1621.0,1621.0,0.6270412
1622.0,1622.0,0.80068356
1623.0,1623.0,0.6334711
1624.0,1624.0,0.43400142
1625.0,1625.0,0.6544117
1626.0,1626.0,0.8052687
1627.0,1627.0,0.54837686
1628.0,1628.0,0.7106601
1629.0,1629.0,0.50183964
1630.0,1630.0,0.47261122
1631.0,1631.0,0.48530376
1632.0,1632.0,0.68522716
1633.0,1633.0,0.4829235
1634.0,1634.0,0.54401094
1635.0,1635.0,0.70852125
1636.0,1636.0,0.53117764
1637.0,1637.0,0.7051527
1638.0,1638.0,0.54999584
1639.0,1639.0,0.4712806
1640.0,1640.0,0.6792783
1641.0,1641.0,0.48085004
1642.0,1642.0,0.5810038
1643.0,1643.0,0.48930034
1644.0,1644.0,0.6378064
1645.0,1645.0,0.65352964
1646.0,1646.0,0.65206116
1647.0,1647.0,0.71331334
1648.0,1648.0,0.46936956
1649.0,1649.0,0.5401408
1650.0,1650.0,0.5567966
1651.0,1651.0,0.50369567
1652.0,1652.0,0.4659583
1653.0,1653.0,0.6510333
1654.0,1654.0,0.53186846
1655.0,1655.0,0.5072386
1656.0,1656.0,0.5817082
1657.0,1657.0,0.8756732
1658.0,1658.0,0.6678587
1659.0,1659.0,0.60753685
1660.0,1660.0,0.6987522
1661.0,1661.0,0.6336015
1662.0,1662.0,0.6621491
1663.0,1663.0,0.6542512
1664.0,1664.0,0.5802778
1665.0,1665.0,0.70814
1666.0,1666.0,0.6973657
1667.0,1667.0,0.6385004
1668.0,1668.0,0.63571936
1669.0,1669.0,0.49748972
1670.0,1670.0,0.49271038
1671.0,1671.0,0.44334316
1672.0,1672.0,0.51614803
1673.0,1673.0,0.41092068
1674.0,1674.0,0.67938703
1675.0,1675.0,0.58050305
1676.0,1676.0,0.5828489
1677.0,1677.0,0.66635597
1678.0,1678.0,0.6424311
1679.0,1679.0,0.697399
1680.0,1680.0,0.6647827
1681.0,1681.0,0.66459477
1682.0,1682.0,0.7057798
1683.0,1683.0,0.7037639
1684.0,1684.0,0.65258026
1685.0,1685.0,0.55042464
1686.0,1686.0,0.6412551
1687.0,1687.0,0.7029977
1688.0,1688.0,0.667998
1689.0,1689.0,0.6449706
1690.0,1690.0,0.8675139
1691.0,1691.0,0.6504995
1692.0,1692.0,0.6043503
1693.0,1693.0,0.6693283
1694.0,1694.0,0.65154105
1695.0,1695.0,0.54063356
1696.0,1696.0,0.5093579
1697.0,1697.0,0.6505072
1698.0,1698.0,0.6091562
1699.0,1699.0,0.44340304
1700.0,1700.0,0.5264508
1701.0,1701.0,0.6568223
1702.0,1702.0,0.6189972
1703.0,1703.0,0.5599246
1704.0,1704.0,0.667068
1705.0,1705.0,0.54198784
1706.0,1706.0,0.70308644
1707.0,1707.0,0.4940882
1708.0,1708.0,0.7104692
1709.0,1709.0,0.6523172
1710.0,1710.0,0.53995955
1711.0,1711.0,0.6993814
1712.0,1712.0,0.52225804
1713.0,1713.0,0.48476243
1714.0,1714.0,0.5846683
1715.0,1715.0,0.63263077
1716.0,1716.0,0.51102996
1717.0,1717.0,0.6285421
1718.0,1718.0,0.74103534
1719.0,1719.0,0.6549307
1720.0,1720.0,0.590683
1721.0,1721.0,0.42729208
1722.0,1722.0,0.66591173
1723.0,1723.0,0.50684094
1724.0,1724.0,0.5575302
1725.0,1725.0,0.69948894
1726.0,1726.0,0.5900562
1727.0,1727.0,0.54844147
1728.0,1728.0,0.45073837
1729.0,1729.0,0.5879849
1730.0,1730.0,0.674765
1731.0,1731.0,0.65088725
1732.0,1732.0,0.49326062
1733.0,1733.0,0.57539195
1734.0,1734.0,0.6938484
1735.0,1735.0,0.618216
1736.0,1736.0,0.51103705
1737.0,1737.0,0.49326155
1738.0,1738.0,0.4232569
1739.0,1739.0,0.6812732
1740.0,1740.0,0.4740753
1741.0,1741.0,0.6692921
1742.0,1742.0,0.4501356
1743.0,1743.0,0.45452535
1744.0,1744.0,0.48583582
1745.0,1745.0,0.6700638
1746.0,1746.0,0.62517434
1747.0,1747.0,0.69520384
1748.0,1748.0,0.67746603
1749.0,1749.0,0.5127315
1750.0,1750.0,0.45952827
1751.0,1751.0,0.55703825
1752.0,1752.0,0.5508397
1753.0,1753.0,0.46886328
1754.0,1754.0,0.48538122
1755.0,1755.0,0.58413625
1756.0,1756.0,0.5119281
1757.0,1757.0,0.7080147
1758.0,1758.0,0.44863576
1759.0,1759.0,0.6753199
1760.0,1760.0,0.66266626
1761.0,1761.0,0.7531121
1762.0,1762.0,0.501284
1763.0,1763.0,0.67889965
1764.0,1764.0,0.7360737
1765.0,1765.0,0.529319
1766.0,1766.0,0.69991684
1767.0,1767.0,0.5839145
1768.0,1768.0,0.6984851
1769.0,1769.0,0.6698817
1770.0,1770.0,0.5567333
1771.0,1771.0,0.43504354
1772.0,1772.0,0.48831508
1773.0,1773.0,0.537233
1774.0,1774.0,0.64675903
1775.0,1775.0,0.5173086
1776.0,1776.0,0.68367475
1777.0,1777.0,0.66305083
