x,y,species_3 cloglog values
1.0,1.0,0.62625754
2.0,2.0,0.6863051
3.0,3.0,0.5911068
4.0,4.0,0.6875152
5.0,5.0,0.6679954
6.0,6.0,0.59661883
7.0,7.0,0.6456552
8.0,8.0,0.6046997
9.0,9.0,0.5872355
10.0,10.0,0.510291
11.0,11.0,0.7432511
12.0,12.0,0.542413
13.0,13.0,0.6496182
14.0,14.0,0.63175505
15.0,15.0,0.6299959
16.0,16.0,0.66103464
17.0,17.0,0.5151078
18.0,18.0,0.51842767
19.0,19.0,0.5488109
20.0,20.0,0.514521
21.0,21.0,0.5356296
22.0,22.0,0.67355305
23.0,23.0,0.5975125
24.0,24.0,0.5990861
25.0,25.0,0.50995696
26.0,26.0,0.6971481
27.0,27.0,0.7047132
28.0,28.0,0.49059793
29.0,29.0,0.723138
30.0,30.0,0.5062074
31.0,31.0,0.59833854
32.0,32.0,0.53798133
33.0,33.0,0.57987833
34.0,34.0,0.5294391
35.0,35.0,0.5984339
36.0,36.0,0.7116135
37.0,37.0,0.62103134
38.0,38.0,0.504584
39.0,39.0,0.510745
40.0,40.0,0.6597269
41.0,41.0,0.5205078
42.0,42.0,0.5048078
43.0,43.0,0.4965519
44.0,44.0,0.7004047
45.0,45.0,0.59239656
46.0,46.0,0.6319095
47.0,47.0,0.6148881
48.0,48.0,0.668103
49.0,49.0,0.7172107
50.0,50.0,0.6100554
51.0,51.0,0.6721525
52.0,52.0,0.39762652
53.0,53.0,0.53883964
54.0,54.0,0.7123149
55.0,55.0,0.7134579
56.0,56.0,0.6686537
57.0,57.0,0.5142834
58.0,58.0,0.708722
59.0,59.0,0.51673174
60.0,60.0,0.6941251
61.0,61.0,0.63193405
62.0,62.0,0.6889168
63.0,63.0,0.50958455
64.0,64.0,0.6678875
65.0,65.0,0.5989789
66.0,66.0,0.6058591
67.0,67.0,0.5156807
68.0,68.0,0.51323706
69.0,69.0,0.6409832
70.0,70.0,0.53663397
71.0,71.0,0.66132313
72.0,72.0,0.64594597
73.0,73.0,0.7090384
74.0,74.0,0.7071397
75.0,75.0,0.5912154
76.0,76.0,0.53505784
77.0,77.0,0.6356018
78.0,78.0,0.6409691
79.0,79.0,0.6702612
80.0,80.0,0.68779665
81.0,81.0,0.6471631
82.0,82.0,0.6514512
83.0,83.0,0.51438695
84.0,84.0,0.71964425
85.0,85.0,0.60143745
86.0,86.0,0.6767523
87.0,87.0,0.5105479
88.0,88.0,0.5106824
89.0,89.0,0.6933617
90.0,90.0,0.5124979
91.0,91.0,0.52689207
92.0,92.0,0.6948225
93.0,93.0,0.4482949
94.0,94.0,0.58887535
95.0,95.0,0.5793261
96.0,96.0,0.5095573
97.0,97.0,0.513327
98.0,98.0,0.5639702
99.0,99.0,0.602593
100.0,100.0,0.6287083
101.0,101.0,0.69566756
102.0,102.0,0.5154171
103.0,103.0,0.74391687
104.0,104.0,0.6639068
105.0,105.0,0.5131392
106.0,106.0,0.5076201
107.0,107.0,0.5869748
108.0,108.0,0.5956776
109.0,109.0,0.5048814
110.0,110.0,0.514884
111.0,111.0,0.6669957
112.0,112.0,0.5237715
113.0,113.0,0.59140205
114.0,114.0,0.53940016
115.0,115.0,0.70016325
116.0,116.0,0.51736057
117.0,117.0,0.50783014
118.0,118.0,0.6539349
119.0,119.0,0.50763446
120.0,120.0,0.53562564
121.0,121.0,0.6923661
122.0,122.0,0.7486119
123.0,123.0,0.51736647
124.0,124.0,0.50520486
125.0,125.0,0.5076115
126.0,126.0,0.70558554
127.0,127.0,0.6560512
128.0,128.0,0.618797
129.0,129.0,0.6266409
130.0,130.0,0.5277067
131.0,131.0,0.6820249
132.0,132.0,0.40109548
133.0,133.0,0.6656119
134.0,134.0,0.6940623
135.0,135.0,0.71271163
136.0,136.0,0.6100108
137.0,137.0,0.60056263
138.0,138.0,0.65184164
139.0,139.0,0.537772
140.0,140.0,0.6332178
141.0,141.0,0.65318525
142.0,142.0,0.6876839
143.0,143.0,0.69261897
144.0,144.0,0.5048673
145.0,145.0,0.4903088
146.0,146.0,0.6244882
147.0,147.0,0.5084935
148.0,148.0,0.5211827
149.0,149.0,0.53399765
150.0,150.0,0.5196708
151.0,151.0,0.6896682
152.0,152.0,0.67148334
153.0,153.0,0.685623
154.0,154.0,0.69243675
155.0,155.0,0.6669546
156.0,156.0,0.6662921
157.0,157.0,0.63491553
158.0,158.0,0.5049973
159.0,159.0,0.70823526
160.0,160.0,0.5504004
161.0,161.0,0.5105009
162.0,162.0,0.5106796
163.0,163.0,0.5197591
164.0,164.0,0.5452635
165.0,165.0,0.6990063
166.0,166.0,0.49470735
167.0,167.0,0.7176531
168.0,168.0,0.50509846
169.0,169.0,0.51185006
170.0,170.0,0.51371104
171.0,171.0,0.702195
172.0,172.0,0.69787633
173.0,173.0,0.5079511
174.0,174.0,0.6827177
175.0,175.0,0.5048413
176.0,176.0,0.6910868
177.0,177.0,0.537962
178.0,178.0,0.653953
179.0,179.0,0.71610385
180.0,180.0,0.6086942
181.0,181.0,0.5097908
182.0,182.0,0.51609784
183.0,183.0,0.68673563
184.0,184.0,0.66157454
185.0,185.0,0.61647844
186.0,186.0,0.50417507
187.0,187.0,0.50891614
188.0,188.0,0.6966805
189.0,189.0,0.53282183
190.0,190.0,0.6261519
191.0,191.0,0.699361
192.0,192.0,0.5070644
193.0,193.0,0.5357247
194.0,194.0,0.5191733
195.0,195.0,0.5055678
196.0,196.0,0.51240337
197.0,197.0,0.5447412
198.0,198.0,0.59590125
199.0,199.0,0.5469156
200.0,200.0,0.50487447
201.0,201.0,0.50427884
202.0,202.0,0.6791015
203.0,203.0,0.6245208
204.0,204.0,0.6400766
205.0,205.0,0.5337191
206.0,206.0,0.62509835
207.0,207.0,0.69123226
208.0,208.0,0.50859296
209.0,209.0,0.5105751
210.0,210.0,0.5462922
211.0,211.0,0.64003944
212.0,212.0,0.69843715
213.0,213.0,0.5111801
214.0,214.0,0.6779503
215.0,215.0,0.6603925
216.0,216.0,0.5418243
217.0,217.0,0.59564763
218.0,218.0,0.82366425
219.0,219.0,0.6646244
220.0,220.0,0.7086892
221.0,221.0,0.71906996
222.0,222.0,0.50697947
223.0,223.0,0.6041667
224.0,224.0,0.63205045
225.0,225.0,0.6781702
226.0,226.0,0.5053052
227.0,227.0,0.49385628
228.0,228.0,0.5097517
229.0,229.0,0.5080991
230.0,230.0,0.65116775
231.0,231.0,0.7113289
232.0,232.0,0.5088457
233.0,233.0,0.72441936
234.0,234.0,0.68805605
235.0,235.0,0.5101597
236.0,236.0,0.6447999
237.0,237.0,0.50936013
238.0,238.0,0.60574055
239.0,239.0,0.6134739
240.0,240.0,0.6354496
241.0,241.0,0.6341274
242.0,242.0,0.5092992
243.0,243.0,0.5056385
244.0,244.0,0.6628281
245.0,245.0,0.5199733
246.0,246.0,0.52465814
247.0,247.0,0.56281966
248.0,248.0,0.71669567
249.0,249.0,0.70379484
250.0,250.0,0.6356345
251.0,251.0,0.6682684
252.0,252.0,0.50563115
253.0,253.0,0.54561776
254.0,254.0,0.832579
255.0,255.0,0.63538283
256.0,256.0,0.7673058
257.0,257.0,0.68834704
258.0,258.0,0.50783384
259.0,259.0,0.7152347
260.0,260.0,0.70403993
261.0,261.0,0.6610488
262.0,262.0,0.51715595
263.0,263.0,0.66556454
264.0,264.0,0.53609526
265.0,265.0,0.66550255
266.0,266.0,0.7152174
267.0,267.0,0.5062975
268.0,268.0,0.58881676
269.0,269.0,0.7116536
270.0,270.0,0.40738064
271.0,271.0,0.49851635
272.0,272.0,0.50829613
273.0,273.0,0.6654397
274.0,274.0,0.64013064
275.0,275.0,0.67256546
276.0,276.0,0.51809365
277.0,277.0,0.5174151
278.0,278.0,0.7020363
279.0,279.0,0.53846115
280.0,280.0,0.60290575
281.0,281.0,0.50964296
282.0,282.0,0.51089144
283.0,283.0,0.5187966
284.0,284.0,0.64986765
285.0,285.0,0.5925085
286.0,286.0,0.70076096
287.0,287.0,0.6906189
288.0,288.0,0.66200787
289.0,289.0,0.5872286
290.0,290.0,0.6122068
291.0,291.0,0.60187876
292.0,292.0,0.5174117
293.0,293.0,0.6761977
294.0,294.0,0.6556444
295.0,295.0,0.51660883
296.0,296.0,0.51750785
297.0,297.0,0.50591767
298.0,298.0,0.6648227
299.0,299.0,0.51608044
300.0,300.0,0.6352222
301.0,301.0,0.5081292
302.0,302.0,0.5421733
303.0,303.0,0.52112603
304.0,304.0,0.5360225
305.0,305.0,0.6457174
306.0,306.0,0.6265137
307.0,307.0,0.5065042
308.0,308.0,0.69970196
309.0,309.0,0.6167785
310.0,310.0,0.5073797
311.0,311.0,0.51109105
312.0,312.0,0.6803538
313.0,313.0,0.70741427
314.0,314.0,0.49372482
315.0,315.0,0.5143479
316.0,316.0,0.50553715
317.0,317.0,0.6618461
318.0,318.0,0.9568614
319.0,319.0,0.72358483
320.0,320.0,0.5089402
321.0,321.0,0.5080252
322.0,322.0,0.7016525
323.0,323.0,0.68527186
324.0,324.0,0.5270901
325.0,325.0,0.5159797
326.0,326.0,0.5372577
327.0,327.0,0.506893
328.0,328.0,0.59918183
329.0,329.0,0.5185653
330.0,330.0,0.6379886
331.0,331.0,0.68254006
332.0,332.0,0.59182566
333.0,333.0,0.7113124
334.0,334.0,0.58922386
335.0,335.0,0.50434613
336.0,336.0,0.5255056
337.0,337.0,0.6512751
338.0,338.0,0.5107733
339.0,339.0,0.39315596
340.0,340.0,0.6863961
341.0,341.0,0.6635829
342.0,342.0,0.53967756
343.0,343.0,0.5429927
344.0,344.0,0.5074033
345.0,345.0,0.7029624
346.0,346.0,0.51359755
347.0,347.0,0.5415713
348.0,348.0,0.51679766
349.0,349.0,0.65768194
350.0,350.0,0.6861238
351.0,351.0,0.5307347
352.0,352.0,0.5536042
353.0,353.0,0.6279514
354.0,354.0,0.70290655
355.0,355.0,0.51532376
356.0,356.0,0.66767365
357.0,357.0,0.5458541
358.0,358.0,0.5060996
359.0,359.0,0.63653165
360.0,360.0,0.5071551
361.0,361.0,0.55131817
362.0,362.0,0.66061324
363.0,363.0,0.66560864
364.0,364.0,0.5202051
365.0,365.0,0.5986098
366.0,366.0,0.5108613
367.0,367.0,0.51275533
368.0,368.0,0.59244525
369.0,369.0,0.5079617
370.0,370.0,0.5010918
371.0,371.0,0.5920043
372.0,372.0,0.64621663
373.0,373.0,0.6589852
374.0,374.0,0.6660351
375.0,375.0,0.50438887
376.0,376.0,0.50711673
377.0,377.0,0.60672456
378.0,378.0,0.5052514
379.0,379.0,0.63407797
380.0,380.0,0.6467036
381.0,381.0,0.6486706
382.0,382.0,0.5057448
383.0,383.0,0.70978653
384.0,384.0,0.5044219
385.0,385.0,0.6358629
386.0,386.0,0.7288329
387.0,387.0,0.72194284
388.0,388.0,0.6715051
389.0,389.0,0.6754001
390.0,390.0,0.52162987
391.0,391.0,0.5056986
392.0,392.0,0.5437469
393.0,393.0,0.49037716
394.0,394.0,0.61022747
395.0,395.0,0.66347677
396.0,396.0,0.5128177
397.0,397.0,0.6153986
398.0,398.0,0.693158
399.0,399.0,0.588686
400.0,400.0,0.6688703
401.0,401.0,0.5352024
402.0,402.0,0.5285255
403.0,403.0,0.50916576
404.0,404.0,0.6077103
405.0,405.0,0.5044483
406.0,406.0,0.5105444
407.0,407.0,0.5354529
408.0,408.0,0.66476196
409.0,409.0,0.50737345
410.0,410.0,0.7147657
411.0,411.0,0.53943807
412.0,412.0,0.66208166
413.0,413.0,0.68694204
414.0,414.0,0.70027596
415.0,415.0,0.5925096
416.0,416.0,0.6400068
417.0,417.0,0.52029306
418.0,418.0,0.5200891
419.0,419.0,0.6975196
420.0,420.0,0.5053776
421.0,421.0,0.59552747
422.0,422.0,0.6446406
423.0,423.0,0.6604891
424.0,424.0,0.5947639
425.0,425.0,0.72101045
426.0,426.0,0.51143193
427.0,427.0,0.7061935
428.0,428.0,0.4992
429.0,429.0,0.5896083
430.0,430.0,0.61086845
431.0,431.0,0.69176
432.0,432.0,0.50588727
433.0,433.0,0.5289735
434.0,434.0,0.50621194
435.0,435.0,0.6874661
436.0,436.0,0.64059734
437.0,437.0,0.5246391
438.0,438.0,0.6858443
439.0,439.0,0.50552917
440.0,440.0,0.5337822
441.0,441.0,0.6330137
442.0,442.0,0.5893187
443.0,443.0,0.6162203
444.0,444.0,0.6513266
445.0,445.0,0.819994
446.0,446.0,0.657464
447.0,447.0,0.6706822
448.0,448.0,0.5129968
449.0,449.0,0.59882873
450.0,450.0,0.5091261
451.0,451.0,0.64689374
452.0,452.0,0.5202057
453.0,453.0,0.5211909
454.0,454.0,0.54343265
455.0,455.0,0.6316759
456.0,456.0,0.7115675
457.0,457.0,0.7145121
458.0,458.0,0.5324641
459.0,459.0,0.6486957
460.0,460.0,0.50698787
461.0,461.0,0.50453234
462.0,462.0,0.5204885
463.0,463.0,0.66872644
464.0,464.0,0.51018524
465.0,465.0,0.5400282
466.0,466.0,0.6246286
467.0,467.0,0.6883443
468.0,468.0,0.8192261
469.0,469.0,0.70877534
470.0,470.0,0.5180381
471.0,471.0,0.6370044
472.0,472.0,0.55628943
473.0,473.0,0.6561623
474.0,474.0,0.5260459
475.0,475.0,0.5977916
476.0,476.0,0.4959247
477.0,477.0,0.5045219
478.0,478.0,0.59111303
479.0,479.0,0.6474721
480.0,480.0,0.51626515
481.0,481.0,0.6054936
482.0,482.0,0.6996628
483.0,483.0,0.507752
484.0,484.0,0.5495173
485.0,485.0,0.57833374
486.0,486.0,0.64426863
487.0,487.0,0.516707
488.0,488.0,0.63965976
489.0,489.0,0.5107084
490.0,490.0,0.52135843
491.0,491.0,0.53481954
492.0,492.0,0.6316504
493.0,493.0,0.58947796
494.0,494.0,0.6483091
495.0,495.0,0.6620572
496.0,496.0,0.67289
497.0,497.0,0.5245823
498.0,498.0,0.6403441
499.0,499.0,0.6578729
500.0,500.0,0.54926556
501.0,501.0,0.51087725
502.0,502.0,0.6435179
503.0,503.0,0.67000455
504.0,504.0,0.6422174
505.0,505.0,0.5902972
506.0,506.0,0.6903925
507.0,507.0,0.6285408
508.0,508.0,0.65914476
509.0,509.0,0.6942966
510.0,510.0,0.6748841
511.0,511.0,0.50556946
512.0,512.0,0.66851443
513.0,513.0,0.50595486
514.0,514.0,0.5134575
515.0,515.0,0.6511518
516.0,516.0,0.59385014
517.0,517.0,0.59811264
518.0,518.0,0.60680586
519.0,519.0,0.6484915
520.0,520.0,0.5937076
521.0,521.0,0.7126351
522.0,522.0,0.8278493
523.0,523.0,0.6419061
524.0,524.0,0.5168533
525.0,525.0,0.6319787
526.0,526.0,0.66019183
527.0,527.0,0.49637476
528.0,528.0,0.63052493
529.0,529.0,0.5165585
530.0,530.0,0.5086671
531.0,531.0,0.5049659
532.0,532.0,0.5447656
533.0,533.0,0.67567265
534.0,534.0,0.7125963
535.0,535.0,0.8228711
536.0,536.0,0.5044635
537.0,537.0,0.51188415
538.0,538.0,0.6675248
539.0,539.0,0.50499976
540.0,540.0,0.7364546
541.0,541.0,0.5955674
542.0,542.0,0.686032
543.0,543.0,0.6835258
544.0,544.0,0.5271451
545.0,545.0,0.6632912
546.0,546.0,0.59874964
547.0,547.0,0.5365562
548.0,548.0,0.6294638
549.0,549.0,0.59029895
550.0,550.0,0.6826969
551.0,551.0,0.51956874
552.0,552.0,0.6925742
553.0,553.0,0.51982594
554.0,554.0,0.50580156
555.0,555.0,0.64248186
556.0,556.0,0.6990521
557.0,557.0,0.5444312
558.0,558.0,0.50458694
559.0,559.0,0.5050452
560.0,560.0,0.5921668
561.0,561.0,0.6384011
562.0,562.0,0.53628826
563.0,563.0,0.63775027
564.0,564.0,0.5995166
565.0,565.0,0.6788576
566.0,566.0,0.5955448
567.0,567.0,0.59151566
568.0,568.0,0.7340381
569.0,569.0,0.51586056
570.0,570.0,0.52109116
571.0,571.0,0.6950718
572.0,572.0,0.69581395
573.0,573.0,0.5938284
574.0,574.0,0.6594945
575.0,575.0,0.5089359
576.0,576.0,0.6820332
577.0,577.0,0.58987993
578.0,578.0,0.51340485
579.0,579.0,0.6136843
580.0,580.0,0.5119876
581.0,581.0,0.5107522
582.0,582.0,0.58658934
583.0,583.0,0.51807016
584.0,584.0,0.65991277
585.0,585.0,0.6473197
586.0,586.0,0.6698919
587.0,587.0,0.6674807
588.0,588.0,0.6663197
589.0,589.0,0.5993401
590.0,590.0,0.66959524
591.0,591.0,0.6945568
592.0,592.0,0.5925181
593.0,593.0,0.6582188
594.0,594.0,0.59076864
595.0,595.0,0.50655216
596.0,596.0,0.50656575
597.0,597.0,0.70727855
598.0,598.0,0.50857806
599.0,599.0,0.50894517
600.0,600.0,0.5442649
601.0,601.0,0.6048044
602.0,602.0,0.5070807
603.0,603.0,0.6933118
604.0,604.0,0.5089526
605.0,605.0,0.5893624
606.0,606.0,0.6059481
607.0,607.0,0.5330744
608.0,608.0,0.510915
609.0,609.0,0.5441808
610.0,610.0,0.5211392
611.0,611.0,0.6363519
612.0,612.0,0.54508054
613.0,613.0,0.65834403
614.0,614.0,0.51048297
615.0,615.0,0.5896618
616.0,616.0,0.7068056
617.0,617.0,0.6324103
618.0,618.0,0.5890621
619.0,619.0,0.7091744
620.0,620.0,0.71044827
621.0,621.0,0.70926195
622.0,622.0,0.6724258
623.0,623.0,0.50488627
624.0,624.0,0.39400294
625.0,625.0,0.5086114
626.0,626.0,0.51606435
627.0,627.0,0.5099606
628.0,628.0,0.5270451
629.0,629.0,0.51734775
630.0,630.0,0.67060655
631.0,631.0,0.59587216
632.0,632.0,0.5243557
633.0,633.0,0.71364164
634.0,634.0,0.6820126
635.0,635.0,0.5906668
636.0,636.0,0.5053895
637.0,637.0,0.61545575
638.0,638.0,0.6537265
639.0,639.0,0.3884536
640.0,640.0,0.6709508
641.0,641.0,0.66183454
642.0,642.0,0.53698134
643.0,643.0,0.65665305
644.0,644.0,0.62272173
645.0,645.0,0.70754445
646.0,646.0,0.5172789
647.0,647.0,0.65878975
648.0,648.0,0.6420438
649.0,649.0,0.7049626
650.0,650.0,0.5053243
651.0,651.0,0.39231285
652.0,652.0,0.39377484
653.0,653.0,0.6612702
654.0,654.0,0.5380813
655.0,655.0,0.6552013
656.0,656.0,0.6415946
657.0,657.0,0.51842445
658.0,658.0,0.5158762
659.0,659.0,0.5067387
660.0,660.0,0.6294861
661.0,661.0,0.6145822
662.0,662.0,0.65965265
663.0,663.0,0.7215471
664.0,664.0,0.50932896
665.0,665.0,0.6853397
666.0,666.0,0.723611
667.0,667.0,0.6721476
668.0,668.0,0.6819879
669.0,669.0,0.6205771
670.0,670.0,0.696146
671.0,671.0,0.51275516
672.0,672.0,0.51735187
673.0,673.0,0.6339655
674.0,674.0,0.6460717
675.0,675.0,0.5325327
676.0,676.0,0.5973345
677.0,677.0,0.6785884
678.0,678.0,0.6320829
679.0,679.0,0.63036186
680.0,680.0,0.6861962
681.0,681.0,0.510063
682.0,682.0,0.58945316
683.0,683.0,0.7141049
684.0,684.0,0.65717477
685.0,685.0,0.6257822
686.0,686.0,0.6751946
687.0,687.0,0.50579995
688.0,688.0,0.6548756
689.0,689.0,0.5067819
690.0,690.0,0.5147986
691.0,691.0,0.60203916
692.0,692.0,0.5053293
693.0,693.0,0.71029913
694.0,694.0,0.6654725
695.0,695.0,0.5050699
696.0,696.0,0.6792971
697.0,697.0,0.5627125
698.0,698.0,0.5064023
699.0,699.0,0.6772608
700.0,700.0,0.7028527
701.0,701.0,0.66993886
702.0,702.0,0.7083543
703.0,703.0,0.67825496
704.0,704.0,0.70075417
705.0,705.0,0.50473046
706.0,706.0,0.6471931
707.0,707.0,0.5182675
708.0,708.0,0.589378
709.0,709.0,0.5991653
710.0,710.0,0.90524983
711.0,711.0,0.6367852
712.0,712.0,0.63539237
713.0,713.0,0.70499045
714.0,714.0,0.5216329
715.0,715.0,0.63163877
716.0,716.0,0.75323695
717.0,717.0,0.64714247
718.0,718.0,0.60384345
719.0,719.0,0.82699865
720.0,720.0,0.50637645
721.0,721.0,0.7322568
722.0,722.0,0.59411216
723.0,723.0,0.6655728
724.0,724.0,0.7158497
725.0,725.0,0.5083203
726.0,726.0,0.7079916
727.0,727.0,0.6117374
728.0,728.0,0.6903808
729.0,729.0,0.5130191
730.0,730.0,0.593671
731.0,731.0,0.6859843
732.0,732.0,0.66377026
733.0,733.0,0.6358641
734.0,734.0,0.51058006
735.0,735.0,0.62490296
736.0,736.0,0.5169755
737.0,737.0,0.51167953
738.0,738.0,0.6461
739.0,739.0,0.63873655
740.0,740.0,0.537054
741.0,741.0,0.51139224
742.0,742.0,0.6467497
743.0,743.0,0.6836595
744.0,744.0,0.6972031
745.0,745.0,0.6680424
746.0,746.0,0.7776672
747.0,747.0,0.67648417
748.0,748.0,0.74621874
749.0,749.0,0.51796305
750.0,750.0,0.7116591
751.0,751.0,0.6720317
752.0,752.0,0.6898427
753.0,753.0,0.7170467
754.0,754.0,0.5346197
755.0,755.0,0.673391
756.0,756.0,0.64946157
757.0,757.0,0.5399565
758.0,758.0,0.5096515
759.0,759.0,0.695649
760.0,760.0,0.61992025
761.0,761.0,0.6352226
762.0,762.0,0.5982685
763.0,763.0,0.7140234
764.0,764.0,0.5092081
765.0,765.0,0.5976729
766.0,766.0,0.6213141
767.0,767.0,0.5216206
768.0,768.0,0.6680868
769.0,769.0,0.60934854
770.0,770.0,0.5357943
771.0,771.0,0.7027389
772.0,772.0,0.6004844
773.0,773.0,0.6080345
774.0,774.0,0.7070446
775.0,775.0,0.54950404
776.0,776.0,0.5948077
777.0,777.0,0.51401424
778.0,778.0,0.6138101
779.0,779.0,0.51473355
780.0,780.0,0.6555495
781.0,781.0,0.630469
782.0,782.0,0.6542646
783.0,783.0,0.50733536
784.0,784.0,0.5367298
785.0,785.0,0.50495857
786.0,786.0,0.51291096
787.0,787.0,0.51585305
788.0,788.0,0.5175693
789.0,789.0,0.5866039
790.0,790.0,0.5122966
791.0,791.0,0.63352525
792.0,792.0,0.6088052
793.0,793.0,0.5891381
794.0,794.0,0.62714833
795.0,795.0,0.51571393
796.0,796.0,0.50750405
797.0,797.0,0.62428194
798.0,798.0,0.6758203
799.0,799.0,0.8160789
800.0,800.0,0.5183508
801.0,801.0,0.59252465
802.0,802.0,0.58881617
803.0,803.0,0.62719125
804.0,804.0,0.6905728
805.0,805.0,0.6543057
806.0,806.0,0.6088975
807.0,807.0,0.6883739
808.0,808.0,0.71662456
809.0,809.0,0.5466957
810.0,810.0,0.6948885
811.0,811.0,0.66739494
812.0,812.0,0.58918846
813.0,813.0,0.5191341
814.0,814.0,0.6010761
815.0,815.0,0.70802456
816.0,816.0,0.5179234
817.0,817.0,0.6226573
818.0,818.0,0.63644385
819.0,819.0,0.50509673
820.0,820.0,0.5354903
821.0,821.0,0.63822705
822.0,822.0,0.4047362
823.0,823.0,0.5196009
824.0,824.0,0.5105487
825.0,825.0,0.6511329
826.0,826.0,0.51065874
827.0,827.0,0.52304685
828.0,828.0,0.50848997
829.0,829.0,0.66909695
830.0,830.0,0.7133056
831.0,831.0,0.541442
832.0,832.0,0.69549924
833.0,833.0,0.5043673
834.0,834.0,0.6454547
835.0,835.0,0.5045624
836.0,836.0,0.6533243
837.0,837.0,0.53645694
838.0,838.0,0.6257478
839.0,839.0,0.5096562
840.0,840.0,0.5084672
841.0,841.0,0.50783956
842.0,842.0,0.60467124
843.0,843.0,0.721325
844.0,844.0,0.5067418
845.0,845.0,0.59069586
846.0,846.0,0.6429183
847.0,847.0,0.6455435
848.0,848.0,0.6868563
849.0,849.0,0.51953334
850.0,850.0,0.5171586
851.0,851.0,0.9745605
852.0,852.0,0.7021913
853.0,853.0,0.5512137
854.0,854.0,0.55064195
855.0,855.0,0.6453781
856.0,856.0,0.5135661
857.0,857.0,0.66829455
858.0,858.0,0.6661655
859.0,859.0,0.8446457
860.0,860.0,0.6599098
861.0,861.0,0.5227475
862.0,862.0,0.513309
863.0,863.0,0.597225
864.0,864.0,0.49910864
865.0,865.0,0.512247
866.0,866.0,0.65050447
867.0,867.0,0.5311879
868.0,868.0,0.6918429
869.0,869.0,0.6845402
870.0,870.0,0.66556454
871.0,871.0,0.6358937
872.0,872.0,0.6892538
873.0,873.0,0.7546445
874.0,874.0,0.53898466
875.0,875.0,0.72088194
876.0,876.0,0.687666
877.0,877.0,0.66471094
878.0,878.0,0.50663924
879.0,879.0,0.5124334
880.0,880.0,0.6411436
881.0,881.0,0.6117584
882.0,882.0,0.70180345
883.0,883.0,0.58958054
884.0,884.0,0.51676345
885.0,885.0,0.49537563
886.0,886.0,0.60260856
887.0,887.0,0.5099414
888.0,888.0,0.6908733
889.0,889.0,0.71558625
890.0,890.0,0.7318248
891.0,891.0,0.51026636
892.0,892.0,0.5069745
893.0,893.0,0.50536263
894.0,894.0,0.5993648
895.0,895.0,0.534574
896.0,896.0,0.50782645
897.0,897.0,0.6010953
898.0,898.0,0.50601953
899.0,899.0,0.5210753
900.0,900.0,0.6657867
901.0,901.0,0.6534319
902.0,902.0,0.59115875
903.0,903.0,0.9549191
904.0,904.0,0.71474963
905.0,905.0,0.50463915
906.0,906.0,0.6652048
907.0,907.0,0.64197946
908.0,908.0,0.6008522
909.0,909.0,0.7138485
910.0,910.0,0.6595246
911.0,911.0,0.650423
912.0,912.0,0.6457659
913.0,913.0,0.6420442
914.0,914.0,0.7219221
915.0,915.0,0.6594488
916.0,916.0,0.51726013
917.0,917.0,0.5087202
918.0,918.0,0.6935054
919.0,919.0,0.59257084
920.0,920.0,0.60641485
921.0,921.0,0.4929813
922.0,922.0,0.5973319
923.0,923.0,0.6915819
924.0,924.0,0.6751499
925.0,925.0,0.62783915
926.0,926.0,0.59689265
927.0,927.0,0.590229
928.0,928.0,0.5085655
929.0,929.0,0.7022839
930.0,930.0,0.59467447
931.0,931.0,0.5950087
932.0,932.0,0.65437055
933.0,933.0,0.5143475
934.0,934.0,0.50636613
935.0,935.0,0.60140306
936.0,936.0,0.6575519
937.0,937.0,0.69809145
938.0,938.0,0.50568795
939.0,939.0,0.5082324
940.0,940.0,0.6284872
941.0,941.0,0.64322865
942.0,942.0,0.80002135
943.0,943.0,0.5951237
944.0,944.0,0.66099083
945.0,945.0,0.63582414
946.0,946.0,0.51296765
947.0,947.0,0.72288305
948.0,948.0,0.60059124
949.0,949.0,0.7025296
950.0,950.0,0.5140581
951.0,951.0,0.6627958
952.0,952.0,0.6773615
953.0,953.0,0.6667414
954.0,954.0,0.51714003
955.0,955.0,0.5897796
956.0,956.0,0.65918225
957.0,957.0,0.6038554
958.0,958.0,0.71445996
959.0,959.0,0.516565
960.0,960.0,0.50905275
961.0,961.0,0.66842425
962.0,962.0,0.5077502
963.0,963.0,0.5891438
964.0,964.0,0.63417876
965.0,965.0,0.74540466
966.0,966.0,0.7113487
967.0,967.0,0.6171356
968.0,968.0,0.5936642
969.0,969.0,0.8614101
970.0,970.0,0.5157896
971.0,971.0,0.5072394
972.0,972.0,0.50677407
973.0,973.0,0.505425
974.0,974.0,0.6050956
975.0,975.0,0.65440935
976.0,976.0,0.591253
977.0,977.0,0.6994927
978.0,978.0,0.7161069
979.0,979.0,0.64709896
980.0,980.0,0.53883386
981.0,981.0,0.6896897
982.0,982.0,0.51015294
983.0,983.0,0.6879017
984.0,984.0,0.5092403
985.0,985.0,0.5063598
986.0,986.0,0.5229802
987.0,987.0,0.70492786
988.0,988.0,0.5398861
989.0,989.0,0.67541313
990.0,990.0,0.7103409
991.0,991.0,0.6605464
992.0,992.0,0.725121
993.0,993.0,0.49655
994.0,994.0,0.63200104
995.0,995.0,0.5173044
996.0,996.0,0.5044222
997.0,997.0,0.50626385
998.0,998.0,0.5571091
999.0,999.0,0.5169354
1000.0,1000.0,0.51035136
1001.0,1001.0,0.6977795
1002.0,1002.0,0.6395579
1003.0,1003.0,0.51896685
1004.0,1004.0,0.6278833
1005.0,1005.0,0.50510687
1006.0,1006.0,0.65227205
1007.0,1007.0,0.64952105
1008.0,1008.0,0.5178943
1009.0,1009.0,0.65639716
1010.0,1010.0,0.39306036
1011.0,1011.0,0.679295
1012.0,1012.0,0.50811416
1013.0,1013.0,0.6161638
1014.0,1014.0,0.50695205
1015.0,1015.0,0.7159275
1016.0,1016.0,0.50521773
1017.0,1017.0,0.51853937
1018.0,1018.0,0.6549042
1019.0,1019.0,0.51722616
1020.0,1020.0,0.51359093
1021.0,1021.0,0.6064263
1022.0,1022.0,0.7173509
1023.0,1023.0,0.5956061
1024.0,1024.0,0.59094036
1025.0,1025.0,0.4250612
1026.0,1026.0,0.6472443
1027.0,1027.0,0.714132
1028.0,1028.0,0.70009923
1029.0,1029.0,0.6551156
1030.0,1030.0,0.51091886
1031.0,1031.0,0.5434739
1032.0,1032.0,0.5979371
1033.0,1033.0,0.50609964
1034.0,1034.0,0.5125218
1035.0,1035.0,0.59216434
1036.0,1036.0,0.6841581
1037.0,1037.0,0.5773695
1038.0,1038.0,0.66559106
1039.0,1039.0,0.51882935
1040.0,1040.0,0.59838516
1041.0,1041.0,0.5079255
1042.0,1042.0,0.50783765
1043.0,1043.0,0.70360017
1044.0,1044.0,0.51045233
1045.0,1045.0,0.7057209
1046.0,1046.0,0.70815575
1047.0,1047.0,0.52404195
1048.0,1048.0,0.5067595
1049.0,1049.0,0.53604704
1050.0,1050.0,0.6652358
1051.0,1051.0,0.7109996
1052.0,1052.0,0.7167558
1053.0,1053.0,0.6982895
1054.0,1054.0,0.5044371
1055.0,1055.0,0.66424966
1056.0,1056.0,0.5126894
1057.0,1057.0,0.6795503
1058.0,1058.0,0.5901074
1059.0,1059.0,0.6003487
1060.0,1060.0,0.5174551
1061.0,1061.0,0.58891064
1062.0,1062.0,0.7192869
1063.0,1063.0,0.597977
1064.0,1064.0,0.6421378
1065.0,1065.0,0.5091061
1066.0,1066.0,0.609003
1067.0,1067.0,0.59655654
1068.0,1068.0,0.62645113
1069.0,1069.0,0.6396963
1070.0,1070.0,0.70511985
1071.0,1071.0,0.6318351
1072.0,1072.0,0.50523776
1073.0,1073.0,0.9052024
1074.0,1074.0,0.6630097
1075.0,1075.0,0.6668052
1076.0,1076.0,0.54437065
1077.0,1077.0,0.8045419
1078.0,1078.0,0.6745978
1079.0,1079.0,0.5149287
1080.0,1080.0,0.50663596
1081.0,1081.0,0.5861071
1082.0,1082.0,0.5112665
1083.0,1083.0,0.58748263
1084.0,1084.0,0.69687885
1085.0,1085.0,0.5210785
1086.0,1086.0,0.3920695
1087.0,1087.0,0.50806683
1088.0,1088.0,0.5923503
1089.0,1089.0,0.67339617
1090.0,1090.0,0.51234925
1091.0,1091.0,0.5973
1092.0,1092.0,0.6376494
1093.0,1093.0,0.65027833
1094.0,1094.0,0.54338795
1095.0,1095.0,0.54549915
1096.0,1096.0,0.5606698
1097.0,1097.0,0.6035123
1098.0,1098.0,0.62824756
1099.0,1099.0,0.5075856
1100.0,1100.0,0.5341921
1101.0,1101.0,0.6885788
1102.0,1102.0,0.5081693
1103.0,1103.0,0.50617576
1104.0,1104.0,0.7148237
1105.0,1105.0,0.70938027
1106.0,1106.0,0.594997
1107.0,1107.0,0.51720214
1108.0,1108.0,0.51201093
1109.0,1109.0,0.6308411
1110.0,1110.0,0.5915386
1111.0,1111.0,0.6608073
1112.0,1112.0,0.66379076
1113.0,1113.0,0.6552306
1114.0,1114.0,0.67111653
1115.0,1115.0,0.53893554
1116.0,1116.0,0.51222104
1117.0,1117.0,0.49895844
1118.0,1118.0,0.6085457
1119.0,1119.0,0.7105747
1120.0,1120.0,0.6438126
1121.0,1121.0,0.68782693
1122.0,1122.0,0.5249726
1123.0,1123.0,0.51179415
1124.0,1124.0,0.7218924
1125.0,1125.0,0.6043894
1126.0,1126.0,0.5456383
1127.0,1127.0,0.6279937
1128.0,1128.0,0.5058001
1129.0,1129.0,0.72974855
1130.0,1130.0,0.51163185
1131.0,1131.0,0.6436207
1132.0,1132.0,0.6443799
1133.0,1133.0,0.68523294
1134.0,1134.0,0.5068209
1135.0,1135.0,0.6646695
1136.0,1136.0,0.5174291
1137.0,1137.0,0.50795364
1138.0,1138.0,0.67265606
1139.0,1139.0,0.68358487
1140.0,1140.0,0.6991194
1141.0,1141.0,0.6123514
1142.0,1142.0,0.5072004
1143.0,1143.0,0.50581825
1144.0,1144.0,0.59675926
1145.0,1145.0,0.59313536
1146.0,1146.0,0.5173695
1147.0,1147.0,0.50907904
1148.0,1148.0,0.5425434
1149.0,1149.0,0.51282406
1150.0,1150.0,0.6533605
1151.0,1151.0,0.68960524
1152.0,1152.0,0.60287994
1153.0,1153.0,0.5950977
1154.0,1154.0,0.5369062
1155.0,1155.0,0.615124
1156.0,1156.0,0.5156318
1157.0,1157.0,0.50571394
1158.0,1158.0,0.65471333
1159.0,1159.0,0.6222847
1160.0,1160.0,0.4136341
1161.0,1161.0,0.65323967
1162.0,1162.0,0.6342398
1163.0,1163.0,0.64550513
1164.0,1164.0,0.51004523
1165.0,1165.0,0.70714456
1166.0,1166.0,0.54519725
1167.0,1167.0,0.5100967
1168.0,1168.0,0.6787982
1169.0,1169.0,0.6026696
1170.0,1170.0,0.38975865
1171.0,1171.0,0.6296796
1172.0,1172.0,0.50958526
1173.0,1173.0,0.5076932
1174.0,1174.0,0.6770801
1175.0,1175.0,0.58762556
1176.0,1176.0,0.51392555
1177.0,1177.0,0.50836205
1178.0,1178.0,0.70993763
1179.0,1179.0,0.702973
1180.0,1180.0,0.515972
1181.0,1181.0,0.7032767
1182.0,1182.0,0.5048742
1183.0,1183.0,0.6829613
1184.0,1184.0,0.5452777
1185.0,1185.0,0.69762844
1186.0,1186.0,0.709965
1187.0,1187.0,0.50601995
1188.0,1188.0,0.62844676
1189.0,1189.0,0.6650419
1190.0,1190.0,0.6342317
1191.0,1191.0,0.58679664
1192.0,1192.0,0.5224624
1193.0,1193.0,0.60489446
1194.0,1194.0,0.5048322
1195.0,1195.0,0.5060895
1196.0,1196.0,0.5214795
1197.0,1197.0,0.64990705
1198.0,1198.0,0.6247883
1199.0,1199.0,0.67767334
1200.0,1200.0,0.68194574
1201.0,1201.0,0.51097375
1202.0,1202.0,0.5130423
1203.0,1203.0,0.51980895
1204.0,1204.0,0.5199552
1205.0,1205.0,0.6614711
1206.0,1206.0,0.7057972
1207.0,1207.0,0.514878
1208.0,1208.0,0.67465156
1209.0,1209.0,0.678974
1210.0,1210.0,0.51521236
1211.0,1211.0,0.4936718
1212.0,1212.0,0.7217738
1213.0,1213.0,0.7047852
1214.0,1214.0,0.6834556
1215.0,1215.0,0.720675
1216.0,1216.0,0.7157064
1217.0,1217.0,0.6232807
1218.0,1218.0,0.80997086
1219.0,1219.0,0.68274754
1220.0,1220.0,0.5053732
1221.0,1221.0,0.6374493
1222.0,1222.0,0.5054772
1223.0,1223.0,0.52013123
1224.0,1224.0,0.6329429
1225.0,1225.0,0.60765415
1226.0,1226.0,0.6968554
1227.0,1227.0,0.6839054
1228.0,1228.0,0.70712906
1229.0,1229.0,0.650031
1230.0,1230.0,0.51169676
1231.0,1231.0,0.55472445
1232.0,1232.0,0.5872617
1233.0,1233.0,0.6696903
1234.0,1234.0,0.59625596
1235.0,1235.0,0.50520885
1236.0,1236.0,0.69040734
1237.0,1237.0,0.6759935
1238.0,1238.0,0.6319294
1239.0,1239.0,0.6925101
1240.0,1240.0,0.50940734
1241.0,1241.0,0.6024142
1242.0,1242.0,0.51120186
1243.0,1243.0,0.5071685
1244.0,1244.0,0.63922936
1245.0,1245.0,0.691245
1246.0,1246.0,0.7160113
1247.0,1247.0,0.6046122
1248.0,1248.0,0.6606307
1249.0,1249.0,0.69118917
1250.0,1250.0,0.6627984
1251.0,1251.0,0.5281747
1252.0,1252.0,0.50914395
1253.0,1253.0,0.6837488
1254.0,1254.0,0.6607866
1255.0,1255.0,0.63006306
1256.0,1256.0,0.68176425
1257.0,1257.0,0.5905151
1258.0,1258.0,0.58972096
1259.0,1259.0,0.70848995
1260.0,1260.0,0.5075744
1261.0,1261.0,0.618463
1262.0,1262.0,0.49297997
1263.0,1263.0,0.8445637
1264.0,1264.0,0.6603632
1265.0,1265.0,0.50941885
1266.0,1266.0,0.6662575
1267.0,1267.0,0.65238357
1268.0,1268.0,0.5095601
1269.0,1269.0,0.5367953
1270.0,1270.0,0.5211972
1271.0,1271.0,0.55379975
1272.0,1272.0,0.51762223
1273.0,1273.0,0.5049772
1274.0,1274.0,0.7056411
1275.0,1275.0,0.50668377
1276.0,1276.0,0.50449985
1277.0,1277.0,0.6715449
1278.0,1278.0,0.518586
1279.0,1279.0,0.63510185
1280.0,1280.0,0.6263926
1281.0,1281.0,0.61961085
1282.0,1282.0,0.50744945
1283.0,1283.0,0.62725115
1284.0,1284.0,0.52350336
1285.0,1285.0,0.6500692
1286.0,1286.0,0.5065432
1287.0,1287.0,0.70981544
1288.0,1288.0,0.6704899
1289.0,1289.0,0.71547824
1290.0,1290.0,0.5169366
1291.0,1291.0,0.6970142
1292.0,1292.0,0.6408942
1293.0,1293.0,0.6402956
1294.0,1294.0,0.6574221
1295.0,1295.0,0.65316147
1296.0,1296.0,0.6936198
1297.0,1297.0,0.641828
1298.0,1298.0,0.6372264
1299.0,1299.0,0.6406051
1300.0,1300.0,0.6532266
1301.0,1301.0,0.61459804
1302.0,1302.0,0.5075712
1303.0,1303.0,0.62634254
1304.0,1304.0,0.6057926
1305.0,1305.0,0.50804317
1306.0,1306.0,0.6876368
1307.0,1307.0,0.52585435
1308.0,1308.0,0.53419024
1309.0,1309.0,0.5276284
1310.0,1310.0,0.5176845
1311.0,1311.0,0.54966533
1312.0,1312.0,0.64151525
1313.0,1313.0,0.6963143
1314.0,1314.0,0.51074094
1315.0,1315.0,0.5052774
1316.0,1316.0,0.81123346
1317.0,1317.0,0.51706094
1318.0,1318.0,0.7034184
1319.0,1319.0,0.504693
1320.0,1320.0,0.6488969
1321.0,1321.0,0.5162002
1322.0,1322.0,0.5176712
1323.0,1323.0,0.510867
1324.0,1324.0,0.71625626
1325.0,1325.0,0.65402657
1326.0,1326.0,0.51043344
1327.0,1327.0,0.50712353
1328.0,1328.0,0.54704756
1329.0,1329.0,0.6342403
1330.0,1330.0,0.5265651
1331.0,1331.0,0.66183573
1332.0,1332.0,0.5892575
1333.0,1333.0,0.6570213
1334.0,1334.0,0.51261234
1335.0,1335.0,0.64215475
1336.0,1336.0,0.70041186
1337.0,1337.0,0.5293183
1338.0,1338.0,0.5185626
1339.0,1339.0,0.5298225
1340.0,1340.0,0.6810776
1341.0,1341.0,0.5411011
1342.0,1342.0,0.7066726
1343.0,1343.0,0.6739679
1344.0,1344.0,0.6631302
1345.0,1345.0,0.70415765
1346.0,1346.0,0.5059892
1347.0,1347.0,0.5042908
1348.0,1348.0,0.5093836
1349.0,1349.0,0.6728014
1350.0,1350.0,0.53032804
1351.0,1351.0,0.6870478
1352.0,1352.0,0.6271585
1353.0,1353.0,0.5056912
1354.0,1354.0,0.6934346
1355.0,1355.0,0.67268836
1356.0,1356.0,0.6732236
1357.0,1357.0,0.5090737
1358.0,1358.0,0.6909766
1359.0,1359.0,0.5088724
1360.0,1360.0,0.50440586
1361.0,1361.0,0.5379177
1362.0,1362.0,0.598359
1363.0,1363.0,0.5094045
1364.0,1364.0,0.39308536
1365.0,1365.0,0.6237814
1366.0,1366.0,0.65361553
1367.0,1367.0,0.6623073
1368.0,1368.0,0.6485095
1369.0,1369.0,0.5097067
1370.0,1370.0,0.5334825
1371.0,1371.0,0.7161725
1372.0,1372.0,0.54990953
1373.0,1373.0,0.53097713
1374.0,1374.0,0.68372566
1375.0,1375.0,0.6478613
1376.0,1376.0,0.6919168
1377.0,1377.0,0.6065358
1378.0,1378.0,0.7062855
1379.0,1379.0,0.6518337
1380.0,1380.0,0.7035478
1381.0,1381.0,0.70266575
1382.0,1382.0,0.51467687
1383.0,1383.0,0.6486004
1384.0,1384.0,0.5076602
1385.0,1385.0,0.66933453
1386.0,1386.0,0.55256385
1387.0,1387.0,0.6243712
1388.0,1388.0,0.6334767
1389.0,1389.0,0.5486354
1390.0,1390.0,0.58844435
1391.0,1391.0,0.50500935
1392.0,1392.0,0.59441745
1393.0,1393.0,0.5092715
1394.0,1394.0,0.50672865
1395.0,1395.0,0.50575715
1396.0,1396.0,0.5128955
1397.0,1397.0,0.5088406
1398.0,1398.0,0.70077986
1399.0,1399.0,0.5331029
1400.0,1400.0,0.4931364
1401.0,1401.0,0.60939544
1402.0,1402.0,0.66520184
1403.0,1403.0,0.5045084
1404.0,1404.0,0.6060834
1405.0,1405.0,0.70247066
1406.0,1406.0,0.7778014
1407.0,1407.0,0.53028685
1408.0,1408.0,0.7002894
1409.0,1409.0,0.65092665
1410.0,1410.0,0.5069997
1411.0,1411.0,0.51050365
1412.0,1412.0,0.662051
1413.0,1413.0,0.54715437
1414.0,1414.0,0.5086986
1415.0,1415.0,0.5043959
1416.0,1416.0,0.6168682
1417.0,1417.0,0.5131097
1418.0,1418.0,0.6213022
1419.0,1419.0,0.51761204
1420.0,1420.0,0.5078455
1421.0,1421.0,0.6377807
1422.0,1422.0,0.59453374
1423.0,1423.0,0.60673165
1424.0,1424.0,0.5214152
1425.0,1425.0,0.64404124
1426.0,1426.0,0.65479755
1427.0,1427.0,0.6991733
1428.0,1428.0,0.6047079
1429.0,1429.0,0.54053634
1430.0,1430.0,0.5151453
1431.0,1431.0,0.5152726
1432.0,1432.0,0.5104537
1433.0,1433.0,0.61749613
1434.0,1434.0,0.6954251
1435.0,1435.0,0.51530135
1436.0,1436.0,0.5487694
1437.0,1437.0,0.50896615
1438.0,1438.0,0.60894036
1439.0,1439.0,0.6723599
1440.0,1440.0,0.505156
1441.0,1441.0,0.5169314
1442.0,1442.0,0.6934861
1443.0,1443.0,0.5294741
1444.0,1444.0,0.50586504
1445.0,1445.0,0.81653506
1446.0,1446.0,0.526426
1447.0,1447.0,0.52316827
1448.0,1448.0,0.5969757
1449.0,1449.0,0.69282603
1450.0,1450.0,0.65132356
1451.0,1451.0,0.5913088
1452.0,1452.0,0.63177043
1453.0,1453.0,0.6342283
1454.0,1454.0,0.68721336
1455.0,1455.0,0.6330398
1456.0,1456.0,0.50947285
1457.0,1457.0,0.6579257
1458.0,1458.0,0.7153249
1459.0,1459.0,0.5411372
1460.0,1460.0,0.39216647
1461.0,1461.0,0.6101999
1462.0,1462.0,0.5092655
1463.0,1463.0,0.3942993
1464.0,1464.0,0.6677882
1465.0,1465.0,0.5058338
1466.0,1466.0,0.5909555
1467.0,1467.0,0.51020384
1468.0,1468.0,0.6371443
1469.0,1469.0,0.5878722
1470.0,1470.0,0.50438887
1471.0,1471.0,0.52508795
1472.0,1472.0,0.68932176
1473.0,1473.0,0.50908816
1474.0,1474.0,0.6701878
1475.0,1475.0,0.6481295
1476.0,1476.0,0.6908131
1477.0,1477.0,0.51591647
1478.0,1478.0,0.7130299
1479.0,1479.0,0.65479434
1480.0,1480.0,0.51045936
1481.0,1481.0,0.6623643
1482.0,1482.0,0.506794
1483.0,1483.0,0.6848045
1484.0,1484.0,0.6380975
1485.0,1485.0,0.68954825
1486.0,1486.0,0.5396447
1487.0,1487.0,0.51162916
1488.0,1488.0,0.6954504
1489.0,1489.0,0.5011947
1490.0,1490.0,0.5923803
1491.0,1491.0,0.67880315
1492.0,1492.0,0.69288194
1493.0,1493.0,0.62498283
1494.0,1494.0,0.49598897
1495.0,1495.0,0.53119916
1496.0,1496.0,0.6794737
1497.0,1497.0,0.65109855
1498.0,1498.0,0.7000955
1499.0,1499.0,0.6258011
1500.0,1500.0,0.7009531
1501.0,1501.0,0.7076474
1502.0,1502.0,0.60084873
1503.0,1503.0,0.5105314
1504.0,1504.0,0.50925976
1505.0,1505.0,0.5911292
1506.0,1506.0,0.6388572
1507.0,1507.0,0.50815046
1508.0,1508.0,0.6934758
1509.0,1509.0,0.6982238
1510.0,1510.0,0.5087588
1511.0,1511.0,0.51118565
1512.0,1512.0,0.6599465
1513.0,1513.0,0.63819927
1514.0,1514.0,0.6963383
1515.0,1515.0,0.65211093
1516.0,1516.0,0.7358419
1517.0,1517.0,0.69676083
1518.0,1518.0,0.651961
1519.0,1519.0,0.5966362
1520.0,1520.0,0.6894228
1521.0,1521.0,0.6850479
1522.0,1522.0,0.5085855
1523.0,1523.0,0.7098363
1524.0,1524.0,0.6491257
1525.0,1525.0,0.52044696
1526.0,1526.0,0.51889724
1527.0,1527.0,0.51062137
1528.0,1528.0,0.59330124
1529.0,1529.0,0.7441729
1530.0,1530.0,0.61724585
1531.0,1531.0,0.505232
1532.0,1532.0,0.51343787
1533.0,1533.0,0.5084573
1534.0,1534.0,0.5092014
1535.0,1535.0,0.66344553
1536.0,1536.0,0.70275617
1537.0,1537.0,0.5321108
1538.0,1538.0,0.5126551
1539.0,1539.0,0.6917201
1540.0,1540.0,0.5908694
1541.0,1541.0,0.61102927
1542.0,1542.0,0.50527006
1543.0,1543.0,0.51115906
1544.0,1544.0,0.65764785
1545.0,1545.0,0.51454663
1546.0,1546.0,0.5902253
1547.0,1547.0,0.5160763
1548.0,1548.0,0.6034051
1549.0,1549.0,0.67844296
1550.0,1550.0,0.437382
1551.0,1551.0,0.5132639
1552.0,1552.0,0.6705371
1553.0,1553.0,0.6564747
1554.0,1554.0,0.7216511
1555.0,1555.0,0.5112484
1556.0,1556.0,0.61836094
1557.0,1557.0,0.61443967
1558.0,1558.0,0.5048288
1559.0,1559.0,0.6954655
1560.0,1560.0,0.7153394
1561.0,1561.0,0.8315766
1562.0,1562.0,0.68637085
1563.0,1563.0,0.6310753
1564.0,1564.0,0.5328092
1565.0,1565.0,0.6888544
1566.0,1566.0,0.685699
1567.0,1567.0,0.68412983
1568.0,1568.0,0.6339948
1569.0,1569.0,0.51192373
1570.0,1570.0,0.50617
1571.0,1571.0,0.59694874
1572.0,1572.0,0.6851316
1573.0,1573.0,0.7434082
1574.0,1574.0,0.59475946
1575.0,1575.0,0.7265698
1576.0,1576.0,0.5044219
1577.0,1577.0,0.5924225
1578.0,1578.0,0.6648856
1579.0,1579.0,0.506936
1580.0,1580.0,0.58748215
1581.0,1581.0,0.6493501
1582.0,1582.0,0.5108386
1583.0,1583.0,0.5087811
1584.0,1584.0,0.6925185
1585.0,1585.0,0.6908182
1586.0,1586.0,0.51057065
1587.0,1587.0,0.68298066
1588.0,1588.0,0.508839
1589.0,1589.0,0.67521125
1590.0,1590.0,0.6975835
1591.0,1591.0,0.59697056
1592.0,1592.0,0.51085687
1593.0,1593.0,0.5348156
1594.0,1594.0,0.51915437
1595.0,1595.0,0.504951
1596.0,1596.0,0.65291697
1597.0,1597.0,0.51772165
1598.0,1598.0,0.62337214
1599.0,1599.0,0.7034577
1600.0,1600.0,0.508485
1601.0,1601.0,0.5878468
1602.0,1602.0,0.5992369
1603.0,1603.0,0.6322227
1604.0,1604.0,0.72452235
1605.0,1605.0,0.69266844
1606.0,1606.0,0.6928046
1607.0,1607.0,0.70700574
1608.0,1608.0,0.5366088
1609.0,1609.0,0.53394383
1610.0,1610.0,0.6261803
1611.0,1611.0,0.63220453
1612.0,1612.0,0.5108282
1613.0,1613.0,0.6907535
1614.0,1614.0,0.63890547
1615.0,1615.0,0.62407273
1616.0,1616.0,0.70682406
1617.0,1617.0,0.5361897
1618.0,1618.0,0.50501686
1619.0,1619.0,0.68657696
1620.0,1620.0,0.5405245
1621.0,1621.0,0.65490216
1622.0,1622.0,0.7054961
1623.0,1623.0,0.5338334
1624.0,1624.0,0.52336544
1625.0,1625.0,0.59886116
1626.0,1626.0,0.6916172
1627.0,1627.0,0.60404974
1628.0,1628.0,0.68506366
1629.0,1629.0,0.50174046
1630.0,1630.0,0.5085983
1631.0,1631.0,0.66923594
1632.0,1632.0,0.71885324
1633.0,1633.0,0.6911951
1634.0,1634.0,0.5155794
1635.0,1635.0,0.7050707
1636.0,1636.0,0.58852845
1637.0,1637.0,0.6862868
1638.0,1638.0,0.5097177
1639.0,1639.0,0.6061473
1640.0,1640.0,0.5178762
1641.0,1641.0,0.66817963
1642.0,1642.0,0.6051518
1643.0,1643.0,0.518698
1644.0,1644.0,0.5044816
1645.0,1645.0,0.64134777
1646.0,1646.0,0.5120246
1647.0,1647.0,0.5996871
1648.0,1648.0,0.55521727
1649.0,1649.0,0.6086078
1650.0,1650.0,0.68261135
1651.0,1651.0,0.53107417
1652.0,1652.0,0.50459975
1653.0,1653.0,0.6869919
1654.0,1654.0,0.7067069
1655.0,1655.0,0.68392324
1656.0,1656.0,0.64882946
1657.0,1657.0,0.5467641
1658.0,1658.0,0.6846492
1659.0,1659.0,0.66926044
1660.0,1660.0,0.50419885
1661.0,1661.0,0.6628734
1662.0,1662.0,0.543718
1663.0,1663.0,0.70289576
1664.0,1664.0,0.5503631
1665.0,1665.0,0.5184522
1666.0,1666.0,0.7073021
1667.0,1667.0,0.6562838
1668.0,1668.0,0.5052996
1669.0,1669.0,0.6302185
1670.0,1670.0,0.6816045
1671.0,1671.0,0.6058996
1672.0,1672.0,0.5124863
1673.0,1673.0,0.6356914
1674.0,1674.0,0.5944575
1675.0,1675.0,0.51670414
1676.0,1676.0,0.53965676
1677.0,1677.0,0.5996413
1678.0,1678.0,0.6568891
1679.0,1679.0,0.6054363
1680.0,1680.0,0.5911717
1681.0,1681.0,0.5089112
1682.0,1682.0,0.59530085
1683.0,1683.0,0.5533351
1684.0,1684.0,0.60396826
1685.0,1685.0,0.6173757
1686.0,1686.0,0.6308656
1687.0,1687.0,0.5045489
1688.0,1688.0,0.6666869
1689.0,1689.0,0.696592
1690.0,1690.0,0.6840265
1691.0,1691.0,0.51309437
1692.0,1692.0,0.38831025
1693.0,1693.0,0.65552497
1694.0,1694.0,0.65536773
1695.0,1695.0,0.687814
1696.0,1696.0,0.53821963
1697.0,1697.0,0.704604
1698.0,1698.0,0.5941477
1699.0,1699.0,0.6714562
1700.0,1700.0,0.62989575
1701.0,1701.0,0.7192351
1702.0,1702.0,0.510575
1703.0,1703.0,0.6544723
1704.0,1704.0,0.5507898
1705.0,1705.0,0.6745792
1706.0,1706.0,0.6963845
1707.0,1707.0,0.5384442
1708.0,1708.0,0.6009948
1709.0,1709.0,0.5112092
1710.0,1710.0,0.39801353
1711.0,1711.0,0.6476614
1712.0,1712.0,0.5177871
1713.0,1713.0,0.5997703
1714.0,1714.0,0.70072925
1715.0,1715.0,0.5934124
1716.0,1716.0,0.58832616
1717.0,1717.0,0.54733187
1718.0,1718.0,0.6632817
1719.0,1719.0,0.7044591
1720.0,1720.0,0.6811114
1721.0,1721.0,0.51055586
1722.0,1722.0,0.50480986
1723.0,1723.0,0.64112264
1724.0,1724.0,0.5549763
1725.0,1725.0,0.7150287
1726.0,1726.0,0.51489764
1727.0,1727.0,0.6607962
1728.0,1728.0,0.6635108
1729.0,1729.0,0.5056115
1730.0,1730.0,0.52532613
1731.0,1731.0,0.6850195
1732.0,1732.0,0.42442596
1733.0,1733.0,0.64902335
1734.0,1734.0,0.6687007
1735.0,1735.0,0.52205515
1736.0,1736.0,0.63327247
1737.0,1737.0,0.7200795
1738.0,1738.0,0.5976441
1739.0,1739.0,0.58595186
1740.0,1740.0,0.50488335
1741.0,1741.0,0.51279074
1742.0,1742.0,0.53777605
1743.0,1743.0,0.59217536
1744.0,1744.0,0.704018
1745.0,1745.0,0.5142689
1746.0,1746.0,0.5277551
1747.0,1747.0,0.5318785
1748.0,1748.0,0.5887543
1749.0,1749.0,0.68439555
1750.0,1750.0,0.5544851
1751.0,1751.0,0.5114915
1752.0,1752.0,0.79381657
1753.0,1753.0,0.5889084
1754.0,1754.0,0.54284674
1755.0,1755.0,0.63297904
1756.0,1756.0,0.5114557
1757.0,1757.0,0.5121573
1758.0,1758.0,0.62217504
1759.0,1759.0,0.64890206
1760.0,1760.0,0.6703378
1761.0,1761.0,0.69687676
1762.0,1762.0,0.6329068
1763.0,1763.0,0.5093347
1764.0,1764.0,0.5095961
1765.0,1765.0,0.51101846
1766.0,1766.0,0.69549704
1767.0,1767.0,0.51213384
1768.0,1768.0,0.6343868
1769.0,1769.0,0.62715846
1770.0,1770.0,0.6626037
1771.0,1771.0,0.49529642
1772.0,1772.0,0.66264194
1773.0,1773.0,0.5905998
1774.0,1774.0,0.5118214
1775.0,1775.0,0.6785976
1776.0,1776.0,0.5064246
1777.0,1777.0,0.5442362
1778.0,1778.0,0.5345798
1779.0,1779.0,0.52106106
1780.0,1780.0,0.6379985
1781.0,1781.0,0.6230804
1782.0,1782.0,0.5163781
1783.0,1783.0,0.5914048
1784.0,1784.0,0.5092537
1785.0,1785.0,0.53769743
1786.0,1786.0,0.6222206
1787.0,1787.0,0.63410467
1788.0,1788.0,0.6419177
1789.0,1789.0,0.6662322
1790.0,1790.0,0.39384425
1791.0,1791.0,0.6644407
1792.0,1792.0,0.5900915
1793.0,1793.0,0.52209663
1794.0,1794.0,0.5096376
1795.0,1795.0,0.6779313
1796.0,1796.0,0.5048281
1797.0,1797.0,0.7038449
1798.0,1798.0,0.5054555
1799.0,1799.0,0.6461477
1800.0,1800.0,0.39575946
1801.0,1801.0,0.51085013
1802.0,1802.0,0.71293044
1803.0,1803.0,0.71001655
1804.0,1804.0,0.5099444
1805.0,1805.0,0.60564375
1806.0,1806.0,0.627483
1807.0,1807.0,0.523454
1808.0,1808.0,0.6962131
1809.0,1809.0,0.764277
1810.0,1810.0,0.5183399
1811.0,1811.0,0.8356336
1812.0,1812.0,0.7099027
1813.0,1813.0,0.5102656
1814.0,1814.0,0.63497484
1815.0,1815.0,0.5065583
1816.0,1816.0,0.5064014
1817.0,1817.0,0.537261
1818.0,1818.0,0.62860304
1819.0,1819.0,0.52717716
1820.0,1820.0,0.6118381
1821.0,1821.0,0.61035407
1822.0,1822.0,0.53058094
1823.0,1823.0,0.67705584
1824.0,1824.0,0.50950295
1825.0,1825.0,0.5121966
1826.0,1826.0,0.6825879
1827.0,1827.0,0.6614473
1828.0,1828.0,0.5404209
1829.0,1829.0,0.68681
1830.0,1830.0,0.67289275
1831.0,1831.0,0.51644075
1832.0,1832.0,0.6974362
1833.0,1833.0,0.5057797
1834.0,1834.0,0.54514825
1835.0,1835.0,0.81998134
1836.0,1836.0,0.6475066
1837.0,1837.0,0.65852916
1838.0,1838.0,0.6305339
1839.0,1839.0,0.5929979
1840.0,1840.0,0.94472957
1841.0,1841.0,0.53373396
1842.0,1842.0,0.6255029
1843.0,1843.0,0.7029919
1844.0,1844.0,0.6847889
1845.0,1845.0,0.5088082
1846.0,1846.0,0.5192358
1847.0,1847.0,0.662069
1848.0,1848.0,0.5198062
1849.0,1849.0,0.5995994
1850.0,1850.0,0.65714455
1851.0,1851.0,0.6204208
1852.0,1852.0,0.71564907
1853.0,1853.0,0.66029817
1854.0,1854.0,0.4955352
1855.0,1855.0,0.59966254
1856.0,1856.0,0.6324646
1857.0,1857.0,0.6710265
1858.0,1858.0,0.64708376
1859.0,1859.0,0.5053469
1860.0,1860.0,0.63647556
1861.0,1861.0,0.6203807
1862.0,1862.0,0.7345418
1863.0,1863.0,0.53645694
1864.0,1864.0,0.70216984
1865.0,1865.0,0.6455307
1866.0,1866.0,0.66405815
1867.0,1867.0,0.6309309
1868.0,1868.0,0.6364297
1869.0,1869.0,0.5345727
1870.0,1870.0,0.5295379
1871.0,1871.0,0.5148541
1872.0,1872.0,0.6308765
1873.0,1873.0,0.6870552
1874.0,1874.0,0.6707489
1875.0,1875.0,0.63274604
1876.0,1876.0,0.5384076
1877.0,1877.0,0.50771964
1878.0,1878.0,0.5114405
1879.0,1879.0,0.6399839
1880.0,1880.0,0.5049868
1881.0,1881.0,0.6856502
1882.0,1882.0,0.60551614
1883.0,1883.0,0.5906506
1884.0,1884.0,0.6269162
1885.0,1885.0,0.7018721
1886.0,1886.0,0.7108866
1887.0,1887.0,0.50851095
1888.0,1888.0,0.50523144
1889.0,1889.0,0.60542935
1890.0,1890.0,0.70347184
1891.0,1891.0,0.5302402
1892.0,1892.0,0.51530266
1893.0,1893.0,0.6457349
1894.0,1894.0,0.5905564
1895.0,1895.0,0.70288897
1896.0,1896.0,0.6268552
1897.0,1897.0,0.51013434
1898.0,1898.0,0.65003085
1899.0,1899.0,0.6981329
1900.0,1900.0,0.5043773
1901.0,1901.0,0.5276651
1902.0,1902.0,0.6524648
1903.0,1903.0,0.6323505
1904.0,1904.0,0.7050426
1905.0,1905.0,0.6422103
1906.0,1906.0,0.5459415
1907.0,1907.0,0.7041083
1908.0,1908.0,0.71062243
1909.0,1909.0,0.67973286
1910.0,1910.0,0.52052593
1911.0,1911.0,0.69382143
1912.0,1912.0,0.662724
1913.0,1913.0,0.5109726
1914.0,1914.0,0.659897
1915.0,1915.0,0.50509685
1916.0,1916.0,0.52229214
1917.0,1917.0,0.71482897
1918.0,1918.0,0.5203757
1919.0,1919.0,0.6465108
1920.0,1920.0,0.6040613
1921.0,1921.0,0.50752467
1922.0,1922.0,0.54532003
1923.0,1923.0,0.6883253
1924.0,1924.0,0.7065345
1925.0,1925.0,0.51945424
1926.0,1926.0,0.51241374
1927.0,1927.0,0.70060575
1928.0,1928.0,0.64031065
1929.0,1929.0,0.6484438
1930.0,1930.0,0.6144791
1931.0,1931.0,0.6665264
1932.0,1932.0,0.65557563
1933.0,1933.0,0.6857176
1934.0,1934.0,0.51020664
1935.0,1935.0,0.5236348
1936.0,1936.0,0.6129278
1937.0,1937.0,0.6750526
1938.0,1938.0,0.5980092
1939.0,1939.0,0.54448414
1940.0,1940.0,0.5067771
1941.0,1941.0,0.5128552
1942.0,1942.0,0.50927025
1943.0,1943.0,0.72027934
1944.0,1944.0,0.65121096
1945.0,1945.0,0.6084653
1946.0,1946.0,0.60087955
1947.0,1947.0,0.53424066
1948.0,1948.0,0.6391893
1949.0,1949.0,0.5163753
1950.0,1950.0,0.65225154
1951.0,1951.0,0.71948856
1952.0,1952.0,0.51984686
1953.0,1953.0,0.59154785
1954.0,1954.0,0.5322973
1955.0,1955.0,0.5165667
1956.0,1956.0,0.66575277
1957.0,1957.0,0.64755464
1958.0,1958.0,0.5891473
1959.0,1959.0,0.7088397
1960.0,1960.0,0.50949556
1961.0,1961.0,0.49635822
1962.0,1962.0,0.6838226
1963.0,1963.0,0.68105614
1964.0,1964.0,0.50505275
1965.0,1965.0,0.6622615
1966.0,1966.0,0.6603152
1967.0,1967.0,0.6781721
1968.0,1968.0,0.538801
1969.0,1969.0,0.59208184
1970.0,1970.0,0.6614224
1971.0,1971.0,0.66618973
1972.0,1972.0,0.63159
1973.0,1973.0,0.60903364
1974.0,1974.0,0.6439513
1975.0,1975.0,0.66149676
1976.0,1976.0,0.7456042
1977.0,1977.0,0.66645086
1978.0,1978.0,0.59650797
1979.0,1979.0,0.5051953
1980.0,1980.0,0.66441905
1981.0,1981.0,0.66730344
1982.0,1982.0,0.65715057
1983.0,1983.0,0.638223
1984.0,1984.0,0.6900326
1985.0,1985.0,0.6509949
1986.0,1986.0,0.52190477
1987.0,1987.0,0.66198933
1988.0,1988.0,0.3923441
