x,y,species max
1.0,1.0,0.6322994
2.0,2.0,0.64176893
3.0,3.0,0.6342778
4.0,4.0,0.6411111
5.0,5.0,0.6373844
6.0,6.0,0.55099565
7.0,7.0,0.6957948
8.0,8.0,0.6342778
9.0,9.0,0.5523447
10.0,10.0,0.55811304
11.0,11.0,0.65710443
12.0,12.0,0.58472973
13.0,13.0,0.55353516
14.0,14.0,0.550767
15.0,15.0,0.59811574
16.0,16.0,0.83458555
17.0,17.0,0.6342778
18.0,18.0,0.69950575
19.0,19.0,0.6418933
20.0,20.0,0.6393134
21.0,21.0,0.6525937
22.0,22.0,0.6540925
23.0,23.0,0.63503766
24.0,24.0,0.64011437
25.0,25.0,0.6342778
26.0,26.0,0.66379225
27.0,27.0,0.6284533
28.0,28.0,0.6342778
29.0,29.0,0.65179724
30.0,30.0,0.67272395
31.0,31.0,0.64870036
32.0,32.0,0.55263114
33.0,33.0,0.6300692
34.0,34.0,0.7535607
35.0,35.0,0.7535607
36.0,36.0,0.7535607
37.0,37.0,0.69034916
38.0,38.0,0.6342778
39.0,39.0,0.6257762
40.0,40.0,0.63044393
41.0,41.0,0.65356964
42.0,42.0,0.62845355
43.0,43.0,0.64654785
44.0,44.0,0.69351655
45.0,45.0,0.6746038
46.0,46.0,0.7479601
47.0,47.0,0.6367366
48.0,48.0,0.66647077
49.0,49.0,0.69193697
50.0,50.0,0.6542389
51.0,51.0,0.6457616
52.0,52.0,0.6463194
53.0,53.0,0.66349643
54.0,54.0,0.6232962
55.0,55.0,0.6119574
56.0,56.0,0.6381613
57.0,57.0,0.6558205
58.0,58.0,0.7535607
59.0,59.0,0.58472973
60.0,60.0,0.5847298
61.0,61.0,0.6302522
62.0,62.0,0.6362398
63.0,63.0,0.6342778
64.0,64.0,0.5890285
65.0,65.0,0.64368695
66.0,66.0,0.6405089
67.0,67.0,0.7000352
68.0,68.0,0.6358692
69.0,69.0,0.6715856
70.0,70.0,0.5559626
71.0,71.0,0.5503584
72.0,72.0,0.6379562
73.0,73.0,0.54996777
74.0,74.0,0.7006969
75.0,75.0,0.63297564
76.0,76.0,0.6390281
77.0,77.0,0.6302522
78.0,78.0,0.6653846
79.0,79.0,0.6427437
80.0,80.0,0.6609438
81.0,81.0,0.6586587
82.0,82.0,0.63569695
83.0,83.0,0.6374642
84.0,84.0,0.6345668
85.0,85.0,0.5890285
86.0,86.0,0.64816386
87.0,87.0,0.7009615
88.0,88.0,0.6380703
89.0,89.0,0.69093066
90.0,90.0,0.5501864
91.0,91.0,0.7491054
92.0,92.0,0.7313292
93.0,93.0,0.6605448
94.0,94.0,0.6428202
95.0,95.0,0.66320187
96.0,96.0,0.558634
97.0,97.0,0.640853
98.0,98.0,0.6342778
99.0,99.0,0.710459
100.0,100.0,0.63129926
101.0,101.0,0.63059247
102.0,102.0,0.725587
103.0,103.0,0.64136803
104.0,104.0,0.6302522
105.0,105.0,0.6485475
106.0,106.0,0.6593018
107.0,107.0,0.6837185
108.0,108.0,0.64639795
109.0,109.0,0.6610491
110.0,110.0,0.8597727
111.0,111.0,0.63225603
112.0,112.0,0.70664036
113.0,113.0,0.6609294
114.0,114.0,0.6342778
115.0,115.0,0.6446736
116.0,116.0,0.6319179
117.0,117.0,0.83531356
118.0,118.0,0.6603095
119.0,119.0,0.6644448
120.0,120.0,0.64048344
121.0,121.0,0.6380841
122.0,122.0,0.63979477
123.0,123.0,0.6625061
124.0,124.0,0.646323
125.0,125.0,0.6342778
126.0,126.0,0.6703161
127.0,127.0,0.6887275
128.0,128.0,0.68021524
129.0,129.0,0.66505677
130.0,130.0,0.6031727
131.0,131.0,0.6342778
132.0,132.0,0.6426399
133.0,133.0,0.6491376
134.0,134.0,0.64048344
135.0,135.0,0.6737298
136.0,136.0,0.8597727
137.0,137.0,0.6347351
138.0,138.0,0.63489485
139.0,139.0,0.65170187
140.0,140.0,0.7008292
141.0,141.0,0.63385475
142.0,142.0,0.65481865
143.0,143.0,0.66297
144.0,144.0,0.55525696
145.0,145.0,0.6342778
146.0,146.0,0.65898204
147.0,147.0,0.6476009
148.0,148.0,0.63624877
149.0,149.0,0.6359581
150.0,150.0,0.64244527
151.0,151.0,0.6342778
152.0,152.0,0.6268082
153.0,153.0,0.6342778
154.0,154.0,0.6401133
155.0,155.0,0.58472973
156.0,156.0,0.6378355
157.0,157.0,0.5509555
158.0,158.0,0.6751334
159.0,159.0,0.64215267
160.0,160.0,0.64433223
161.0,161.0,0.6342778
162.0,162.0,0.6342778
163.0,163.0,0.63297564
164.0,164.0,0.6727445
165.0,165.0,0.6470841
166.0,166.0,0.62871057
167.0,167.0,0.64084274
168.0,168.0,0.62466735
169.0,169.0,0.6342778
170.0,170.0,0.6468284
171.0,171.0,0.6342778
172.0,172.0,0.63297564
173.0,173.0,0.6775418
174.0,174.0,0.63322395
175.0,175.0,0.62406176
176.0,176.0,0.55211455
177.0,177.0,0.6342778
178.0,178.0,0.6649322
179.0,179.0,0.58472973
180.0,180.0,0.6332542
181.0,181.0,0.7535607
182.0,182.0,0.66956484
183.0,183.0,0.6431767
184.0,184.0,0.6342778
185.0,185.0,0.6342778
186.0,186.0,0.7535607
187.0,187.0,0.63642246
188.0,188.0,0.602574
189.0,189.0,0.6615083
190.0,190.0,0.6701524
191.0,191.0,0.5631312
192.0,192.0,0.65247023
193.0,193.0,0.6431345
194.0,194.0,0.63297564
195.0,195.0,0.5523728
196.0,196.0,0.6342778
197.0,197.0,0.6465889
198.0,198.0,0.66695786
199.0,199.0,0.6302522
200.0,200.0,0.71362
201.0,201.0,0.6373525
202.0,202.0,0.64048344
203.0,203.0,0.6310293
204.0,204.0,0.63449997
205.0,205.0,0.6397788
206.0,206.0,0.82902384
207.0,207.0,0.68318987
208.0,208.0,0.6342778
209.0,209.0,0.6332578
210.0,210.0,0.6342778
211.0,211.0,0.64897656
212.0,212.0,0.636126
213.0,213.0,0.657937
214.0,214.0,0.6719193
215.0,215.0,0.6401437
216.0,216.0,0.64605314
217.0,217.0,0.6271487
218.0,218.0,0.6227845
219.0,219.0,0.7535607
220.0,220.0,0.630629
221.0,221.0,0.6393134
222.0,222.0,0.7314514
223.0,223.0,0.66480964
224.0,224.0,0.62871057
225.0,225.0,0.6439977
226.0,226.0,0.64785546
227.0,227.0,0.63578886
228.0,228.0,0.6368883
229.0,229.0,0.6467751
230.0,230.0,0.7000352
231.0,231.0,0.63937443
232.0,232.0,0.6470586
233.0,233.0,0.60852975
234.0,234.0,0.6325379
235.0,235.0,0.63769704
236.0,236.0,0.6544936
237.0,237.0,0.6364498
238.0,238.0,0.6270376
239.0,239.0,0.6695156
240.0,240.0,0.683032
241.0,241.0,0.67138326
242.0,242.0,0.68221855
243.0,243.0,0.63972116
244.0,244.0,0.5491547
245.0,245.0,0.65460277
246.0,246.0,0.55102515
247.0,247.0,0.55525696
248.0,248.0,0.6401831
249.0,249.0,0.6342778
250.0,250.0,0.6487834
251.0,251.0,0.64694947
252.0,252.0,0.63029236
253.0,253.0,0.6470586
254.0,254.0,0.64570487
255.0,255.0,0.66778564
256.0,256.0,0.6695156
257.0,257.0,0.55030745
258.0,258.0,0.66161513
259.0,259.0,0.58472973
260.0,260.0,0.62871057
261.0,261.0,0.6812295
262.0,262.0,0.6374124
263.0,263.0,0.6342778
264.0,264.0,0.6309038
265.0,265.0,0.67038286
266.0,266.0,0.63371706
267.0,267.0,0.6936411
268.0,268.0,0.6478592
269.0,269.0,0.63578886
270.0,270.0,0.555091
271.0,271.0,0.7535607
272.0,272.0,0.5495845
273.0,273.0,0.67433023
274.0,274.0,0.7535607
275.0,275.0,0.5495845
276.0,276.0,0.6396643
277.0,277.0,0.6895498
278.0,278.0,0.6712356
279.0,279.0,0.6732589
280.0,280.0,0.6839262
281.0,281.0,0.6812295
282.0,282.0,0.6487891
283.0,283.0,0.67730045
284.0,284.0,0.70307684
285.0,285.0,0.6333591
286.0,286.0,0.6342778
287.0,287.0,0.63506716
288.0,288.0,0.7010938
289.0,289.0,0.5997295
290.0,290.0,0.6594998
291.0,291.0,0.64869225
292.0,292.0,0.6342778
293.0,293.0,0.66198975
294.0,294.0,0.6442795
295.0,295.0,0.6342778
296.0,296.0,0.6426399
297.0,297.0,0.62267447
298.0,298.0,0.65960306
299.0,299.0,0.6320612
300.0,300.0,0.6619771
301.0,301.0,0.6342778
302.0,302.0,0.6367014
303.0,303.0,0.63571274
304.0,304.0,0.64468944
305.0,305.0,0.6325681
306.0,306.0,0.5567934
307.0,307.0,0.63433355
308.0,308.0,0.64011437
309.0,309.0,0.6341317
310.0,310.0,0.6377838
311.0,311.0,0.62820077
312.0,312.0,0.68088317
313.0,313.0,0.6734353
314.0,314.0,0.6342778
315.0,315.0,0.70056456
316.0,316.0,0.64302
317.0,317.0,0.68318987
318.0,318.0,0.7037373
319.0,319.0,0.55525696
320.0,320.0,0.6695065
321.0,321.0,0.6598841
322.0,322.0,0.64628744
323.0,323.0,0.6365026
324.0,324.0,0.7535607
325.0,325.0,0.63297564
326.0,326.0,0.5462697
327.0,327.0,0.6444348
328.0,328.0,0.55090964
329.0,329.0,0.64231116
330.0,330.0,0.6458461
331.0,331.0,0.63307065
332.0,332.0,0.63297564
333.0,333.0,0.6600345
334.0,334.0,0.6678915
335.0,335.0,0.62845355
336.0,336.0,0.6791462
337.0,337.0,0.55525696
338.0,338.0,0.63059247
339.0,339.0,0.5580941
340.0,340.0,0.64311063
341.0,341.0,0.7535607
342.0,342.0,0.6370915
343.0,343.0,0.659209
344.0,344.0,0.6887275
345.0,345.0,0.64426583
346.0,346.0,0.8200654
347.0,347.0,0.55030745
348.0,348.0,0.55182123
349.0,349.0,0.6342778
350.0,350.0,0.6265894
351.0,351.0,0.6322994
352.0,352.0,0.63463974
353.0,353.0,0.6795868
354.0,354.0,0.73504984
355.0,355.0,0.6393134
356.0,356.0,0.6621241
357.0,357.0,0.6434254
358.0,358.0,0.6241305
359.0,359.0,0.6342778
360.0,360.0,0.65020347
361.0,361.0,0.6366565
362.0,362.0,0.6887275
363.0,363.0,0.5890285
364.0,364.0,0.6513289
365.0,365.0,0.7002999
366.0,366.0,0.64580965
367.0,367.0,0.5695146
368.0,368.0,0.6322994
369.0,369.0,0.59235245
370.0,370.0,0.68027914
371.0,371.0,0.63611805
372.0,372.0,0.61692333
373.0,373.0,0.6401133
374.0,374.0,0.62845355
375.0,375.0,0.62845355
376.0,376.0,0.64468944
377.0,377.0,0.6358309
378.0,378.0,0.6336961
379.0,379.0,0.64079
380.0,380.0,0.6342778
381.0,381.0,0.6765308
382.0,382.0,0.55245894
383.0,383.0,0.5506515
384.0,384.0,0.6546356
385.0,385.0,0.6322994
386.0,386.0,0.6441466
387.0,387.0,0.6268082
388.0,388.0,0.6586296
389.0,389.0,0.6691395
390.0,390.0,0.6342778
391.0,391.0,0.63632804
392.0,392.0,0.69897604
393.0,393.0,0.6357349
394.0,394.0,0.64816386
395.0,395.0,0.63125175
396.0,396.0,0.64726174
397.0,397.0,0.6426399
398.0,398.0,0.6522878
399.0,399.0,0.6342778
400.0,400.0,0.62845355
401.0,401.0,0.6751673
402.0,402.0,0.8200654
403.0,403.0,0.6672019
404.0,404.0,0.62845355
405.0,405.0,0.64544916
406.0,406.0,0.6633614
407.0,407.0,0.6401437
408.0,408.0,0.6644448
409.0,409.0,0.6342778
410.0,410.0,0.63708293
411.0,411.0,0.6342778
412.0,412.0,0.73504984
413.0,413.0,0.66577995
414.0,414.0,0.8200654
415.0,415.0,0.65217835
416.0,416.0,0.63972574
417.0,417.0,0.62805265
418.0,418.0,0.6719812
419.0,419.0,0.646323
420.0,420.0,0.65444815
421.0,421.0,0.6342778
422.0,422.0,0.6342778
423.0,423.0,0.68662006
424.0,424.0,0.6728751
425.0,425.0,0.6342778
426.0,426.0,0.7050575
427.0,427.0,0.63578886
428.0,428.0,0.66795933
429.0,429.0,0.6268082
430.0,430.0,0.6464595
431.0,431.0,0.6333591
432.0,432.0,0.656926
433.0,433.0,0.62406176
434.0,434.0,0.64405143
435.0,435.0,0.69340533
436.0,436.0,0.64055175
437.0,437.0,0.7114184
438.0,438.0,0.70624477
439.0,439.0,0.68962604
440.0,440.0,0.553148
441.0,441.0,0.6265894
442.0,442.0,0.6379529
443.0,443.0,0.6342778
444.0,444.0,0.6593506
445.0,445.0,0.641079
446.0,446.0,0.6333591
447.0,447.0,0.6342778
448.0,448.0,0.5851565
449.0,449.0,0.63991356
450.0,450.0,0.7535607
451.0,451.0,0.6803923
452.0,452.0,0.8200654
453.0,453.0,0.69513136
454.0,454.0,0.6401133
455.0,455.0,0.7021517
456.0,456.0,0.63578886
457.0,457.0,0.6342778
458.0,458.0,0.64004916
459.0,459.0,0.62871057
460.0,460.0,0.6358557
461.0,461.0,0.6398683
462.0,462.0,0.8200654
463.0,463.0,0.62845355
464.0,464.0,0.6322994
465.0,465.0,0.5502623
466.0,466.0,0.6577102
467.0,467.0,0.6401133
468.0,468.0,0.556864
469.0,469.0,0.6608767
470.0,470.0,0.6342778
471.0,471.0,0.63494164
472.0,472.0,0.64098513
473.0,473.0,0.70175505
474.0,474.0,0.66397524
475.0,475.0,0.6817189
476.0,476.0,0.6814165
477.0,477.0,0.64271146
478.0,478.0,0.68382
479.0,479.0,0.6342778
480.0,480.0,0.55724955
481.0,481.0,0.6689701
482.0,482.0,0.5546641
483.0,483.0,0.6491034
484.0,484.0,0.63964397
485.0,485.0,0.62845355
486.0,486.0,0.6342778
487.0,487.0,0.6336961
488.0,488.0,0.6408356
489.0,489.0,0.63578886
490.0,490.0,0.6302522
491.0,491.0,0.62845355
492.0,492.0,0.6358557
493.0,493.0,0.6967232
494.0,494.0,0.70162284
495.0,495.0,0.6393134
496.0,496.0,0.63297564
497.0,497.0,0.6328973
498.0,498.0,0.5511327
499.0,499.0,0.62845355
500.0,500.0,0.6342778
501.0,501.0,0.63510007
502.0,502.0,0.5481585
503.0,503.0,0.6380703
504.0,504.0,0.63923514
505.0,505.0,0.6492669
506.0,506.0,0.6907293
507.0,507.0,0.64633036
508.0,508.0,0.5547283
509.0,509.0,0.6352123
510.0,510.0,0.6342778
511.0,511.0,0.6375313
512.0,512.0,0.7487515
513.0,513.0,0.62881166
514.0,514.0,0.62406176
515.0,515.0,0.62267447
516.0,516.0,0.7313292
517.0,517.0,0.65727305
518.0,518.0,0.55791247
519.0,519.0,0.55854756
520.0,520.0,0.6491034
521.0,521.0,0.6814174
522.0,522.0,0.6389362
523.0,523.0,0.6585957
524.0,524.0,0.6342778
525.0,525.0,0.64468944
526.0,526.0,0.64762294
527.0,527.0,0.6711152
528.0,528.0,0.6397756
529.0,529.0,0.65374374
530.0,530.0,0.6379359
531.0,531.0,0.6712492
532.0,532.0,0.65302205
533.0,533.0,0.7029447
534.0,534.0,0.58472973
535.0,535.0,0.6306332
536.0,536.0,0.6997705
537.0,537.0,0.58472973
538.0,538.0,0.6616794
539.0,539.0,0.65762407
540.0,540.0,0.64869225
541.0,541.0,0.63292027
542.0,542.0,0.6342778
543.0,543.0,0.55525696
544.0,544.0,0.6415309
545.0,545.0,0.6461412
546.0,546.0,0.68898386
547.0,547.0,0.6348462
548.0,548.0,0.6566124
549.0,549.0,0.64136803
550.0,550.0,0.6342778
551.0,551.0,0.66793853
552.0,552.0,0.64330435
553.0,553.0,0.6292316
554.0,554.0,0.6336961
555.0,555.0,0.64699495
556.0,556.0,0.6344619
557.0,557.0,0.8597727
558.0,558.0,0.63929725
559.0,559.0,0.65028715
560.0,560.0,0.6357751
561.0,561.0,0.6331587
562.0,562.0,0.66262186
563.0,563.0,0.5596709
564.0,564.0,0.6563171
565.0,565.0,0.652916
566.0,566.0,0.6342778
567.0,567.0,0.55211455
568.0,568.0,0.63489485
569.0,569.0,0.6752689
570.0,570.0,0.6558585
571.0,571.0,0.6342778
572.0,572.0,0.6942022
573.0,573.0,0.6442795
574.0,574.0,0.6313896
575.0,575.0,0.65011144
576.0,576.0,0.6404527
577.0,577.0,0.64709306
578.0,578.0,0.64523894
579.0,579.0,0.5690964
580.0,580.0,0.642138
581.0,581.0,0.6927411
582.0,582.0,0.64131355
583.0,583.0,0.63482314
584.0,584.0,0.6470586
585.0,585.0,0.55525696
586.0,586.0,0.633724
587.0,587.0,0.6404265
588.0,588.0,0.6322994
589.0,589.0,0.65914214
590.0,590.0,0.7535607
591.0,591.0,0.6380358
592.0,592.0,0.6408356
593.0,593.0,0.64463013
594.0,594.0,0.6455545
595.0,595.0,0.63125175
596.0,596.0,0.6672841
597.0,597.0,0.62845355
598.0,598.0,0.6342778
599.0,599.0,0.7134925
600.0,600.0,0.5507025
601.0,601.0,0.6616794
602.0,602.0,0.55590653
603.0,603.0,0.7535607
604.0,604.0,0.6342778
605.0,605.0,0.6610989
606.0,606.0,0.7535607
607.0,607.0,0.60624576
608.0,608.0,0.6643568
609.0,609.0,0.63637227
610.0,610.0,0.6418501
611.0,611.0,0.6478779
612.0,612.0,0.6734993
613.0,613.0,0.6342778
614.0,614.0,0.5969632
615.0,615.0,0.6380841
616.0,616.0,0.62406176
617.0,617.0,0.6408356
618.0,618.0,0.64816165
619.0,619.0,0.62871057
620.0,620.0,0.6394425
621.0,621.0,0.5890285
622.0,622.0,0.64341205
623.0,623.0,0.64215267
624.0,624.0,0.5528895
625.0,625.0,0.6426399
626.0,626.0,0.62845355
627.0,627.0,0.63968617
628.0,628.0,0.63890356
629.0,629.0,0.55525696
630.0,630.0,0.69592744
631.0,631.0,0.65
632.0,632.0,0.6409965
633.0,633.0,0.60150534
634.0,634.0,0.68540096
635.0,635.0,0.5548716
636.0,636.0,0.6766054
637.0,637.0,0.633724
638.0,638.0,0.6401774
639.0,639.0,0.8597727
640.0,640.0,0.63059247
641.0,641.0,0.55524606
642.0,642.0,0.6401133
643.0,643.0,0.6349637
644.0,644.0,0.66151875
645.0,645.0,0.6980488
646.0,646.0,0.8597727
647.0,647.0,0.6720533
648.0,648.0,0.6380841
649.0,649.0,0.651528
650.0,650.0,0.6813443
651.0,651.0,0.633724
652.0,652.0,0.67433023
653.0,653.0,0.63565964
654.0,654.0,0.630809
655.0,655.0,0.633724
656.0,656.0,0.6342778
657.0,657.0,0.54807264
658.0,658.0,0.6368883
659.0,659.0,0.6537097
660.0,660.0,0.6408744
661.0,661.0,0.70518947
662.0,662.0,0.6531592
663.0,663.0,0.6342778
664.0,664.0,0.68811643
665.0,665.0,0.630629
666.0,666.0,0.6512218
667.0,667.0,0.6766054
668.0,668.0,0.6347863
669.0,669.0,0.657342
670.0,670.0,0.6537097
671.0,671.0,0.63129926
672.0,672.0,0.6805448
673.0,673.0,0.62406176
674.0,674.0,0.6336961
675.0,675.0,0.6265894
676.0,676.0,0.6507439
677.0,677.0,0.6342778
678.0,678.0,0.64880043
679.0,679.0,0.6437263
680.0,680.0,0.5539234
681.0,681.0,0.8597727
682.0,682.0,0.70944345
683.0,683.0,0.63520926
684.0,684.0,0.6380841
685.0,685.0,0.6078269
686.0,686.0,0.6362741
687.0,687.0,0.7025482
688.0,688.0,0.62845355
689.0,689.0,0.6586929
690.0,690.0,0.6613998
691.0,691.0,0.5461658
692.0,692.0,0.6358417
693.0,693.0,0.6760703
694.0,694.0,0.6859537
695.0,695.0,0.6638913
696.0,696.0,0.6357126
697.0,697.0,0.6607804
698.0,698.0,0.6302522
699.0,699.0,0.64363605
700.0,700.0,0.6734993
701.0,701.0,0.67567617
702.0,702.0,0.6342778
703.0,703.0,0.55525696
704.0,704.0,0.6362398
705.0,705.0,0.6322994
706.0,706.0,0.6342778
707.0,707.0,0.8597727
708.0,708.0,0.6404265
709.0,709.0,0.6358557
710.0,710.0,0.6539558
711.0,711.0,0.6605448
712.0,712.0,0.55168414
713.0,713.0,0.64101297
714.0,714.0,0.6268082
715.0,715.0,0.6441577
716.0,716.0,0.7208672
717.0,717.0,0.6623928
718.0,718.0,0.6342778
719.0,719.0,0.62406176
720.0,720.0,0.6728751
721.0,721.0,0.71338826
722.0,722.0,0.63759965
723.0,723.0,0.63159966
724.0,724.0,0.71953124
725.0,725.0,0.66956484
726.0,726.0,0.6943349
727.0,727.0,0.6532778
728.0,728.0,0.6342778
729.0,729.0,0.6451053
730.0,730.0,0.66198975
731.0,731.0,0.6368481
732.0,732.0,0.58472973
733.0,733.0,0.67038286
734.0,734.0,0.62845355
735.0,735.0,0.7061129
736.0,736.0,0.7050482
737.0,737.0,0.6342778
738.0,738.0,0.6342778
739.0,739.0,0.6475334
740.0,740.0,0.5969632
741.0,741.0,0.6511241
742.0,742.0,0.63890356
743.0,743.0,0.5484133
744.0,744.0,0.6358697
745.0,745.0,0.6461861
746.0,746.0,0.6396015
747.0,747.0,0.70549834
748.0,748.0,0.5517702
749.0,749.0,0.65315866
750.0,750.0,0.55547523
751.0,751.0,0.63125175
752.0,752.0,0.6268082
753.0,753.0,0.64038086
754.0,754.0,0.7241809
755.0,755.0,0.6342778
756.0,756.0,0.7086167
757.0,757.0,0.70549834
758.0,758.0,0.6685677
759.0,759.0,0.6387678
760.0,760.0,0.63569635
761.0,761.0,0.66293013
762.0,762.0,0.67527664
763.0,763.0,0.6386219
764.0,764.0,0.63759965
765.0,765.0,0.6342778
766.0,766.0,0.6336961
767.0,767.0,0.6348939
768.0,768.0,0.72870785
769.0,769.0,0.75054455
770.0,770.0,0.63125175
771.0,771.0,0.6227845
772.0,772.0,0.5969633
773.0,773.0,0.6409304
774.0,774.0,0.6342778
775.0,775.0,0.7535607
776.0,776.0,0.55525696
777.0,777.0,0.5969632
778.0,778.0,0.644103
779.0,779.0,0.63578886
780.0,780.0,0.55032414
781.0,781.0,0.63477975
782.0,782.0,0.557201
783.0,783.0,0.5589796
784.0,784.0,0.6709987
785.0,785.0,0.6490738
786.0,786.0,0.62845355
787.0,787.0,0.6303282
788.0,788.0,0.6341662
789.0,789.0,0.63802654
790.0,790.0,0.6342778
791.0,791.0,0.55664533
792.0,792.0,0.55440545
793.0,793.0,0.6442795
794.0,794.0,0.6401133
795.0,795.0,0.633724
796.0,796.0,0.6401774
797.0,797.0,0.6887275
798.0,798.0,0.6442795
799.0,799.0,0.60835403
800.0,800.0,0.66682976
801.0,801.0,0.8200654
802.0,802.0,0.66273886
803.0,803.0,0.68208504
804.0,804.0,0.83596534
805.0,805.0,0.69460046
806.0,806.0,0.6415084
807.0,807.0,0.62616414
808.0,808.0,0.63034105
809.0,809.0,0.55395293
810.0,810.0,0.64863145
811.0,811.0,0.5511327
812.0,812.0,0.6362398
813.0,813.0,0.6342778
814.0,814.0,0.6338799
815.0,815.0,0.66118354
816.0,816.0,0.64011437
817.0,817.0,0.6342778
818.0,818.0,0.64354503
819.0,819.0,0.6428439
820.0,820.0,0.54910374
821.0,821.0,0.73504984
822.0,822.0,0.6613031
823.0,823.0,0.6983137
824.0,824.0,0.54781497
825.0,825.0,0.6430901
826.0,826.0,0.6322994
827.0,827.0,0.6342778
828.0,828.0,0.6586033
829.0,829.0,0.6587931
830.0,830.0,0.58472973
831.0,831.0,0.6342778
832.0,832.0,0.6605448
833.0,833.0,0.6524206
834.0,834.0,0.66577584
835.0,835.0,0.65009433
836.0,836.0,0.642693
837.0,837.0,0.6775106
838.0,838.0,0.6401437
839.0,839.0,0.63297564
840.0,840.0,0.64654785
841.0,841.0,0.6418857
842.0,842.0,0.5491547
843.0,843.0,0.6470586
844.0,844.0,0.7089775
845.0,845.0,0.6669258
846.0,846.0,0.65060294
847.0,847.0,0.6555653
848.0,848.0,0.57559603
849.0,849.0,0.5523728
850.0,850.0,0.64464927
851.0,851.0,0.6342778
852.0,852.0,0.64468944
853.0,853.0,0.5526312
854.0,854.0,0.6342778
855.0,855.0,0.6570048
856.0,856.0,0.6352123
857.0,857.0,0.6342778
858.0,858.0,0.8597727
859.0,859.0,0.75312525
860.0,860.0,0.6302522
861.0,861.0,0.6471882
862.0,862.0,0.6342778
863.0,863.0,0.6342778
864.0,864.0,0.634271
865.0,865.0,0.68421185
866.0,866.0,0.63885057
867.0,867.0,0.63578886
868.0,868.0,0.64141506
869.0,869.0,0.6613058
870.0,870.0,0.6976663
871.0,871.0,0.62871057
872.0,872.0,0.68944263
873.0,873.0,0.6227845
874.0,874.0,0.65520304
875.0,875.0,0.64574444
876.0,876.0,0.6431636
877.0,877.0,0.6420588
878.0,878.0,0.6342778
879.0,879.0,0.63489485
880.0,880.0,0.7063767
881.0,881.0,0.6358796
882.0,882.0,0.6342778
883.0,883.0,0.7535607
884.0,884.0,0.7535607
885.0,885.0,0.68341976
886.0,886.0,0.70218873
887.0,887.0,0.7055853
888.0,888.0,0.6373992
889.0,889.0,0.680616
890.0,890.0,0.8200654
891.0,891.0,0.65897685
892.0,892.0,0.6658842
893.0,893.0,0.6309512
894.0,894.0,0.63578886
895.0,895.0,0.558202
896.0,896.0,0.6501488
897.0,897.0,0.67338485
898.0,898.0,0.69950575
899.0,899.0,0.63804424
900.0,900.0,0.6790125
901.0,901.0,0.72160864
902.0,902.0,0.6470586
903.0,903.0,0.62696534
904.0,904.0,0.70347315
905.0,905.0,0.65011144
906.0,906.0,0.6342778
907.0,907.0,0.58472973
908.0,908.0,0.635481
909.0,909.0,0.5528895
910.0,910.0,0.6442795
911.0,911.0,0.6612651
912.0,912.0,0.6300692
913.0,913.0,0.6426399
914.0,914.0,0.55742484
915.0,915.0,0.6342778
916.0,916.0,0.63489485
917.0,917.0,0.6475933
918.0,918.0,0.6374952
919.0,919.0,0.65179724
920.0,920.0,0.6342778
921.0,921.0,0.63964397
922.0,922.0,0.55418193
923.0,923.0,0.6891084
924.0,924.0,0.64078677
925.0,925.0,0.6982687
926.0,926.0,0.64654535
927.0,927.0,0.65999323
928.0,928.0,0.6462514
929.0,929.0,0.62406176
930.0,930.0,0.6342778
931.0,931.0,0.6380358
932.0,932.0,0.63271856
933.0,933.0,0.6717853
934.0,934.0,0.62267447
935.0,935.0,0.63477576
936.0,936.0,0.6520671
937.0,937.0,0.68675333
938.0,938.0,0.63769704
939.0,939.0,0.6458458
940.0,940.0,0.63125175
941.0,941.0,0.6342778
942.0,942.0,0.6712116
943.0,943.0,0.8597727
944.0,944.0,0.6458181
945.0,945.0,0.6652259
946.0,946.0,0.55039346
947.0,947.0,0.66111505
948.0,948.0,0.6322994
949.0,949.0,0.58472973
950.0,950.0,0.6552357
951.0,951.0,0.63673407
952.0,952.0,0.6362099
953.0,953.0,0.6300692
954.0,954.0,0.63708293
955.0,955.0,0.58472973
956.0,956.0,0.6543241
957.0,957.0,0.640857
958.0,958.0,0.64011437
959.0,959.0,0.7221589
960.0,960.0,0.6322994
961.0,961.0,0.6426399
962.0,962.0,0.6342778
963.0,963.0,0.66794276
964.0,964.0,0.672703
965.0,965.0,0.73504984
966.0,966.0,0.63545334
967.0,967.0,0.6605448
968.0,968.0,0.64373374
969.0,969.0,0.6552902
970.0,970.0,0.6613682
971.0,971.0,0.6807496
972.0,972.0,0.7535607
973.0,973.0,0.6439202
974.0,974.0,0.63059247
975.0,975.0,0.7535607
976.0,976.0,0.6342778
977.0,977.0,0.6545592
978.0,978.0,0.56110495
979.0,979.0,0.70664036
980.0,980.0,0.6342778
981.0,981.0,0.71449286
982.0,982.0,0.63625515
983.0,983.0,0.6442795
984.0,984.0,0.58472973
985.0,985.0,0.63697726
986.0,986.0,0.55133986
987.0,987.0,0.58472973
988.0,988.0,0.65057373
989.0,989.0,0.63059247
990.0,990.0,0.63471735
991.0,991.0,0.6426412
992.0,992.0,0.5498424
993.0,993.0,0.6330083
994.0,994.0,0.64048344
995.0,995.0,0.62845355
996.0,996.0,0.6815509
997.0,997.0,0.6465889
998.0,998.0,0.63685703
999.0,999.0,0.6695065
1000.0,1000.0,0.7026804
1001.0,1001.0,0.6598841
1002.0,1002.0,0.70189446
1003.0,1003.0,0.6440823
1004.0,1004.0,0.6446894
1005.0,1005.0,0.63024324
1006.0,1006.0,0.5488459
1007.0,1007.0,0.6862202
1008.0,1008.0,0.67828494
1009.0,1009.0,0.68395346
1010.0,1010.0,0.6590013
1011.0,1011.0,0.63930476
1012.0,1012.0,0.55400956
1013.0,1013.0,0.6342778
1014.0,1014.0,0.6342778
1015.0,1015.0,0.6342778
1016.0,1016.0,0.6501108
1017.0,1017.0,0.6473432
1018.0,1018.0,0.6460898
1019.0,1019.0,0.5476941
1020.0,1020.0,0.65529335
1021.0,1021.0,0.6333591
1022.0,1022.0,0.6388607
1023.0,1023.0,0.6480884
1024.0,1024.0,0.6358796
1025.0,1025.0,0.66642475
1026.0,1026.0,0.64869225
1027.0,1027.0,0.6175258
1028.0,1028.0,0.6342778
1029.0,1029.0,0.63749814
1030.0,1030.0,0.6342778
1031.0,1031.0,0.64005315
1032.0,1032.0,0.6695156
1033.0,1033.0,0.5532852
1034.0,1034.0,0.64483017
1035.0,1035.0,0.7535607
1036.0,1036.0,0.6345239
1037.0,1037.0,0.70664036
1038.0,1038.0,0.6969884
1039.0,1039.0,0.6342778
1040.0,1040.0,0.6746237
1041.0,1041.0,0.70360523
1042.0,1042.0,0.66024274
1043.0,1043.0,0.633724
1044.0,1044.0,0.64468944
1045.0,1045.0,0.6474703
1046.0,1046.0,0.6644448
1047.0,1047.0,0.6552895
1048.0,1048.0,0.55766255
1049.0,1049.0,0.6734993
1050.0,1050.0,0.5579403
1051.0,1051.0,0.62845355
1052.0,1052.0,0.6342778
1053.0,1053.0,0.6586033
1054.0,1054.0,0.6455066
1055.0,1055.0,0.6598841
1056.0,1056.0,0.6859958
1057.0,1057.0,0.6850545
1058.0,1058.0,0.55525696
1059.0,1059.0,0.62845355
1060.0,1060.0,0.6574972
1061.0,1061.0,0.5555615
1062.0,1062.0,0.63477576
1063.0,1063.0,0.638122
1064.0,1064.0,0.6386219
1065.0,1065.0,0.6655534
1066.0,1066.0,0.6342778
1067.0,1067.0,0.6365026
1068.0,1068.0,0.6624447
1069.0,1069.0,0.6842144
1070.0,1070.0,0.5520284
1071.0,1071.0,0.64048344
1072.0,1072.0,0.63362455
1073.0,1073.0,0.63775694
1074.0,1074.0,0.63578886
1075.0,1075.0,0.6406894
1076.0,1076.0,0.6522878
1077.0,1077.0,0.6728571
1078.0,1078.0,0.55104667
1079.0,1079.0,0.6301516
1080.0,1080.0,0.64425504
1081.0,1081.0,0.8417136
1082.0,1082.0,0.67647165
1083.0,1083.0,0.69193697
1084.0,1084.0,0.5507885
1085.0,1085.0,0.8200654
1086.0,1086.0,0.58472973
1087.0,1087.0,0.60133475
1088.0,1088.0,0.64654785
1089.0,1089.0,0.6517452
1090.0,1090.0,0.6644448
1091.0,1091.0,0.66221327
1092.0,1092.0,0.64468944
1093.0,1093.0,0.73035276
1094.0,1094.0,0.63465595
1095.0,1095.0,0.64087903
1096.0,1096.0,0.7050575
1097.0,1097.0,0.6300692
1098.0,1098.0,0.62687624
1099.0,1099.0,0.5551303
1100.0,1100.0,0.64067096
1101.0,1101.0,0.6358034
1102.0,1102.0,0.6434254
1103.0,1103.0,0.6379529
1104.0,1104.0,0.6458461
1105.0,1105.0,0.659219
1106.0,1106.0,0.6448736
1107.0,1107.0,0.62690854
1108.0,1108.0,0.64080936
1109.0,1109.0,0.6397788
1110.0,1110.0,0.6301873
1111.0,1111.0,0.6467293
1112.0,1112.0,0.6372541
1113.0,1113.0,0.6490652
1114.0,1114.0,0.6494354
1115.0,1115.0,0.6763729
1116.0,1116.0,0.6342778
1117.0,1117.0,0.66574955
1118.0,1118.0,0.64468944
1119.0,1119.0,0.6342778
1120.0,1120.0,0.82038033
1121.0,1121.0,0.64341205
1122.0,1122.0,0.6775914
1123.0,1123.0,0.69340533
1124.0,1124.0,0.6737298
1125.0,1125.0,0.5890285
1126.0,1126.0,0.64468944
1127.0,1127.0,0.6393134
1128.0,1128.0,0.6906352
1129.0,1129.0,0.70794505
1130.0,1130.0,0.6395447
1131.0,1131.0,0.62845355
1132.0,1132.0,0.628429
1133.0,1133.0,0.6393134
1134.0,1134.0,0.6426399
1135.0,1135.0,0.65271425
1136.0,1136.0,0.64136803
1137.0,1137.0,0.68208295
1138.0,1138.0,0.6417573
1139.0,1139.0,0.7047936
1140.0,1140.0,0.62845355
1141.0,1141.0,0.55873716
1142.0,1142.0,0.7535607
1143.0,1143.0,0.64813095
1144.0,1144.0,0.6351181
1145.0,1145.0,0.62406176
1146.0,1146.0,0.64466006
1147.0,1147.0,0.69108146
1148.0,1148.0,0.62845355
1149.0,1149.0,0.6336961
1150.0,1150.0,0.69193697
1151.0,1151.0,0.6695065
1152.0,1152.0,0.6265894
1153.0,1153.0,0.6322994
1154.0,1154.0,0.7157189
1155.0,1155.0,0.62406176
1156.0,1156.0,0.6394373
1157.0,1157.0,0.6426399
1158.0,1158.0,0.6342778
1159.0,1159.0,0.71299326
1160.0,1160.0,0.6406153
1161.0,1161.0,0.68088317
1162.0,1162.0,0.6627195
1163.0,1163.0,0.64694947
1164.0,1164.0,0.6514082
1165.0,1165.0,0.55521655
1166.0,1166.0,0.6322994
1167.0,1167.0,0.69340533
1168.0,1168.0,0.6428439
1169.0,1169.0,0.6658842
1170.0,1170.0,0.6342778
1171.0,1171.0,0.7535035
1172.0,1172.0,0.62871057
1173.0,1173.0,0.6495672
1174.0,1174.0,0.66053486
1175.0,1175.0,0.54975647
1176.0,1176.0,0.6535402
1177.0,1177.0,0.6967232
1178.0,1178.0,0.8200654
1179.0,1179.0,0.5507025
1180.0,1180.0,0.66789705
1181.0,1181.0,0.64215267
1182.0,1182.0,0.6379529
1183.0,1183.0,0.68932116
1184.0,1184.0,0.55525696
1185.0,1185.0,0.63613385
1186.0,1186.0,0.6342778
1187.0,1187.0,0.63776106
1188.0,1188.0,0.639148
1189.0,1189.0,0.6578228
1190.0,1190.0,0.6391825
1191.0,1191.0,0.6346721
1192.0,1192.0,0.6300692
1193.0,1193.0,0.6939366
1194.0,1194.0,0.6498146
1195.0,1195.0,0.6512296
1196.0,1196.0,0.6967232
1197.0,1197.0,0.6331844
1198.0,1198.0,0.69897604
1199.0,1199.0,0.6322994
1200.0,1200.0,0.6342778
1201.0,1201.0,0.6417623
1202.0,1202.0,0.8597727
1203.0,1203.0,0.5490075
1204.0,1204.0,0.6300692
1205.0,1205.0,0.6695156
1206.0,1206.0,0.6586033
1207.0,1207.0,0.6342778
1208.0,1208.0,0.6273474
1209.0,1209.0,0.62693375
1210.0,1210.0,0.6465889
1211.0,1211.0,0.6379529
1212.0,1212.0,0.64341205
1213.0,1213.0,0.6333591
1214.0,1214.0,0.7535607
1215.0,1215.0,0.6460338
1216.0,1216.0,0.69751865
1217.0,1217.0,0.58472973
1218.0,1218.0,0.64215267
1219.0,1219.0,0.8200654
1220.0,1220.0,0.6301082
1221.0,1221.0,0.6342778
1222.0,1222.0,0.6980488
1223.0,1223.0,0.55013543
1224.0,1224.0,0.6342778
1225.0,1225.0,0.6300692
1226.0,1226.0,0.6268082
1227.0,1227.0,0.6455545
1228.0,1228.0,0.71569645
1229.0,1229.0,0.6350719
1230.0,1230.0,0.6451823
1231.0,1231.0,0.6404265
1232.0,1232.0,0.6342778
1233.0,1233.0,0.62871057
1234.0,1234.0,0.6502312
1235.0,1235.0,0.62406176
1236.0,1236.0,0.6342778
1237.0,1237.0,0.6392575
1238.0,1238.0,0.6342778
1239.0,1239.0,0.6725455
1240.0,1240.0,0.6342778
1241.0,1241.0,0.6265894
1242.0,1242.0,0.6512587
1243.0,1243.0,0.64011437
1244.0,1244.0,0.7535607
1245.0,1245.0,0.66438633
1246.0,1246.0,0.64165896
1247.0,1247.0,0.8597727
1248.0,1248.0,0.6373818
1249.0,1249.0,0.6343558
1250.0,1250.0,0.64166075
1251.0,1251.0,0.64197683
1252.0,1252.0,0.63306236
1253.0,1253.0,0.6967232
1254.0,1254.0,0.6300692
1255.0,1255.0,0.62630296
1256.0,1256.0,0.55039346
1257.0,1257.0,0.6408356
1258.0,1258.0,0.6336963
1259.0,1259.0,0.6342778
1260.0,1260.0,0.62406176
1261.0,1261.0,0.55525696
1262.0,1262.0,0.6342778
1263.0,1263.0,0.6342778
1264.0,1264.0,0.71412563
1265.0,1265.0,0.65439755
1266.0,1266.0,0.6587162
1267.0,1267.0,0.7014906
1268.0,1268.0,0.6312909
1269.0,1269.0,0.6842903
1270.0,1270.0,0.705754
1271.0,1271.0,0.6407222
1272.0,1272.0,0.684487
1273.0,1273.0,0.6342778
1274.0,1274.0,0.55383724
1275.0,1275.0,0.6983137
1276.0,1276.0,0.5497055
1277.0,1277.0,0.64048344
1278.0,1278.0,0.8232475
1279.0,1279.0,0.6393134
1280.0,1280.0,0.62305987
1281.0,1281.0,0.63733464
1282.0,1282.0,0.58472973
1283.0,1283.0,0.6342778
1284.0,1284.0,0.6543513
1285.0,1285.0,0.66823554
1286.0,1286.0,0.64289075
1287.0,1287.0,0.55297565
1288.0,1288.0,0.6513655
1289.0,1289.0,0.6467293
1290.0,1290.0,0.64991236
1291.0,1291.0,0.6540853
1292.0,1292.0,0.66881067
1293.0,1293.0,0.6265894
1294.0,1294.0,0.5576226
1295.0,1295.0,0.7354855
1296.0,1296.0,0.7298916
1297.0,1297.0,0.6342778
1298.0,1298.0,0.6602814
1299.0,1299.0,0.6531432
1300.0,1300.0,0.66857445
1301.0,1301.0,0.66415584
1302.0,1302.0,0.6345499
1303.0,1303.0,0.6308396
1304.0,1304.0,0.653547
1305.0,1305.0,0.64215267
1306.0,1306.0,0.64666384
1307.0,1307.0,0.6583498
1308.0,1308.0,0.6495478
1309.0,1309.0,0.6817189
1310.0,1310.0,0.6101023
1311.0,1311.0,0.64215267
1312.0,1312.0,0.6739285
1313.0,1313.0,0.7021517
1314.0,1314.0,0.6333591
1315.0,1315.0,0.7535607
1316.0,1316.0,0.54893184
1317.0,1317.0,0.63125175
1318.0,1318.0,0.72571796
1319.0,1319.0,0.64892405
1320.0,1320.0,0.6362398
1321.0,1321.0,0.62845355
1322.0,1322.0,0.55673426
1323.0,1323.0,0.66507876
1324.0,1324.0,0.55461293
1325.0,1325.0,0.6452299
1326.0,1326.0,0.6380841
1327.0,1327.0,0.6342778
1328.0,1328.0,0.6366004
1329.0,1329.0,0.63331413
1330.0,1330.0,0.6568209
1331.0,1331.0,0.7025482
1332.0,1332.0,0.6401133
1333.0,1333.0,0.6342778
1334.0,1334.0,0.6467293
1335.0,1335.0,0.71244055
1336.0,1336.0,0.6595707
1337.0,1337.0,0.66563743
1338.0,1338.0,0.6342778
1339.0,1339.0,0.6372541
1340.0,1340.0,0.5510224
1341.0,1341.0,0.6401133
1342.0,1342.0,0.6380703
1343.0,1343.0,0.6265894
1344.0,1344.0,0.65494186
1345.0,1345.0,0.649643
1346.0,1346.0,0.55541754
1347.0,1347.0,0.6681921
1348.0,1348.0,0.7535607
1349.0,1349.0,0.6284902
1350.0,1350.0,0.64338934
1351.0,1351.0,0.6227845
1352.0,1352.0,0.65876406
1353.0,1353.0,0.6362398
1354.0,1354.0,0.6553355
1355.0,1355.0,0.6472522
1356.0,1356.0,0.6358277
1357.0,1357.0,0.62641066
1358.0,1358.0,0.6311244
1359.0,1359.0,0.6364089
1360.0,1360.0,0.67436516
1361.0,1361.0,0.63579094
1362.0,1362.0,0.5601869
1363.0,1363.0,0.6513689
1364.0,1364.0,0.65179235
1365.0,1365.0,0.6467293
1366.0,1366.0,0.63125175
1367.0,1367.0,0.7535607
1368.0,1368.0,0.5476941
1369.0,1369.0,0.6393134
1370.0,1370.0,0.62984353
1371.0,1371.0,0.6543406
1372.0,1372.0,0.8200654
1373.0,1373.0,0.6983137
1374.0,1374.0,0.63754517
1375.0,1375.0,0.6342778
1376.0,1376.0,0.64654785
1377.0,1377.0,0.6523089
1378.0,1378.0,0.5520284
1379.0,1379.0,0.6322994
1380.0,1380.0,0.58472973
1381.0,1381.0,0.6380358
1382.0,1382.0,0.6448736
1383.0,1383.0,0.65011144
1384.0,1384.0,0.6546783
1385.0,1385.0,0.67780924
1386.0,1386.0,0.6887275
1387.0,1387.0,0.63280237
1388.0,1388.0,0.6391568
1389.0,1389.0,0.64910436
1390.0,1390.0,0.6776755
1391.0,1391.0,0.70131505
1392.0,1392.0,0.6456236
1393.0,1393.0,0.6342778
1394.0,1394.0,0.6302522
1395.0,1395.0,0.6777627
1396.0,1396.0,0.6621241
1397.0,1397.0,0.6895498
1398.0,1398.0,0.6342778
1399.0,1399.0,0.6492379
1400.0,1400.0,0.5508746
1401.0,1401.0,0.6380358
1402.0,1402.0,0.6448736
1403.0,1403.0,0.6342778
1404.0,1404.0,0.54910374
1405.0,1405.0,0.676204
1406.0,1406.0,0.6336961
1407.0,1407.0,0.6295871
1408.0,1408.0,0.5575464
1409.0,1409.0,0.6573096
1410.0,1410.0,0.8597727
1411.0,1411.0,0.7535607
1412.0,1412.0,0.68540096
1413.0,1413.0,0.6431074
1414.0,1414.0,0.6815509
1415.0,1415.0,0.6695156
1416.0,1416.0,0.6598841
1417.0,1417.0,0.55525696
1418.0,1418.0,0.64835215
1419.0,1419.0,0.6392575
1420.0,1420.0,0.58472973
1421.0,1421.0,0.6558526
1422.0,1422.0,0.6389701
1423.0,1423.0,0.66158664
1424.0,1424.0,0.64980805
1425.0,1425.0,0.64803714
1426.0,1426.0,0.6342778
1427.0,1427.0,0.6268082
1428.0,1428.0,0.6556653
1429.0,1429.0,0.6362398
1430.0,1430.0,0.66668946
1431.0,1431.0,0.6426378
1432.0,1432.0,0.6342778
1433.0,1433.0,0.6439021
1434.0,1434.0,0.6442795
1435.0,1435.0,0.6397212
1436.0,1436.0,0.6689465
1437.0,1437.0,0.6323581
1438.0,1438.0,0.63489485
1439.0,1439.0,0.6287325
1440.0,1440.0,0.62627554
1441.0,1441.0,0.66253996
1442.0,1442.0,0.63545233
1443.0,1443.0,0.6812295
1444.0,1444.0,0.6531592
1445.0,1445.0,0.72983235
1446.0,1446.0,0.66406876
1447.0,1447.0,0.7535607
1448.0,1448.0,0.6286791
1449.0,1449.0,0.6349112
1450.0,1450.0,0.67728007
1451.0,1451.0,0.6488965
1452.0,1452.0,0.6762453
1453.0,1453.0,0.61172223
1454.0,1454.0,0.63229346
1455.0,1455.0,0.6645417
1456.0,1456.0,0.6354705
1457.0,1457.0,0.6342778
1458.0,1458.0,0.6481316
1459.0,1459.0,0.66990876
1460.0,1460.0,0.6342778
1461.0,1461.0,0.54807264
1462.0,1462.0,0.6302522
1463.0,1463.0,0.63293654
1464.0,1464.0,0.6265888
1465.0,1465.0,0.6324646
1466.0,1466.0,0.63065326
1467.0,1467.0,0.6322994
1468.0,1468.0,0.6701504
1469.0,1469.0,0.73504984
1470.0,1470.0,0.6342778
1471.0,1471.0,0.64543784
1472.0,1472.0,0.64193517
1473.0,1473.0,0.62406176
1474.0,1474.0,0.6322994
1475.0,1475.0,0.6354165
1476.0,1476.0,0.63297564
1477.0,1477.0,0.6168084
1478.0,1478.0,0.8200654
1479.0,1479.0,0.64457685
1480.0,1480.0,0.6943349
1481.0,1481.0,0.6342778
1482.0,1482.0,0.6812295
1483.0,1483.0,0.8200654
1484.0,1484.0,0.55866915
1485.0,1485.0,0.6342778
1486.0,1486.0,0.5553539
1487.0,1487.0,0.66240144
1488.0,1488.0,0.64647174
1489.0,1489.0,0.6501433
1490.0,1490.0,0.6342778
1491.0,1491.0,0.6342778
1492.0,1492.0,0.6342778
1493.0,1493.0,0.6401133
1494.0,1494.0,0.6394735
1495.0,1495.0,0.6574417
1496.0,1496.0,0.64032567
1497.0,1497.0,0.62845355
1498.0,1498.0,0.67593646
1499.0,1499.0,0.6514595
1500.0,1500.0,0.6531432
1501.0,1501.0,0.8597727
1502.0,1502.0,0.6268082
1503.0,1503.0,0.6342778
1504.0,1504.0,0.6485072
1505.0,1505.0,0.6342778
1506.0,1506.0,0.67237246
1507.0,1507.0,0.6586033
1508.0,1508.0,0.6521336
1509.0,1509.0,0.659636
1510.0,1510.0,0.6322994
1511.0,1511.0,0.66265035
1512.0,1512.0,0.69193697
1513.0,1513.0,0.8200654
1514.0,1514.0,0.6342778
1515.0,1515.0,0.7313292
1516.0,1516.0,0.5847298
1517.0,1517.0,0.6342778
1518.0,1518.0,0.6342778
1519.0,1519.0,0.64714617
1520.0,1520.0,0.5520284
1521.0,1521.0,0.63941896
1522.0,1522.0,0.7352148
1523.0,1523.0,0.62406176
1524.0,1524.0,0.6333591
1525.0,1525.0,0.633724
1526.0,1526.0,0.6881703
1527.0,1527.0,0.6887275
1528.0,1528.0,0.6322994
1529.0,1529.0,0.64995235
1530.0,1530.0,0.7365943
1531.0,1531.0,0.68856597
1532.0,1532.0,0.65731394
1533.0,1533.0,0.6416185
1534.0,1534.0,0.6302522
1535.0,1535.0,0.63751805
1536.0,1536.0,0.5503584
1537.0,1537.0,0.5493998
1538.0,1538.0,0.6615863
1539.0,1539.0,0.63449997
1540.0,1540.0,0.6514971
1541.0,1541.0,0.64628744
1542.0,1542.0,0.7535607
1543.0,1543.0,0.6481557
1544.0,1544.0,0.6342778
1545.0,1545.0,0.71956664
1546.0,1546.0,0.6342778
1547.0,1547.0,0.62845355
1548.0,1548.0,0.6442795
1549.0,1549.0,0.69996333
1550.0,1550.0,0.6940767
1551.0,1551.0,0.74176884
1552.0,1552.0,0.6227845
1553.0,1553.0,0.6342778
1554.0,1554.0,0.67861146
1555.0,1555.0,0.6513689
1556.0,1556.0,0.6444418
1557.0,1557.0,0.6342778
1558.0,1558.0,0.6368883
1559.0,1559.0,0.6342778
1560.0,1560.0,0.6548926
1561.0,1561.0,0.62871057
1562.0,1562.0,0.654512
1563.0,1563.0,0.68597496
1564.0,1564.0,0.6689701
1565.0,1565.0,0.6500648
1566.0,1566.0,0.65919644
1567.0,1567.0,0.6362398
1568.0,1568.0,0.6330083
1569.0,1569.0,0.6342778
1570.0,1570.0,0.6497777
1571.0,1571.0,0.6379529
1572.0,1572.0,0.5569069
1573.0,1573.0,0.6342778
1574.0,1574.0,0.55525696
1575.0,1575.0,0.65795726
1576.0,1576.0,0.5503584
1577.0,1577.0,0.6449308
1578.0,1578.0,0.6360016
1579.0,1579.0,0.6563724
1580.0,1580.0,0.6381993
1581.0,1581.0,0.6265894
1582.0,1582.0,0.64285374
1583.0,1583.0,0.646323
1584.0,1584.0,0.6470586
1585.0,1585.0,0.6380358
1586.0,1586.0,0.66214985
1587.0,1587.0,0.6695156
1588.0,1588.0,0.6472152
1589.0,1589.0,0.55525696
1590.0,1590.0,0.63673407
1591.0,1591.0,0.6529432
1592.0,1592.0,0.6535402
1593.0,1593.0,0.6471201
1594.0,1594.0,0.63660693
1595.0,1595.0,0.6412613
1596.0,1596.0,0.65255666
1597.0,1597.0,0.67345554
1598.0,1598.0,0.5587861
1599.0,1599.0,0.6692381
1600.0,1600.0,0.64845854
1601.0,1601.0,0.63856566
1602.0,1602.0,0.8200654
1603.0,1603.0,0.6342778
1604.0,1604.0,0.6526049
1605.0,1605.0,0.63444644
1606.0,1606.0,0.6447368
1607.0,1607.0,0.6488059
1608.0,1608.0,0.6342069
1609.0,1609.0,0.62637645
1610.0,1610.0,0.6462073
1611.0,1611.0,0.6345006
1612.0,1612.0,0.6502312
1613.0,1613.0,0.6476396
1614.0,1614.0,0.6404675
1615.0,1615.0,0.7050575
1616.0,1616.0,0.64468944
1617.0,1617.0,0.6811503
1618.0,1618.0,0.6343558
1619.0,1619.0,0.64905787
1620.0,1620.0,0.55375105
1621.0,1621.0,0.6906352
1622.0,1622.0,0.6342778
1623.0,1623.0,0.6593429
1624.0,1624.0,0.6425136
1625.0,1625.0,0.58472973
1626.0,1626.0,0.6380703
1627.0,1627.0,0.63890356
1628.0,1628.0,0.62895244
1629.0,1629.0,0.6706059
1630.0,1630.0,0.65082574
1631.0,1631.0,0.65186995
1632.0,1632.0,0.6265894
1633.0,1633.0,0.6454901
1634.0,1634.0,0.6342778
1635.0,1635.0,0.70888
1636.0,1636.0,0.63928133
1637.0,1637.0,0.6342778
1638.0,1638.0,0.6362398
1639.0,1639.0,0.6380841
1640.0,1640.0,0.6280595
1641.0,1641.0,0.63129926
1642.0,1642.0,0.8597727
1643.0,1643.0,0.693039
1644.0,1644.0,0.62871057
1645.0,1645.0,0.6470586
1646.0,1646.0,0.6379603
1647.0,1647.0,0.64468944
1648.0,1648.0,0.55525696
1649.0,1649.0,0.6760703
1650.0,1650.0,0.6910984
1651.0,1651.0,0.64131546
1652.0,1652.0,0.5568325
1653.0,1653.0,0.63489485
1654.0,1654.0,0.65011144
1655.0,1655.0,0.63640505
1656.0,1656.0,0.6426399
1657.0,1657.0,0.5504954
1658.0,1658.0,0.64017826
1659.0,1659.0,0.6342778
1660.0,1660.0,0.6342778
1661.0,1661.0,0.6616794
1662.0,1662.0,0.64048344
1663.0,1663.0,0.6458461
1664.0,1664.0,0.55588526
1665.0,1665.0,0.68643177
1666.0,1666.0,0.6342778
1667.0,1667.0,0.7259817
1668.0,1668.0,0.6342778
1669.0,1669.0,0.6475933
1670.0,1670.0,0.6977837
1671.0,1671.0,0.6476072
1672.0,1672.0,0.6458461
1673.0,1673.0,0.6554393
1674.0,1674.0,0.64468944
1675.0,1675.0,0.55194235
1676.0,1676.0,0.66483337
1677.0,1677.0,0.681153
1678.0,1678.0,0.6401831
1679.0,1679.0,0.6371114
1680.0,1680.0,0.6382961
1681.0,1681.0,0.6305783
1682.0,1682.0,0.6367047
1683.0,1683.0,0.6452385
1684.0,1684.0,0.6443898
1685.0,1685.0,0.6342778
1686.0,1686.0,0.6578228
1687.0,1687.0,0.67339283
1688.0,1688.0,0.6452892
1689.0,1689.0,0.6336961
1690.0,1690.0,0.6381613
1691.0,1691.0,0.6380841
1692.0,1692.0,0.66439176
1693.0,1693.0,0.6512587
1694.0,1694.0,0.6993733
1695.0,1695.0,0.6347568
1696.0,1696.0,0.6368883
1697.0,1697.0,0.55156296
1698.0,1698.0,0.6342778
1699.0,1699.0,0.6810892
1700.0,1700.0,0.6426399
1701.0,1701.0,0.8597727
1702.0,1702.0,0.64468944
1703.0,1703.0,0.67061514
1704.0,1704.0,0.63125175
1705.0,1705.0,0.64654785
1706.0,1706.0,0.6514082
1707.0,1707.0,0.7072994
1708.0,1708.0,0.6401133
1709.0,1709.0,0.6620955
1710.0,1710.0,0.6342778
1711.0,1711.0,0.64756405
1712.0,1712.0,0.6448736
1713.0,1713.0,0.74843
1714.0,1714.0,0.6426399
1715.0,1715.0,0.63631934
1716.0,1716.0,0.6358297
1717.0,1717.0,0.54939157
1718.0,1718.0,0.66668946
1719.0,1719.0,0.635643
1720.0,1720.0,0.64068127
1721.0,1721.0,0.6401437
1722.0,1722.0,0.65002334
1723.0,1723.0,0.6814381
1724.0,1724.0,0.6342778
1725.0,1725.0,0.7535607
1726.0,1726.0,0.6502332
1727.0,1727.0,0.6342778
1728.0,1728.0,0.6497193
1729.0,1729.0,0.64264506
1730.0,1730.0,0.6342778
1731.0,1731.0,0.62845355
1732.0,1732.0,0.54867405
1733.0,1733.0,0.6327072
1734.0,1734.0,0.6342778
1735.0,1735.0,0.6887275
1736.0,1736.0,0.63325566
1737.0,1737.0,0.68288594
1738.0,1738.0,0.6342778
1739.0,1739.0,0.55142593
1740.0,1740.0,0.64505005
1741.0,1741.0,0.6924163
1742.0,1742.0,0.66749454
1743.0,1743.0,0.6443928
1744.0,1744.0,0.6591215
1745.0,1745.0,0.6392575
1746.0,1746.0,0.65916735
1747.0,1747.0,0.6616794
1748.0,1748.0,0.7002999
1749.0,1749.0,0.8597727
1750.0,1750.0,0.6342778
1751.0,1751.0,0.7074312
1752.0,1752.0,0.5549227
1753.0,1753.0,0.6342778
1754.0,1754.0,0.6342778
1755.0,1755.0,0.54707056
1756.0,1756.0,0.6342778
1757.0,1757.0,0.63964397
1758.0,1758.0,0.63578886
1759.0,1759.0,0.6342778
1760.0,1760.0,0.6778326
1761.0,1761.0,0.6535402
1762.0,1762.0,0.6342778
1763.0,1763.0,0.7535607
1764.0,1764.0,0.6501433
1765.0,1765.0,0.6342778
1766.0,1766.0,0.6357332
1767.0,1767.0,0.64001137
1768.0,1768.0,0.65062374
1769.0,1769.0,0.6342778
1770.0,1770.0,0.6380841
1771.0,1771.0,0.660651
1772.0,1772.0,0.63522345
1773.0,1773.0,0.6471451
1774.0,1774.0,0.62406176
1775.0,1775.0,0.63489485
1776.0,1776.0,0.62845355
1777.0,1777.0,0.65179724
1778.0,1778.0,0.63129926
1779.0,1779.0,0.71154064
1780.0,1780.0,0.67500174
1781.0,1781.0,0.6458461
1782.0,1782.0,0.66494447
1783.0,1783.0,0.64175737
1784.0,1784.0,0.6333591
1785.0,1785.0,0.6342778
1786.0,1786.0,0.6352061
1787.0,1787.0,0.6300694
1788.0,1788.0,0.67168427
1789.0,1789.0,0.632182
1790.0,1790.0,0.6862273
1791.0,1791.0,0.65728486
1792.0,1792.0,0.6380358
1793.0,1793.0,0.6378221
1794.0,1794.0,0.7124361
1795.0,1795.0,0.6322994
1796.0,1796.0,0.6265894
1797.0,1797.0,0.55525696
1798.0,1798.0,0.6527409
1799.0,1799.0,0.7110593
1800.0,1800.0,0.64605314
1801.0,1801.0,0.63297564
1802.0,1802.0,0.6418652
1803.0,1803.0,0.64468944
1804.0,1804.0,0.5525451
1805.0,1805.0,0.6342778
1806.0,1806.0,0.6924753
1807.0,1807.0,0.64174926
1808.0,1808.0,0.64807403
1809.0,1809.0,0.5892987
1810.0,1810.0,0.6342778
1811.0,1811.0,0.62845355
1812.0,1812.0,0.63492656
1813.0,1813.0,0.68156636
1814.0,1814.0,0.62845355
1815.0,1815.0,0.6410016
1816.0,1816.0,0.6342778
1817.0,1817.0,0.8200654
1818.0,1818.0,0.6448736
1819.0,1819.0,0.55488074
1820.0,1820.0,0.6514595
1821.0,1821.0,0.6349254
1822.0,1822.0,0.6775914
1823.0,1823.0,0.55525696
1824.0,1824.0,0.6342778
1825.0,1825.0,0.6342778
1826.0,1826.0,0.6345277
1827.0,1827.0,0.6401133
1828.0,1828.0,0.62845355
1829.0,1829.0,0.64136803
1830.0,1830.0,0.7535607
1831.0,1831.0,0.6369195
1832.0,1832.0,0.6432408
1833.0,1833.0,0.6788717
1834.0,1834.0,0.6379529
1835.0,1835.0,0.63802654
1836.0,1836.0,0.6502699
1837.0,1837.0,0.6342778
1838.0,1838.0,0.67447937
1839.0,1839.0,0.6649376
1840.0,1840.0,0.6342778
1841.0,1841.0,0.650497
1842.0,1842.0,0.6327072
1843.0,1843.0,0.6404823
1844.0,1844.0,0.5576839
1845.0,1845.0,0.6433537
1846.0,1846.0,0.6227845
1847.0,1847.0,0.6430901
1848.0,1848.0,0.55073756
1849.0,1849.0,0.6617463
1850.0,1850.0,0.6535402
1851.0,1851.0,0.63578886
1852.0,1852.0,0.7535607
1853.0,1853.0,0.62406176
1854.0,1854.0,0.635481
1855.0,1855.0,0.6714005
1856.0,1856.0,0.64813495
1857.0,1857.0,0.6342778
1858.0,1858.0,0.5497055
1859.0,1859.0,0.6340424
1860.0,1860.0,0.6654815
1861.0,1861.0,0.6342778
1862.0,1862.0,0.6265894
1863.0,1863.0,0.6342778
1864.0,1864.0,0.64835215
1865.0,1865.0,0.654502
1866.0,1866.0,0.63591546
1867.0,1867.0,0.6380703
1868.0,1868.0,0.57736295
1869.0,1869.0,0.6333591
1870.0,1870.0,0.55039346
1871.0,1871.0,0.6379641
1872.0,1872.0,0.64816386
1873.0,1873.0,0.6841092
1874.0,1874.0,0.63662434
1875.0,1875.0,0.6469026
1876.0,1876.0,0.63932705
1877.0,1877.0,0.6401133
1878.0,1878.0,0.6426287
1879.0,1879.0,0.6446357
1880.0,1880.0,0.66864234
1881.0,1881.0,0.6379684
1882.0,1882.0,0.6322994
1883.0,1883.0,0.6553827
1884.0,1884.0,0.63033473
1885.0,1885.0,0.6404265
1886.0,1886.0,0.6302522
1887.0,1887.0,0.63673407
1888.0,1888.0,0.64579856
1889.0,1889.0,0.6428439
1890.0,1890.0,0.6438572
1891.0,1891.0,0.63578886
1892.0,1892.0,0.58472973
1893.0,1893.0,0.67906415
1894.0,1894.0,0.6711752
1895.0,1895.0,0.67649305
1896.0,1896.0,0.6342778
1897.0,1897.0,0.67000633
1898.0,1898.0,0.6931397
1899.0,1899.0,0.64503807
1900.0,1900.0,0.55525696
1901.0,1901.0,0.6380841
1902.0,1902.0,0.63538325
1903.0,1903.0,0.55156296
1904.0,1904.0,0.58472973
1905.0,1905.0,0.62845355
1906.0,1906.0,0.69897604
1907.0,1907.0,0.6383897
1908.0,1908.0,0.58472973
1909.0,1909.0,0.8597727
1910.0,1910.0,0.6342778
1911.0,1911.0,0.55525696
1912.0,1912.0,0.6342778
1913.0,1913.0,0.64344656
1914.0,1914.0,0.6475933
1915.0,1915.0,0.6305175
1916.0,1916.0,0.6342778
1917.0,1917.0,0.5969632
1918.0,1918.0,0.66472185
1919.0,1919.0,0.6336961
1920.0,1920.0,0.55541754
1921.0,1921.0,0.70043224
1922.0,1922.0,0.67299104
1923.0,1923.0,0.6522878
1924.0,1924.0,0.65529335
1925.0,1925.0,0.6322994
1926.0,1926.0,0.5578918
1927.0,1927.0,0.6475497
1928.0,1928.0,0.6725455
1929.0,1929.0,0.6322994
1930.0,1930.0,0.6336961
1931.0,1931.0,0.6512587
1932.0,1932.0,0.7037373
1933.0,1933.0,0.6408356
1934.0,1934.0,0.68318987
1935.0,1935.0,0.6349637
1936.0,1936.0,0.6906352
1937.0,1937.0,0.55776757
1938.0,1938.0,0.6396287
1939.0,1939.0,0.7313292
1940.0,1940.0,0.67552084
1941.0,1941.0,0.63553786
1942.0,1942.0,0.68221194
1943.0,1943.0,0.6914356
1944.0,1944.0,0.6342778
1945.0,1945.0,0.72408926
1946.0,1946.0,0.6565367
1947.0,1947.0,0.5519073
1948.0,1948.0,0.6342778
1949.0,1949.0,0.6700428
1950.0,1950.0,0.6623928
1951.0,1951.0,0.67015725
1952.0,1952.0,0.6842145
1953.0,1953.0,0.6444439
1954.0,1954.0,0.6644828
1955.0,1955.0,0.72584134
1956.0,1956.0,0.67235255
1957.0,1957.0,0.6586748
1958.0,1958.0,0.6586033
1959.0,1959.0,0.6378917
1960.0,1960.0,0.6403179
1961.0,1961.0,0.62988025
1962.0,1962.0,0.6992409
1963.0,1963.0,0.6425739
1964.0,1964.0,0.6393134
1965.0,1965.0,0.64079434
1966.0,1966.0,0.63578886
1967.0,1967.0,0.691146
1968.0,1968.0,0.6392985
1969.0,1969.0,0.5570737
1970.0,1970.0,0.6471215
1971.0,1971.0,0.7535607
1972.0,1972.0,0.7007576
1973.0,1973.0,0.6526198
1974.0,1974.0,0.5761791
1975.0,1975.0,0.6342778
1976.0,1976.0,0.67740804
1977.0,1977.0,0.6342778
1978.0,1978.0,0.6682995
1979.0,1979.0,0.63779753
1980.0,1980.0,0.6336961
1981.0,1981.0,0.5520795
1982.0,1982.0,0.638383
1983.0,1983.0,0.6307007
1984.0,1984.0,0.6342778
