x,y,species_1 cloglog values
1.0,1.0,0.50295186
2.0,2.0,0.62850523
3.0,3.0,0.6037453
4.0,4.0,0.68636864
5.0,5.0,0.47407016
6.0,6.0,0.4529087
7.0,7.0,0.5413335
8.0,8.0,0.59007794
9.0,9.0,0.4534781
10.0,10.0,0.45520255
11.0,11.0,0.67973256
12.0,12.0,0.46065098
13.0,13.0,0.45350718
14.0,14.0,0.51069915
15.0,15.0,0.4593937
16.0,16.0,0.901404
17.0,17.0,0.56577986
18.0,18.0,0.6119935
19.0,19.0,0.6293672
20.0,20.0,0.54967767
21.0,21.0,0.69106454
22.0,22.0,0.6896479
23.0,23.0,0.6242512
24.0,24.0,0.6170427
25.0,25.0,0.5632798
26.0,26.0,0.58282006
27.0,27.0,0.47807035
28.0,28.0,0.60925627
29.0,29.0,0.48394975
30.0,30.0,0.6978212
31.0,31.0,0.48394975
32.0,32.0,0.4529087
33.0,33.0,0.48845226
34.0,34.0,0.7645894
35.0,35.0,0.7840996
36.0,36.0,0.7645894
37.0,37.0,0.71711165
38.0,38.0,0.62893534
39.0,39.0,0.46343923
40.0,40.0,0.49087507
41.0,41.0,0.6924853
42.0,42.0,0.4780718
43.0,43.0,0.68073356
44.0,44.0,0.727245
45.0,45.0,0.63821155
46.0,46.0,0.7645894
47.0,47.0,0.6929855
48.0,48.0,0.6895566
49.0,49.0,0.71893597
50.0,50.0,0.5260788
51.0,51.0,0.66550994
52.0,52.0,0.659357
53.0,53.0,0.45883343
54.0,54.0,0.4626242
55.0,55.0,0.45329225
56.0,56.0,0.61149883
57.0,57.0,0.52321696
58.0,58.0,0.7645894
59.0,59.0,0.46065098
60.0,60.0,0.46065098
61.0,61.0,0.4896348
62.0,62.0,0.5902798
63.0,63.0,0.5721532
64.0,64.0,0.51889455
65.0,65.0,0.5516824
66.0,66.0,0.4706942
67.0,67.0,0.7125671
68.0,68.0,0.6312793
69.0,69.0,0.72650474
70.0,70.0,0.45533076
71.0,71.0,0.51133513
72.0,72.0,0.4706942
73.0,73.0,0.45332447
74.0,74.0,0.7099274
75.0,75.0,0.5073852
76.0,76.0,0.6099727
77.0,77.0,0.4896348
78.0,78.0,0.63255954
79.0,79.0,0.6003273
80.0,80.0,0.50061333
81.0,81.0,0.4911303
82.0,82.0,0.46909535
83.0,83.0,0.49642542
84.0,84.0,0.5178814
85.0,85.0,0.51889455
86.0,86.0,0.6627903
87.0,87.0,0.5816163
88.0,88.0,0.60290456
89.0,89.0,0.741761
90.0,90.0,0.45350873
91.0,91.0,0.7645894
92.0,92.0,0.7565489
93.0,93.0,0.6826879
94.0,94.0,0.63579106
95.0,95.0,0.72739196
96.0,96.0,0.45350873
97.0,97.0,0.6221584
98.0,98.0,0.5632798
99.0,99.0,0.5779367
100.0,100.0,0.49642542
101.0,101.0,0.49183685
102.0,102.0,0.76472175
103.0,103.0,0.625727
104.0,104.0,0.4896348
105.0,105.0,0.68254745
106.0,106.0,0.52478796
107.0,107.0,0.71486944
108.0,108.0,0.6595032
109.0,109.0,0.5518422
110.0,110.0,0.9106616
111.0,111.0,0.50266796
112.0,112.0,0.6435011
113.0,113.0,0.5813779
114.0,114.0,0.63432807
115.0,115.0,0.69096637
116.0,116.0,0.49642542
117.0,117.0,0.90191126
118.0,118.0,0.6955469
119.0,119.0,0.63079894
120.0,120.0,0.68416536
121.0,121.0,0.6030003
122.0,122.0,0.6148301
123.0,123.0,0.68496233
124.0,124.0,0.6823902
125.0,125.0,0.5701564
126.0,126.0,0.6940078
127.0,127.0,0.7152472
128.0,128.0,0.544877
129.0,129.0,0.7156135
130.0,130.0,0.45938802
131.0,131.0,0.5701564
132.0,132.0,0.57232213
133.0,133.0,0.66460204
134.0,134.0,0.6770573
135.0,135.0,0.6979552
136.0,136.0,0.9106616
137.0,137.0,0.49642542
138.0,138.0,0.58103293
139.0,139.0,0.66937023
140.0,140.0,0.65650403
141.0,141.0,0.49642542
142.0,142.0,0.6962793
143.0,143.0,0.6855002
144.0,144.0,0.45520255
145.0,145.0,0.5561535
146.0,146.0,0.68087476
147.0,147.0,0.6764592
148.0,148.0,0.5903412
149.0,149.0,0.59413385
150.0,150.0,0.6616489
151.0,151.0,0.5632798
152.0,152.0,0.46761343
153.0,153.0,0.54814154
154.0,154.0,0.55509925
155.0,155.0,0.46065098
156.0,156.0,0.4722614
157.0,157.0,0.45347586
158.0,158.0,0.6902644
159.0,159.0,0.6465537
160.0,160.0,0.64626855
161.0,161.0,0.5561535
162.0,162.0,0.5561535
163.0,163.0,0.5073852
164.0,164.0,0.6968163
165.0,165.0,0.48394975
166.0,166.0,0.4797161
167.0,167.0,0.6751007
168.0,168.0,0.46313706
169.0,169.0,0.55171984
170.0,170.0,0.67384
171.0,171.0,0.5871761
172.0,172.0,0.5073852
173.0,173.0,0.5564759
174.0,174.0,0.50901735
175.0,175.0,0.46297207
176.0,176.0,0.4529087
177.0,177.0,0.6453212
178.0,178.0,0.5758502
179.0,179.0,0.46065098
180.0,180.0,0.50921607
181.0,181.0,0.7645894
182.0,182.0,0.64039576
183.0,183.0,0.66377705
184.0,184.0,0.5632798
185.0,185.0,0.5663686
186.0,186.0,0.7645894
187.0,187.0,0.6359556
188.0,188.0,0.5184197
189.0,189.0,0.5709139
190.0,190.0,0.6938184
191.0,191.0,0.45350873
192.0,192.0,0.5054568
193.0,193.0,0.6688421
194.0,194.0,0.5073852
195.0,195.0,0.4529087
196.0,196.0,0.6030003
197.0,197.0,0.66647273
198.0,198.0,0.553786
199.0,199.0,0.4896348
200.0,200.0,0.7435632
201.0,201.0,0.62203807
202.0,202.0,0.6832779
203.0,203.0,0.49467087
204.0,204.0,0.5174389
205.0,205.0,0.61149883
206.0,206.0,0.8954622
207.0,207.0,0.70887256
208.0,208.0,0.58103293
209.0,209.0,0.50555754
210.0,210.0,0.5890329
211.0,211.0,0.6692505
212.0,212.0,0.5282501
213.0,213.0,0.5477198
214.0,214.0,0.58347124
215.0,215.0,0.6172458
216.0,216.0,0.69913006
217.0,217.0,0.4697678
218.0,218.0,0.4626242
219.0,219.0,0.7645894
220.0,220.0,0.4920736
221.0,221.0,0.61149883
222.0,222.0,0.75664383
223.0,223.0,0.6314824
224.0,224.0,0.4797161
225.0,225.0,0.48195624
226.0,226.0,0.66794634
227.0,227.0,0.5871761
228.0,228.0,0.64213383
229.0,229.0,0.669879
230.0,230.0,0.58537483
231.0,231.0,0.56789225
232.0,232.0,0.66073316
233.0,233.0,0.45938802
234.0,234.0,0.50451344
235.0,235.0,0.53877527
236.0,236.0,0.7024425
237.0,237.0,0.5304134
238.0,238.0,0.46906447
239.0,239.0,0.70877165
240.0,240.0,0.70869064
241.0,241.0,0.553786
242.0,242.0,0.5664115
243.0,243.0,0.65644735
244.0,244.0,0.45350873
245.0,245.0,0.7255403
246.0,246.0,0.51069915
247.0,247.0,0.51312953
248.0,248.0,0.6319982
249.0,249.0,0.60290456
250.0,250.0,0.66394305
251.0,251.0,0.48394975
252.0,252.0,0.48989448
253.0,253.0,0.66073316
254.0,254.0,0.6741371
255.0,255.0,0.7129124
256.0,256.0,0.7253128
257.0,257.0,0.4529087
258.0,258.0,0.71488714
259.0,259.0,0.46065098
260.0,260.0,0.4797161
261.0,261.0,0.70661294
262.0,262.0,0.6656467
263.0,263.0,0.5871761
264.0,264.0,0.49385583
265.0,265.0,0.694085
266.0,266.0,0.5122649
267.0,267.0,0.72089285
268.0,268.0,0.66222334
269.0,269.0,0.5871761
270.0,270.0,0.45517176
271.0,271.0,0.7645894
272.0,272.0,0.51133513
273.0,273.0,0.5564759
274.0,274.0,0.7645894
275.0,275.0,0.45350873
276.0,276.0,0.67422277
277.0,277.0,0.7290521
278.0,278.0,0.598512
279.0,279.0,0.553786
280.0,280.0,0.717431
281.0,281.0,0.70661294
282.0,282.0,0.6015545
283.0,283.0,0.70720124
284.0,284.0,0.5882827
285.0,285.0,0.50990653
286.0,286.0,0.5972053
287.0,287.0,0.55192995
288.0,288.0,0.62174606
289.0,289.0,0.4614843
290.0,290.0,0.6814755
291.0,291.0,0.66891974
292.0,292.0,0.5561535
293.0,293.0,0.6005613
294.0,294.0,0.6929878
295.0,295.0,0.60290456
296.0,296.0,0.57232213
297.0,297.0,0.5213472
298.0,298.0,0.6815953
299.0,299.0,0.50139385
300.0,300.0,0.5701686
301.0,301.0,0.6170356
302.0,302.0,0.63831294
303.0,303.0,0.6299566
304.0,304.0,0.66350436
305.0,305.0,0.49384955
306.0,306.0,0.4534239
307.0,307.0,0.5163374
308.0,308.0,0.6170427
309.0,309.0,0.5150026
310.0,310.0,0.5250119
311.0,311.0,0.47645757
312.0,312.0,0.56483287
313.0,313.0,0.7138447
314.0,314.0,0.55281895
315.0,315.0,0.5985546
316.0,316.0,0.6636584
317.0,317.0,0.70887256
318.0,318.0,0.6980506
319.0,319.0,0.45520255
320.0,320.0,0.5564759
321.0,321.0,0.6222614
322.0,322.0,0.6843953
323.0,323.0,0.5307664
324.0,324.0,0.7645894
325.0,325.0,0.5073852
326.0,326.0,0.4529087
327.0,327.0,0.67927855
328.0,328.0,0.4529087
329.0,329.0,0.632263
330.0,330.0,0.6564474
331.0,331.0,0.47407016
332.0,332.0,0.5073852
333.0,333.0,0.6820958
334.0,334.0,0.69120175
335.0,335.0,0.4780718
336.0,336.0,0.5564759
337.0,337.0,0.45520255
338.0,338.0,0.49183685
339.0,339.0,0.51069915
340.0,340.0,0.5755463
341.0,341.0,0.7645894
342.0,342.0,0.65370363
343.0,343.0,0.68113816
344.0,344.0,0.7152472
345.0,345.0,0.48394975
346.0,346.0,0.8469749
347.0,347.0,0.4529087
348.0,348.0,0.45350873
349.0,349.0,0.59483415
350.0,350.0,0.46623138
351.0,351.0,0.50295186
352.0,352.0,0.4690873
353.0,353.0,0.7047184
354.0,354.0,0.7049213
355.0,355.0,0.54967767
356.0,356.0,0.5516824
357.0,357.0,0.6627903
358.0,358.0,0.4629908
359.0,359.0,0.58103293
360.0,360.0,0.68039066
361.0,361.0,0.531796
362.0,362.0,0.7152472
363.0,363.0,0.51889455
364.0,364.0,0.60628545
365.0,365.0,0.64102215
366.0,366.0,0.69178975
367.0,367.0,0.45465314
368.0,368.0,0.50295186
369.0,369.0,0.51889455
370.0,370.0,0.63680923
371.0,371.0,0.6407044
372.0,372.0,0.4622309
373.0,373.0,0.55509925
374.0,374.0,0.4780718
375.0,375.0,0.4780718
376.0,376.0,0.6673735
377.0,377.0,0.6309553
378.0,378.0,0.51212674
379.0,379.0,0.62172216
380.0,380.0,0.57281685
381.0,381.0,0.6230164
382.0,382.0,0.4529087
383.0,383.0,0.4529087
384.0,384.0,0.6748194
385.0,385.0,0.50295186
386.0,386.0,0.6624353
387.0,387.0,0.46761343
388.0,388.0,0.5516824
389.0,389.0,0.71125734
390.0,390.0,0.5391558
391.0,391.0,0.47407016
392.0,392.0,0.5658869
393.0,393.0,0.60859
394.0,394.0,0.6627903
395.0,395.0,0.49611655
396.0,396.0,0.59871256
397.0,397.0,0.57232213
398.0,398.0,0.6731003
399.0,399.0,0.58103293
400.0,400.0,0.4780718
401.0,401.0,0.7190175
402.0,402.0,0.8482437
403.0,403.0,0.5978499
404.0,404.0,0.4780718
405.0,405.0,0.6754614
406.0,406.0,0.7333142
407.0,407.0,0.6172458
408.0,408.0,0.63079894
409.0,409.0,0.5902798
410.0,410.0,0.62203807
411.0,411.0,0.5894848
412.0,412.0,0.7049213
413.0,413.0,0.6887564
414.0,414.0,0.8356317
415.0,415.0,0.69554937
416.0,416.0,0.6564657
417.0,417.0,0.4755131
418.0,418.0,0.5951665
419.0,419.0,0.6717143
420.0,420.0,0.6979579
421.0,421.0,0.6170356
422.0,422.0,0.57429594
423.0,423.0,0.5434244
424.0,424.0,0.69696724
425.0,425.0,0.57103777
426.0,426.0,0.6662389
427.0,427.0,0.5871761
428.0,428.0,0.6912803
429.0,429.0,0.46761343
430.0,430.0,0.6663221
431.0,431.0,0.50990653
432.0,432.0,0.54805094
433.0,433.0,0.46297207
434.0,434.0,0.6443232
435.0,435.0,0.5434244
436.0,436.0,0.4759854
437.0,437.0,0.7412249
438.0,438.0,0.5242354
439.0,439.0,0.71628034
440.0,440.0,0.4529087
441.0,441.0,0.46623138
442.0,442.0,0.6020942
443.0,443.0,0.53898203
444.0,444.0,0.6813024
445.0,445.0,0.6600576
446.0,446.0,0.50990653
447.0,447.0,0.66797477
448.0,448.0,0.5171108
449.0,449.0,0.53725487
450.0,450.0,0.7645894
451.0,451.0,0.7056475
452.0,452.0,0.86786944
453.0,453.0,0.5803682
454.0,454.0,0.55509925
455.0,455.0,0.70410407
456.0,456.0,0.5871761
457.0,457.0,0.5902798
458.0,458.0,0.55466366
459.0,459.0,0.4797161
460.0,460.0,0.6343029
461.0,461.0,0.65704215
462.0,462.0,0.86311567
463.0,463.0,0.4780718
464.0,464.0,0.50394034
465.0,465.0,0.4533472
466.0,466.0,0.5768876
467.0,467.0,0.55509925
468.0,468.0,0.51312953
469.0,469.0,0.6830728
470.0,470.0,0.6064933
471.0,471.0,0.6234394
472.0,472.0,0.49642542
473.0,473.0,0.66392356
474.0,474.0,0.7362907
475.0,475.0,0.70717716
476.0,476.0,0.7068286
477.0,477.0,0.5728121
478.0,478.0,0.54027504
479.0,479.0,0.5701564
480.0,480.0,0.45520255
481.0,481.0,0.5564759
482.0,482.0,0.51133513
483.0,483.0,0.60213965
484.0,484.0,0.53725487
485.0,485.0,0.4780718
486.0,486.0,0.57030386
487.0,487.0,0.51212674
488.0,488.0,0.62203807
489.0,489.0,0.5871762
490.0,490.0,0.4896348
491.0,491.0,0.4780718
492.0,492.0,0.63729167
493.0,493.0,0.58725584
494.0,494.0,0.672276
495.0,495.0,0.54967767
496.0,496.0,0.5073852
497.0,497.0,0.50687087
498.0,498.0,0.45350873
499.0,499.0,0.4780718
500.0,500.0,0.6276526
501.0,501.0,0.58244187
502.0,502.0,0.4529087
503.0,503.0,0.60290456
504.0,504.0,0.65448266
505.0,505.0,0.6648426
506.0,506.0,0.6785911
507.0,507.0,0.6661718
508.0,508.0,0.45296195
509.0,509.0,0.625727
510.0,510.0,0.5619749
511.0,511.0,0.64637095
512.0,512.0,0.7645894
513.0,513.0,0.52281916
514.0,514.0,0.46297207
515.0,515.0,0.5213472
516.0,516.0,0.7565489
517.0,517.0,0.6788912
518.0,518.0,0.45476553
519.0,519.0,0.45350873
520.0,520.0,0.60213965
521.0,521.0,0.58782905
522.0,522.0,0.54712737
523.0,523.0,0.68042636
524.0,524.0,0.5859233
525.0,525.0,0.66141945
526.0,526.0,0.48970726
527.0,527.0,0.5564759
528.0,528.0,0.65666723
529.0,529.0,0.52140343
530.0,530.0,0.66915786
531.0,531.0,0.553786
532.0,532.0,0.67182314
533.0,533.0,0.53729945
534.0,534.0,0.46065098
535.0,535.0,0.49210057
536.0,536.0,0.6608242
537.0,537.0,0.46065098
538.0,538.0,0.6840038
539.0,539.0,0.67929864
540.0,540.0,0.66891974
541.0,541.0,0.49384955
542.0,542.0,0.5632798
543.0,543.0,0.45520255
544.0,544.0,0.53725487
545.0,545.0,0.48195624
546.0,546.0,0.7155421
547.0,547.0,0.5806991
548.0,548.0,0.5660599
549.0,549.0,0.62572706
550.0,550.0,0.6174795
551.0,551.0,0.63734627
552.0,552.0,0.6391464
553.0,553.0,0.4830574
554.0,554.0,0.51212674
555.0,555.0,0.59146136
556.0,556.0,0.57806224
557.0,557.0,0.9106616
558.0,558.0,0.69768876
559.0,559.0,0.5516824
560.0,560.0,0.58708155
561.0,561.0,0.47407016
562.0,562.0,0.59626925
563.0,563.0,0.51133513
564.0,564.0,0.53790283
565.0,565.0,0.67383045
566.0,566.0,0.6170356
567.0,567.0,0.4529087
568.0,568.0,0.58103293
569.0,569.0,0.6997336
570.0,570.0,0.6772487
571.0,571.0,0.70733076
572.0,572.0,0.5413335
573.0,573.0,0.6448512
574.0,574.0,0.49642542
575.0,575.0,0.681997
576.0,576.0,0.6220381
577.0,577.0,0.68824613
578.0,578.0,0.67944854
579.0,579.0,0.45776528
580.0,580.0,0.5688901
581.0,581.0,0.5413335
582.0,582.0,0.69191396
583.0,583.0,0.49642542
584.0,584.0,0.66534907
585.0,585.0,0.45520255
586.0,586.0,0.5123104
587.0,587.0,0.6900071
588.0,588.0,0.50295186
589.0,589.0,0.6810605
590.0,590.0,0.7645894
591.0,591.0,0.54105395
592.0,592.0,0.5600081
593.0,593.0,0.53725487
594.0,594.0,0.5921797
595.0,595.0,0.49611655
596.0,596.0,0.7207585
597.0,597.0,0.4780718
598.0,598.0,0.5632409
599.0,599.0,0.74672604
600.0,600.0,0.45350873
601.0,601.0,0.6840038
602.0,602.0,0.4529087
603.0,603.0,0.77734137
604.0,604.0,0.5871761
605.0,605.0,0.68333054
606.0,606.0,0.7645894
607.0,607.0,0.45938802
608.0,608.0,0.63063407
609.0,609.0,0.6355312
610.0,610.0,0.49231777
611.0,611.0,0.6782173
612.0,612.0,0.70925635
613.0,613.0,0.60290456
614.0,614.0,0.51889455
615.0,615.0,0.6030003
616.0,616.0,0.46297207
617.0,617.0,0.5600081
618.0,618.0,0.4923211
619.0,619.0,0.4797161
620.0,620.0,0.6979552
621.0,621.0,0.51889455
622.0,622.0,0.6478092
623.0,623.0,0.63669395
624.0,624.0,0.4529087
625.0,625.0,0.57232213
626.0,626.0,0.4780718
627.0,627.0,0.5522021
628.0,628.0,0.54690665
629.0,629.0,0.45520255
630.0,630.0,0.54963416
631.0,631.0,0.6662061
632.0,632.0,0.6599615
633.0,633.0,0.45938802
634.0,634.0,0.7114194
635.0,635.0,0.4529087
636.0,636.0,0.5723575
637.0,637.0,0.5123104
638.0,638.0,0.55553436
639.0,639.0,0.91249126
640.0,640.0,0.49183688
641.0,641.0,0.51069915
642.0,642.0,0.55509925
643.0,643.0,0.57281685
644.0,644.0,0.6838175
645.0,645.0,0.58725584
646.0,646.0,0.9106616
647.0,647.0,0.5564759
648.0,648.0,0.6043414
649.0,649.0,0.48394975
650.0,650.0,0.70674527
651.0,651.0,0.5123104
652.0,652.0,0.5564759
653.0,653.0,0.47446358
654.0,654.0,0.49324083
655.0,655.0,0.5123104
656.0,656.0,0.5632798
657.0,657.0,0.4529087
658.0,658.0,0.6409387
659.0,659.0,0.6731003
660.0,660.0,0.65981925
661.0,661.0,0.69923383
662.0,662.0,0.6720779
663.0,663.0,0.61128277
664.0,664.0,0.7145444
665.0,665.0,0.4920736
666.0,666.0,0.6745686
667.0,667.0,0.66435033
668.0,668.0,0.6221273
669.0,669.0,0.69241804
670.0,670.0,0.6731003
671.0,671.0,0.49642542
672.0,672.0,0.7196506
673.0,673.0,0.46297207
674.0,674.0,0.51212674
675.0,675.0,0.46623138
676.0,676.0,0.6802065
677.0,677.0,0.60557485
678.0,678.0,0.66904557
679.0,679.0,0.66314065
680.0,680.0,0.4529087
681.0,681.0,0.9106616
682.0,682.0,0.7447962
683.0,683.0,0.49384955
684.0,684.0,0.6030003
685.0,685.0,0.45938802
686.0,686.0,0.6113264
687.0,687.0,0.6901104
688.0,688.0,0.4780718
689.0,689.0,0.68053925
690.0,690.0,0.6836795
691.0,691.0,0.51069915
692.0,692.0,0.52635413
693.0,693.0,0.5521895
694.0,694.0,0.5413335
695.0,695.0,0.70436376
696.0,696.0,0.47407913
697.0,697.0,0.57832354
698.0,698.0,0.4896348
699.0,699.0,0.6630356
700.0,700.0,0.71479034
701.0,701.0,0.63426304
702.0,702.0,0.67310643
703.0,703.0,0.45520255
704.0,704.0,0.5902798
705.0,705.0,0.5104569
706.0,706.0,0.6307251
707.0,707.0,0.9106616
708.0,708.0,0.6820284
709.0,709.0,0.63669395
710.0,710.0,0.6982284
711.0,711.0,0.6826879
712.0,712.0,0.4529087
713.0,713.0,0.67232925
714.0,714.0,0.46761343
715.0,715.0,0.6450596
716.0,716.0,0.74882096
717.0,717.0,0.5660599
718.0,718.0,0.5632798
719.0,719.0,0.46297207
720.0,720.0,0.69696724
721.0,721.0,0.74339503
722.0,722.0,0.66751957
723.0,723.0,0.49384955
724.0,724.0,0.74785185
725.0,725.0,0.64039576
726.0,726.0,0.5723777
727.0,727.0,0.48195624
728.0,728.0,0.6030003
729.0,729.0,0.5892511
730.0,730.0,0.5516825
731.0,731.0,0.5330783
732.0,732.0,0.46065098
733.0,733.0,0.694085
734.0,734.0,0.4780718
735.0,735.0,0.69176114
736.0,736.0,0.6908234
737.0,737.0,0.65313154
738.0,738.0,0.65694755
739.0,739.0,0.66161704
740.0,740.0,0.51889455
741.0,741.0,0.48815092
742.0,742.0,0.6086641
743.0,743.0,0.45297197
744.0,744.0,0.5493792
745.0,745.0,0.66600394
746.0,746.0,0.5106004
747.0,747.0,0.7377561
748.0,748.0,0.4529087
749.0,749.0,0.67207694
750.0,750.0,0.4529087
751.0,751.0,0.49611655
752.0,752.0,0.46761343
753.0,753.0,0.6824372
754.0,754.0,0.75130004
755.0,755.0,0.66891974
756.0,756.0,0.6353808
757.0,757.0,0.7344713
758.0,758.0,0.553786
759.0,759.0,0.6077251
760.0,760.0,0.63833594
761.0,761.0,0.6026663
762.0,762.0,0.7034075
763.0,763.0,0.60671675
764.0,764.0,0.663055
765.0,765.0,0.6030003
766.0,766.0,0.51212674
767.0,767.0,0.48153925
768.0,768.0,0.75457376
769.0,769.0,0.7645894
770.0,770.0,0.49611655
771.0,771.0,0.4626242
772.0,772.0,0.51889455
773.0,773.0,0.5606535
774.0,774.0,0.5701872
775.0,775.0,0.7645894
776.0,776.0,0.45520255
777.0,777.0,0.51889455
778.0,778.0,0.6635792
779.0,779.0,0.5871761
780.0,780.0,0.45329484
781.0,781.0,0.5192928
782.0,782.0,0.4529087
783.0,783.0,0.45350873
784.0,784.0,0.64308506
785.0,785.0,0.5022947
786.0,786.0,0.4780718
787.0,787.0,0.49012607
788.0,788.0,0.51523036
789.0,789.0,0.5736211
790.0,790.0,0.56051975
791.0,791.0,0.45520255
792.0,792.0,0.45350873
793.0,793.0,0.67583805
794.0,794.0,0.6170356
795.0,795.0,0.5123104
796.0,796.0,0.5555345
797.0,797.0,0.7152472
798.0,798.0,0.7035619
799.0,799.0,0.45938802
800.0,800.0,0.6899724
801.0,801.0,0.7867501
802.0,802.0,0.62760407
803.0,803.0,0.5521895
804.0,804.0,0.90218985
805.0,805.0,0.5434244
806.0,806.0,0.62669975
807.0,807.0,0.46355125
808.0,808.0,0.4902093
809.0,809.0,0.51069915
810.0,810.0,0.6636604
811.0,811.0,0.51133513
812.0,812.0,0.5902798
813.0,813.0,0.58103293
814.0,814.0,0.5056231
815.0,815.0,0.52478796
816.0,816.0,0.6170427
817.0,817.0,0.6601425
818.0,818.0,0.57852495
819.0,819.0,0.6435755
820.0,820.0,0.4529087
821.0,821.0,0.7049213
822.0,822.0,0.59894437
823.0,823.0,0.58725584
824.0,824.0,0.4529087
825.0,825.0,0.6679413
826.0,826.0,0.50295186
827.0,827.0,0.54948276
828.0,828.0,0.6804352
829.0,829.0,0.46923774
830.0,830.0,0.46065098
831.0,831.0,0.5493779
832.0,832.0,0.68268794
833.0,833.0,0.60832065
834.0,834.0,0.6332927
835.0,835.0,0.6663816
836.0,836.0,0.4821247
837.0,837.0,0.6526673
838.0,838.0,0.6172458
839.0,839.0,0.5073852
840.0,840.0,0.6753974
841.0,841.0,0.48195624
842.0,842.0,0.45350873
843.0,843.0,0.66073316
844.0,844.0,0.73844254
845.0,845.0,0.7212196
846.0,846.0,0.6692604
847.0,847.0,0.4754014
848.0,848.0,0.45673352
849.0,849.0,0.4529087
850.0,850.0,0.58611214
851.0,851.0,0.5632798
852.0,852.0,0.6724268
853.0,853.0,0.4529087
854.0,854.0,0.54091984
855.0,855.0,0.52097976
856.0,856.0,0.62572706
857.0,857.0,0.66891974
858.0,858.0,0.9106616
859.0,859.0,0.7645894
860.0,860.0,0.4896348
861.0,861.0,0.66717005
862.0,862.0,0.5701564
863.0,863.0,0.53898203
864.0,864.0,0.5159237
865.0,865.0,0.7100499
866.0,866.0,0.6082974
867.0,867.0,0.5871761
868.0,868.0,0.62605286
869.0,869.0,0.6249215
870.0,870.0,0.68520963
871.0,871.0,0.4797161
872.0,872.0,0.7160696
873.0,873.0,0.4626242
874.0,874.0,0.70257074
875.0,875.0,0.66549
876.0,876.0,0.6675559
877.0,877.0,0.5683485
878.0,878.0,0.6174795
879.0,879.0,0.58118105
880.0,880.0,0.63822573
881.0,881.0,0.49642542
882.0,882.0,0.6086641
883.0,883.0,0.7645894
884.0,884.0,0.7645894
885.0,885.0,0.58772475
886.0,886.0,0.7399774
887.0,887.0,0.5591081
888.0,888.0,0.64420974
889.0,889.0,0.5846551
890.0,890.0,0.79904795
891.0,891.0,0.68086874
892.0,892.0,0.5660599
893.0,893.0,0.4941638
894.0,894.0,0.5871761
895.0,895.0,0.45350873
896.0,896.0,0.6664829
897.0,897.0,0.69755656
898.0,898.0,0.71441203
899.0,899.0,0.4706942
900.0,900.0,0.5846551
901.0,901.0,0.74938494
902.0,902.0,0.66073316
903.0,903.0,0.46860692
904.0,904.0,0.64568967
905.0,905.0,0.68672854
906.0,906.0,0.57043314
907.0,907.0,0.46065098
908.0,908.0,0.55192995
909.0,909.0,0.4529087
910.0,910.0,0.6737605
911.0,911.0,0.6835233
912.0,912.0,0.48845226
913.0,913.0,0.57232213
914.0,914.0,0.51133513
915.0,915.0,0.61730385
916.0,916.0,0.58103293
917.0,917.0,0.6617285
918.0,918.0,0.48694986
919.0,919.0,0.48195624
920.0,920.0,0.5701564
921.0,921.0,0.61149883
922.0,922.0,0.4529087
923.0,923.0,0.7282621
924.0,924.0,0.6216999
925.0,925.0,0.7383813
926.0,926.0,0.47237048
927.0,927.0,0.682048
928.0,928.0,0.66607994
929.0,929.0,0.46297207
930.0,930.0,0.5730074
931.0,931.0,0.54105395
932.0,932.0,0.50569767
933.0,933.0,0.5798906
934.0,934.0,0.5213472
935.0,935.0,0.6220381
936.0,936.0,0.670049
937.0,937.0,0.5846551
938.0,938.0,0.53877527
939.0,939.0,0.5266342
940.0,940.0,0.49611655
941.0,941.0,0.5871761
942.0,942.0,0.716825
943.0,943.0,0.9106616
944.0,944.0,0.67605233
945.0,945.0,0.7076494
946.0,946.0,0.4529087
947.0,947.0,0.68334925
948.0,948.0,0.50295186
949.0,949.0,0.46065098
950.0,950.0,0.7011638
951.0,951.0,0.6929809
952.0,952.0,0.5288105
953.0,953.0,0.48845226
954.0,954.0,0.58119655
955.0,955.0,0.46065098
956.0,956.0,0.6118721
957.0,957.0,0.57281685
958.0,958.0,0.6170427
959.0,959.0,0.7498248
960.0,960.0,0.50295186
961.0,961.0,0.57232213
962.0,962.0,0.61365414
963.0,963.0,0.6373542
964.0,964.0,0.69676834
965.0,965.0,0.7049213
966.0,966.0,0.5237675
967.0,967.0,0.68268794
968.0,968.0,0.48195624
969.0,969.0,0.6760343
970.0,970.0,0.68364286
971.0,971.0,0.5846551
972.0,972.0,0.7645894
973.0,973.0,0.64341384
974.0,974.0,0.49183685
975.0,975.0,0.7645894
976.0,976.0,0.5902798
977.0,977.0,0.7231047
978.0,978.0,0.5113789
979.0,979.0,0.68123853
980.0,980.0,0.5561535
981.0,981.0,0.7441965
982.0,982.0,0.63454133
983.0,983.0,0.69062996
984.0,984.0,0.46065098
985.0,985.0,0.5339436
986.0,986.0,0.4529087
987.0,987.0,0.46065098
988.0,988.0,0.6769271
989.0,989.0,0.49183688
990.0,990.0,0.51887906
991.0,991.0,0.63455033
992.0,992.0,0.45350873
993.0,993.0,0.49384955
994.0,994.0,0.68150216
995.0,995.0,0.4780718
996.0,996.0,0.5846556
997.0,997.0,0.66647273
998.0,998.0,0.5104234
999.0,999.0,0.5541099
1000.0,1000.0,0.7019813
1001.0,1001.0,0.6222614
1002.0,1002.0,0.7303514
1003.0,1003.0,0.6732936
1004.0,1004.0,0.6807314
1005.0,1005.0,0.4895769
1006.0,1006.0,0.4529087
1007.0,1007.0,0.55636257
1008.0,1008.0,0.7032162
1009.0,1009.0,0.5846551
1010.0,1010.0,0.68089706
1011.0,1011.0,0.5496195
1012.0,1012.0,0.4529087
1013.0,1013.0,0.53898203
1014.0,1014.0,0.55871433
1015.0,1015.0,0.6065629
1016.0,1016.0,0.6887944
1017.0,1017.0,0.661263
1018.0,1018.0,0.6580213
1019.0,1019.0,0.45350873
1020.0,1020.0,0.5260788
1021.0,1021.0,0.50990653
1022.0,1022.0,0.6083678
1023.0,1023.0,0.6626499
1024.0,1024.0,0.49642542
1025.0,1025.0,0.6027426
1026.0,1026.0,0.6693657
1027.0,1027.0,0.46126032
1028.0,1028.0,0.55189186
1029.0,1029.0,0.49384955
1030.0,1030.0,0.6174795
1031.0,1031.0,0.6358929
1032.0,1032.0,0.7122704
1033.0,1033.0,0.45350873
1034.0,1034.0,0.64971685
1035.0,1035.0,0.7645894
1036.0,1036.0,0.5175974
1037.0,1037.0,0.64151764
1038.0,1038.0,0.58725584
1039.0,1039.0,0.6158175
1040.0,1040.0,0.69898826
1041.0,1041.0,0.62748635
1042.0,1042.0,0.57832354
1043.0,1043.0,0.5123104
1044.0,1044.0,0.66618335
1045.0,1045.0,0.66149956
1046.0,1046.0,0.63079894
1047.0,1047.0,0.6765878
1048.0,1048.0,0.4532334
1049.0,1049.0,0.7231946
1050.0,1050.0,0.45520255
1051.0,1051.0,0.4780718
1052.0,1052.0,0.60290456
1053.0,1053.0,0.6804352
1054.0,1054.0,0.65425414
1055.0,1055.0,0.6222614
1056.0,1056.0,0.7333393
1057.0,1057.0,0.6694626
1058.0,1058.0,0.45520255
1059.0,1059.0,0.4780718
1060.0,1060.0,0.6791514
1061.0,1061.0,0.4529087
1062.0,1062.0,0.62203807
1063.0,1063.0,0.60326225
1064.0,1064.0,0.6067168
1065.0,1065.0,0.6328759
1066.0,1066.0,0.5706131
1067.0,1067.0,0.5307664
1068.0,1068.0,0.6848912
1069.0,1069.0,0.71005297
1070.0,1070.0,0.4529087
1071.0,1071.0,0.6817982
1072.0,1072.0,0.49384955
1073.0,1073.0,0.6220381
1074.0,1074.0,0.5871761
1075.0,1075.0,0.6522472
1076.0,1076.0,0.6731003
1077.0,1077.0,0.62784225
1078.0,1078.0,0.45350873
1079.0,1079.0,0.48898467
1080.0,1080.0,0.4775589
1081.0,1081.0,0.9055081
1082.0,1082.0,0.5659281
1083.0,1083.0,0.71893597
1084.0,1084.0,0.45350873
1085.0,1085.0,0.72383523
1086.0,1086.0,0.46065098
1087.0,1087.0,0.46056345
1088.0,1088.0,0.6804374
1089.0,1089.0,0.6724697
1090.0,1090.0,0.63079894
1091.0,1091.0,0.5924978
1092.0,1092.0,0.6487425
1093.0,1093.0,0.7722597
1094.0,1094.0,0.5184724
1095.0,1095.0,0.6680123
1096.0,1096.0,0.6923975
1097.0,1097.0,0.48845226
1098.0,1098.0,0.46804327
1099.0,1099.0,0.4529087
1100.0,1100.0,0.55888814
1101.0,1101.0,0.5872761
1102.0,1102.0,0.6627903
1103.0,1103.0,0.6020942
1104.0,1104.0,0.6564474
1105.0,1105.0,0.6916383
1106.0,1106.0,0.67161626
1107.0,1107.0,0.46623138
1108.0,1108.0,0.6661903
1109.0,1109.0,0.52624583
1110.0,1110.0,0.48921517
1111.0,1111.0,0.6666361
1112.0,1112.0,0.64298403
1113.0,1113.0,0.60206854
1114.0,1114.0,0.7097337
1115.0,1115.0,0.7075948
1116.0,1116.0,0.5871761
1117.0,1117.0,0.68872124
1118.0,1118.0,0.6878293
1119.0,1119.0,0.5296055
1120.0,1120.0,0.7629002
1121.0,1121.0,0.6415363
1122.0,1122.0,0.70241565
1123.0,1123.0,0.58725584
1124.0,1124.0,0.6979552
1125.0,1125.0,0.51889455
1126.0,1126.0,0.6940211
1127.0,1127.0,0.54967767
1128.0,1128.0,0.71744037
1129.0,1129.0,0.67880493
1130.0,1130.0,0.6557342
1131.0,1131.0,0.4780718
1132.0,1132.0,0.47791505
1133.0,1133.0,0.54967767
1134.0,1134.0,0.57232213
1135.0,1135.0,0.6927086
1136.0,1136.0,0.625727
1137.0,1137.0,0.72198546
1138.0,1138.0,0.6608477
1139.0,1139.0,0.52996916
1140.0,1140.0,0.4780718
1141.0,1141.0,0.45340008
1142.0,1142.0,0.7645894
1143.0,1143.0,0.6801088
1144.0,1144.0,0.58256596
1145.0,1145.0,0.46297207
1146.0,1146.0,0.6864464
1147.0,1147.0,0.71795315
1148.0,1148.0,0.4780718
1149.0,1149.0,0.51212674
1150.0,1150.0,0.7216864
1151.0,1151.0,0.553786
1152.0,1152.0,0.46623138
1153.0,1153.0,0.50295186
1154.0,1154.0,0.7545206
1155.0,1155.0,0.46297207
1156.0,1156.0,0.6979457
1157.0,1157.0,0.57232213
1158.0,1158.0,0.5834458
1159.0,1159.0,0.6968886
1160.0,1160.0,0.62051183
1161.0,1161.0,0.58782905
1162.0,1162.0,0.56637627
1163.0,1163.0,0.48451298
1164.0,1164.0,0.6720779
1165.0,1165.0,0.4529087
1166.0,1166.0,0.5081863
1167.0,1167.0,0.5413335
1168.0,1168.0,0.6504442
1169.0,1169.0,0.5991738
1170.0,1170.0,0.60290456
1171.0,1171.0,0.7645894
1172.0,1172.0,0.4797161
1173.0,1173.0,0.6654012
1174.0,1174.0,0.6826763
1175.0,1175.0,0.51133513
1176.0,1176.0,0.7071246
1177.0,1177.0,0.56588686
1178.0,1178.0,0.85170585
1179.0,1179.0,0.45350873
1180.0,1180.0,0.5564759
1181.0,1181.0,0.63908476
1182.0,1182.0,0.6020942
1183.0,1183.0,0.71592987
1184.0,1184.0,0.45520255
1185.0,1185.0,0.70020473
1186.0,1186.0,0.57268566
1187.0,1187.0,0.52677137
1188.0,1188.0,0.5485589
1189.0,1189.0,0.52478796
1190.0,1190.0,0.5487924
1191.0,1191.0,0.5185791
1192.0,1192.0,0.48845226
1193.0,1193.0,0.5413335
1194.0,1194.0,0.6947327
1195.0,1195.0,0.5516824
1196.0,1196.0,0.54795176
1197.0,1197.0,0.49384955
1198.0,1198.0,0.58725584
1199.0,1199.0,0.5104569
1200.0,1200.0,0.57442373
1201.0,1201.0,0.66085356
1202.0,1202.0,0.9106616
1203.0,1203.0,0.45295465
1204.0,1204.0,0.48845226
1205.0,1205.0,0.71197915
1206.0,1206.0,0.6804352
1207.0,1207.0,0.54088795
1208.0,1208.0,0.5175591
1209.0,1209.0,0.4684072
1210.0,1210.0,0.66647273
1211.0,1211.0,0.6020942
1212.0,1212.0,0.6398928
1213.0,1213.0,0.50990653
1214.0,1214.0,0.7645894
1215.0,1215.0,0.65765965
1216.0,1216.0,0.5506811
1217.0,1217.0,0.46065098
1218.0,1218.0,0.63116455
1219.0,1219.0,0.83648324
1220.0,1220.0,0.4887039
1221.0,1221.0,0.5632798
1222.0,1222.0,0.63500255
1223.0,1223.0,0.4529087
1224.0,1224.0,0.60331947
1225.0,1225.0,0.48845226
1226.0,1226.0,0.46761343
1227.0,1227.0,0.5921797
1228.0,1228.0,0.74506974
1229.0,1229.0,0.5822481
1230.0,1230.0,0.6855934
1231.0,1231.0,0.67877024
1232.0,1232.0,0.6170356
1233.0,1233.0,0.4797161
1234.0,1234.0,0.66737986
1235.0,1235.0,0.46297207
1236.0,1236.0,0.6170356
1237.0,1237.0,0.6414375
1238.0,1238.0,0.6020942
1239.0,1239.0,0.72557503
1240.0,1240.0,0.53898203
1241.0,1241.0,0.46623138
1242.0,1242.0,0.4869512
1243.0,1243.0,0.6170427
1244.0,1244.0,0.7645894
1245.0,1245.0,0.6306894
1246.0,1246.0,0.66073316
1247.0,1247.0,0.9106616
1248.0,1248.0,0.5366574
1249.0,1249.0,0.55192995
1250.0,1250.0,0.6277555
1251.0,1251.0,0.6354753
1252.0,1252.0,0.49642542
1253.0,1253.0,0.55073863
1254.0,1254.0,0.48845226
1255.0,1255.0,0.464425
1256.0,1256.0,0.4529087
1257.0,1257.0,0.5600081
1258.0,1258.0,0.5121282
1259.0,1259.0,0.6066983
1260.0,1260.0,0.46297207
1261.0,1261.0,0.45520255
1262.0,1262.0,0.6172458
1263.0,1263.0,0.5561535
1264.0,1264.0,0.74393004
1265.0,1265.0,0.6120091
1266.0,1266.0,0.6805662
1267.0,1267.0,0.6361497
1268.0,1268.0,0.4963713
1269.0,1269.0,0.7101403
1270.0,1270.0,0.7347633
1271.0,1271.0,0.55178314
1272.0,1272.0,0.5493347
1273.0,1273.0,0.6077628
1274.0,1274.0,0.4529087
1275.0,1275.0,0.55990136
1276.0,1276.0,0.51069915
1277.0,1277.0,0.6885973
1278.0,1278.0,0.8849822
1279.0,1279.0,0.54967767
1280.0,1280.0,0.5222523
1281.0,1281.0,0.694085
1282.0,1282.0,0.46065098
1283.0,1283.0,0.6034503
1284.0,1284.0,0.70130223
1285.0,1285.0,0.6916
1286.0,1286.0,0.63627994
1287.0,1287.0,0.4529087
1288.0,1288.0,0.668745
1289.0,1289.0,0.6679747
1290.0,1290.0,0.48195624
1291.0,1291.0,0.5054568
1292.0,1292.0,0.63898146
1293.0,1293.0,0.46623138
1294.0,1294.0,0.45341757
1295.0,1295.0,0.7597792
1296.0,1296.0,0.7554314
1297.0,1297.0,0.5701564
1298.0,1298.0,0.68238235
1299.0,1299.0,0.48394975
1300.0,1300.0,0.6385386
1301.0,1301.0,0.59791195
1302.0,1302.0,0.5608378
1303.0,1303.0,0.49343896
1304.0,1304.0,0.5054568
1305.0,1305.0,0.63280845
1306.0,1306.0,0.5411607
1307.0,1307.0,0.68147373
1308.0,1308.0,0.7163958
1309.0,1309.0,0.70717716
1310.0,1310.0,0.46146297
1311.0,1311.0,0.64416414
1312.0,1312.0,0.5522201
1313.0,1313.0,0.6489352
1314.0,1314.0,0.50990653
1315.0,1315.0,0.7645894
1316.0,1316.0,0.4529087
1317.0,1317.0,0.49611655
1318.0,1318.0,0.7524116
1319.0,1319.0,0.66420484
1320.0,1320.0,0.5902798
1321.0,1321.0,0.4780718
1322.0,1322.0,0.45350873
1323.0,1323.0,0.57832354
1324.0,1324.0,0.4529087
1325.0,1325.0,0.65246546
1326.0,1326.0,0.6030003
1327.0,1327.0,0.60777795
1328.0,1328.0,0.5314202
1329.0,1329.0,0.50961035
1330.0,1330.0,0.6783662
1331.0,1331.0,0.7085406
1332.0,1332.0,0.55509925
1333.0,1333.0,0.5871761
1334.0,1334.0,0.6666361
1335.0,1335.0,0.74508214
1336.0,1336.0,0.52478796
1337.0,1337.0,0.69463366
1338.0,1338.0,0.57281685
1339.0,1339.0,0.6532855
1340.0,1340.0,0.454379
1341.0,1341.0,0.55509925
1342.0,1342.0,0.5412861
1343.0,1343.0,0.46623138
1344.0,1344.0,0.5260788
1345.0,1345.0,0.4991769
1346.0,1346.0,0.45520255
1347.0,1347.0,0.7063766
1348.0,1348.0,0.7645894
1349.0,1349.0,0.47830632
1350.0,1350.0,0.6750539
1351.0,1351.0,0.4626242
1352.0,1352.0,0.5516824
1353.0,1353.0,0.5902798
1354.0,1354.0,0.6761184
1355.0,1355.0,0.66109353
1356.0,1356.0,0.52626044
1357.0,1357.0,0.46510392
1358.0,1358.0,0.4952883
1359.0,1359.0,0.57424897
1360.0,1360.0,0.7131633
1361.0,1361.0,0.5871904
1362.0,1362.0,0.45520255
1363.0,1363.0,0.6872779
1364.0,1364.0,0.6695384
1365.0,1365.0,0.66827214
1366.0,1366.0,0.49611655
1367.0,1367.0,0.7645894
1368.0,1368.0,0.45350873
1369.0,1369.0,0.54967767
1370.0,1370.0,0.47924227
1371.0,1371.0,0.678896
1372.0,1372.0,0.85701394
1373.0,1373.0,0.5555129
1374.0,1374.0,0.53775436
1375.0,1375.0,0.53898203
1376.0,1376.0,0.6745071
1377.0,1377.0,0.67049825
1378.0,1378.0,0.4529087
1379.0,1379.0,0.50295186
1380.0,1380.0,0.46065098
1381.0,1381.0,0.54105395
1382.0,1382.0,0.67636627
1383.0,1383.0,0.6828849
1384.0,1384.0,0.5260788
1385.0,1385.0,0.5564759
1386.0,1386.0,0.7152472
1387.0,1387.0,0.5062474
1388.0,1388.0,0.6104156
1389.0,1389.0,0.48394975
1390.0,1390.0,0.5374386
1391.0,1391.0,0.7296884
1392.0,1392.0,0.5926249
1393.0,1393.0,0.5245267
1394.0,1394.0,0.4896348
1395.0,1395.0,0.6557777
1396.0,1396.0,0.6026663
1397.0,1397.0,0.73764277
1398.0,1398.0,0.53898203
1399.0,1399.0,0.69925815
1400.0,1400.0,0.51133513
1401.0,1401.0,0.54105395
1402.0,1402.0,0.6683465
1403.0,1403.0,0.6288851
1404.0,1404.0,0.4529087
1405.0,1405.0,0.58347124
1406.0,1406.0,0.51212674
1407.0,1407.0,0.48534378
1408.0,1408.0,0.4529087
1409.0,1409.0,0.67893356
1410.0,1410.0,0.9106616
1411.0,1411.0,0.7645894
1412.0,1412.0,0.72432584
1413.0,1413.0,0.66242003
1414.0,1414.0,0.5521895
1415.0,1415.0,0.72155833
1416.0,1416.0,0.6222614
1417.0,1417.0,0.45520255
1418.0,1418.0,0.60074127
1419.0,1419.0,0.6330695
1420.0,1420.0,0.46065098
1421.0,1421.0,0.52511543
1422.0,1422.0,0.61149883
1423.0,1423.0,0.59271467
1424.0,1424.0,0.69795525
1425.0,1425.0,0.66255444
1426.0,1426.0,0.6282939
1427.0,1427.0,0.46761343
1428.0,1428.0,0.54359734
1429.0,1429.0,0.5902798
1430.0,1430.0,0.55611306
1431.0,1431.0,0.572308
1432.0,1432.0,0.57281685
1433.0,1433.0,0.6633454
1434.0,1434.0,0.67554134
1435.0,1435.0,0.6564474
1436.0,1436.0,0.7110364
1437.0,1437.0,0.49642542
1438.0,1438.0,0.58103293
1439.0,1439.0,0.47985658
1440.0,1440.0,0.4642523
1441.0,1441.0,0.6850016
1442.0,1442.0,0.6277555
1443.0,1443.0,0.70661294
1444.0,1444.0,0.6720779
1445.0,1445.0,0.755387
1446.0,1446.0,0.6867738
1447.0,1447.0,0.7645894
1448.0,1448.0,0.47951454
1449.0,1449.0,0.49642542
1450.0,1450.0,0.7020562
1451.0,1451.0,0.5032711
1452.0,1452.0,0.6529298
1453.0,1453.0,0.45525932
1454.0,1454.0,0.5029128
1455.0,1455.0,0.6026663
1456.0,1456.0,0.5238817
1457.0,1457.0,0.67421377
1458.0,1458.0,0.6627303
1459.0,1459.0,0.59779274
1460.0,1460.0,0.5632798
1461.0,1461.0,0.4529087
1462.0,1462.0,0.4896348
1463.0,1463.0,0.50712824
1464.0,1464.0,0.46622744
1465.0,1465.0,0.50403285
1466.0,1466.0,0.49223068
1467.0,1467.0,0.50295186
1468.0,1468.0,0.69381607
1469.0,1469.0,0.7049213
1470.0,1470.0,0.5701564
1471.0,1471.0,0.6750918
1472.0,1472.0,0.53725487
1473.0,1473.0,0.5213472
1474.0,1474.0,0.50295186
1475.0,1475.0,0.6274527
1476.0,1476.0,0.5073852
1477.0,1477.0,0.52063024
1478.0,1478.0,0.85246253
1479.0,1479.0,0.66413087
1480.0,1480.0,0.5434244
1481.0,1481.0,0.6174795
1482.0,1482.0,0.70661294
1483.0,1483.0,0.8871553
1484.0,1484.0,0.4529087
1485.0,1485.0,0.68396103
1486.0,1486.0,0.45350873
1487.0,1487.0,0.5947414
1488.0,1488.0,0.671099
1489.0,1489.0,0.66647273
1490.0,1490.0,0.53898203
1491.0,1491.0,0.5701564
1492.0,1492.0,0.53725487
1493.0,1493.0,0.55509925
1494.0,1494.0,0.612607
1495.0,1495.0,0.67908686
1496.0,1496.0,0.6185061
1497.0,1497.0,0.4780718
1498.0,1498.0,0.5564759
1499.0,1499.0,0.6738223
1500.0,1500.0,0.48195624
1501.0,1501.0,0.9106616
1502.0,1502.0,0.46761343
1503.0,1503.0,0.6100956
1504.0,1504.0,0.68338853
1505.0,1505.0,0.56151694
1506.0,1506.0,0.6963861
1507.0,1507.0,0.6804352
1508.0,1508.0,0.67017245
1509.0,1509.0,0.6816336
1510.0,1510.0,0.503093
1511.0,1511.0,0.52097976
1512.0,1512.0,0.71893597
1513.0,1513.0,0.86786944
1514.0,1514.0,0.58103293
1515.0,1515.0,0.7565489
1516.0,1516.0,0.46065098
1517.0,1517.0,0.5915197
1518.0,1518.0,0.570512
1519.0,1519.0,0.6608961
1520.0,1520.0,0.4529087
1521.0,1521.0,0.6326937
1522.0,1522.0,0.7595689
1523.0,1523.0,0.46297207
1524.0,1524.0,0.50990653
1525.0,1525.0,0.5123104
1526.0,1526.0,0.7269059
1527.0,1527.0,0.7152472
1528.0,1528.0,0.50295186
1529.0,1529.0,0.68732107
1530.0,1530.0,0.6993753
1531.0,1531.0,0.73138
1532.0,1532.0,0.48161724
1533.0,1533.0,0.50951827
1534.0,1534.0,0.4896348
1535.0,1535.0,0.6718871
1536.0,1536.0,0.45350873
1537.0,1537.0,0.45296365
1538.0,1538.0,0.6838958
1539.0,1539.0,0.5174389
1540.0,1540.0,0.6065989
1541.0,1541.0,0.6852823
1542.0,1542.0,0.7645894
1543.0,1543.0,0.6627751
1544.0,1544.0,0.5701564
1545.0,1545.0,0.7478775
1546.0,1546.0,0.54787856
1547.0,1547.0,0.4780718
1548.0,1548.0,0.67316663
1549.0,1549.0,0.73058385
1550.0,1550.0,0.7645894
1551.0,1551.0,0.78183365
1552.0,1552.0,0.4626242
1553.0,1553.0,0.5663686
1554.0,1554.0,0.5564759
1555.0,1555.0,0.6819555
1556.0,1556.0,0.48394975
1557.0,1557.0,0.57356566
1558.0,1558.0,0.6451213
1559.0,1559.0,0.57490206
1560.0,1560.0,0.50520056
1561.0,1561.0,0.4797161
1562.0,1562.0,0.6980752
1563.0,1563.0,0.7120802
1564.0,1564.0,0.5564759
1565.0,1565.0,0.6663267
1566.0,1566.0,0.49165842
1567.0,1567.0,0.5902798
1568.0,1568.0,0.49384955
1569.0,1569.0,0.6170356
1570.0,1570.0,0.48195624
1571.0,1571.0,0.6020942
1572.0,1572.0,0.45350873
1573.0,1573.0,0.5632798
1574.0,1574.0,0.45520255
1575.0,1575.0,0.52503705
1576.0,1576.0,0.45350873
1577.0,1577.0,0.5880497
1578.0,1578.0,0.49384955
1579.0,1579.0,0.4995776
1580.0,1580.0,0.5421555
1581.0,1581.0,0.46623138
1582.0,1582.0,0.48195624
1583.0,1583.0,0.67735386
1584.0,1584.0,0.66073316
1585.0,1585.0,0.54105395
1586.0,1586.0,0.6845493
1587.0,1587.0,0.71779275
1588.0,1588.0,0.66720146
1589.0,1589.0,0.45520255
1590.0,1590.0,0.6929809
1591.0,1591.0,0.69195175
1592.0,1592.0,0.7065401
1593.0,1593.0,0.6608477
1594.0,1594.0,0.63856083
1595.0,1595.0,0.6315833
1596.0,1596.0,0.6085744
1597.0,1597.0,0.6476944
1598.0,1598.0,0.45422378
1599.0,1599.0,0.639783
1600.0,1600.0,0.6686479
1601.0,1601.0,0.600304
1602.0,1602.0,0.8511724
1603.0,1603.0,0.5375655
1604.0,1604.0,0.5054568
1605.0,1605.0,0.5924231
1606.0,1606.0,0.66431713
1607.0,1607.0,0.52483445
1608.0,1608.0,0.49642542
1609.0,1609.0,0.46488822
1610.0,1610.0,0.5963841
1611.0,1611.0,0.6210581
1612.0,1612.0,0.66946155
1613.0,1613.0,0.66181463
1614.0,1614.0,0.6194885
1615.0,1615.0,0.6781374
1616.0,1616.0,0.6596316
1617.0,1617.0,0.58782905
1618.0,1618.0,0.5688258
1619.0,1619.0,0.6020549
1620.0,1620.0,0.4529087
1621.0,1621.0,0.71744037
1622.0,1622.0,0.6174795
1623.0,1623.0,0.6844005
1624.0,1624.0,0.6617285
1625.0,1625.0,0.46065098
1626.0,1626.0,0.5412861
1627.0,1627.0,0.6086641
1628.0,1628.0,0.4812658
1629.0,1629.0,0.69434303
1630.0,1630.0,0.5671407
1631.0,1631.0,0.67161435
1632.0,1632.0,0.46623138
1633.0,1633.0,0.5235621
1634.0,1634.0,0.5701564
1635.0,1635.0,0.6345312
1636.0,1636.0,0.54946077
1637.0,1637.0,0.6307368
1638.0,1638.0,0.5902798
1639.0,1639.0,0.6030003
1640.0,1640.0,0.47555658
1641.0,1641.0,0.49642542
1642.0,1642.0,0.9106616
1643.0,1643.0,0.7335919
1644.0,1644.0,0.4797161
1645.0,1645.0,0.66073316
1646.0,1646.0,0.6021453
1647.0,1647.0,0.6488918
1648.0,1648.0,0.45520255
1649.0,1649.0,0.5846551
1650.0,1650.0,0.7179726
1651.0,1651.0,0.6253629
1652.0,1652.0,0.45362273
1653.0,1653.0,0.58681333
1654.0,1654.0,0.6893857
1655.0,1655.0,0.53011423
1656.0,1656.0,0.57232213
1657.0,1657.0,0.45390153
1658.0,1658.0,0.5555399
1659.0,1659.0,0.5252788
1660.0,1660.0,0.67065763
1661.0,1661.0,0.6840038
1662.0,1662.0,0.6835738
1663.0,1663.0,0.6564474
1664.0,1664.0,0.45520255
1665.0,1665.0,0.71260595
1666.0,1666.0,0.60290456
1667.0,1667.0,0.73850787
1668.0,1668.0,0.6170425
1669.0,1669.0,0.6617285
1670.0,1670.0,0.58725584
1671.0,1671.0,0.6617543
1672.0,1672.0,0.59405744
1673.0,1673.0,0.676311
1674.0,1674.0,0.6786579
1675.0,1675.0,0.4529087
1676.0,1676.0,0.7010518
1677.0,1677.0,0.7065247
1678.0,1678.0,0.6227686
1679.0,1679.0,0.6417783
1680.0,1680.0,0.52624583
1681.0,1681.0,0.491745
1682.0,1682.0,0.6656422
1683.0,1683.0,0.6649011
1684.0,1684.0,0.4706942
1685.0,1685.0,0.5747313
1686.0,1686.0,0.52478796
1687.0,1687.0,0.5564759
1688.0,1688.0,0.6772911
1689.0,1689.0,0.51212674
1690.0,1690.0,0.55192995
1691.0,1691.0,0.6030003
1692.0,1692.0,0.68714803
1693.0,1693.0,0.48394975
1694.0,1694.0,0.64399904
1695.0,1695.0,0.55192995
1696.0,1696.0,0.6398928
1697.0,1697.0,0.45350873
1698.0,1698.0,0.6170356
1699.0,1699.0,0.6377874
1700.0,1700.0,0.57232213
1701.0,1701.0,0.9106616
1702.0,1702.0,0.65605384
1703.0,1703.0,0.64236563
1704.0,1704.0,0.49611655
1705.0,1705.0,0.6712402
1706.0,1706.0,0.6720779
1707.0,1707.0,0.65713495
1708.0,1708.0,0.55509925
1709.0,1709.0,0.5992347
1710.0,1710.0,0.5730074
1711.0,1711.0,0.671641
1712.0,1712.0,0.6731014
1713.0,1713.0,0.7645894
1714.0,1714.0,0.57232213
1715.0,1715.0,0.49642065
1716.0,1716.0,0.5879022
1717.0,1717.0,0.5106993
1718.0,1718.0,0.553786
1719.0,1719.0,0.6293672
1720.0,1720.0,0.6595943
1721.0,1721.0,0.6172458
1722.0,1722.0,0.6662495
1723.0,1723.0,0.6356217
1724.0,1724.0,0.6020942
1725.0,1725.0,0.7645894
1726.0,1726.0,0.5054568
1727.0,1727.0,0.5902798
1728.0,1728.0,0.6862999
1729.0,1729.0,0.6345773
1730.0,1730.0,0.6247732
1731.0,1731.0,0.4780718
1732.0,1732.0,0.4529087
1733.0,1733.0,0.5056231
1734.0,1734.0,0.6067182
1735.0,1735.0,0.7168446
1736.0,1736.0,0.50922585
1737.0,1737.0,0.5744508
1738.0,1738.0,0.6174795
1739.0,1739.0,0.4529087
1740.0,1740.0,0.5235602
1741.0,1741.0,0.71948653
1742.0,1742.0,0.5330473
1743.0,1743.0,0.4814605
1744.0,1744.0,0.6810366
1745.0,1745.0,0.62619525
1746.0,1746.0,0.52478796
1747.0,1747.0,0.6840038
1748.0,1748.0,0.58430046
1749.0,1749.0,0.9106616
1750.0,1750.0,0.5561535
1751.0,1751.0,0.6258288
1752.0,1752.0,0.45350873
1753.0,1753.0,0.5701564
1754.0,1754.0,0.60257363
1755.0,1755.0,0.4535365
1756.0,1756.0,0.6170356
1757.0,1757.0,0.5897148
1758.0,1758.0,0.5871761
1759.0,1759.0,0.58103293
1760.0,1760.0,0.7026941
1761.0,1761.0,0.7074168
1762.0,1762.0,0.6020942
1763.0,1763.0,0.7645894
1764.0,1764.0,0.66647273
1765.0,1765.0,0.5871761
1766.0,1766.0,0.69113964
1767.0,1767.0,0.61632997
1768.0,1768.0,0.667366
1769.0,1769.0,0.5701564
1770.0,1770.0,0.6030003
1771.0,1771.0,0.5828094
1772.0,1772.0,0.625821
1773.0,1773.0,0.5033579
1774.0,1774.0,0.46297207
1775.0,1775.0,0.58103293
1776.0,1776.0,0.4780718
1777.0,1777.0,0.48195624
1778.0,1778.0,0.49642542
1779.0,1779.0,0.7413641
1780.0,1780.0,0.72114533
1781.0,1781.0,0.6564474
1782.0,1782.0,0.5660599
1783.0,1783.0,0.6608477
1784.0,1784.0,0.50990653
1785.0,1785.0,0.5701564
1786.0,1786.0,0.5221233
1787.0,1787.0,0.48845342
1788.0,1788.0,0.5705177
1789.0,1789.0,0.49642542
1790.0,1790.0,0.7295858
1791.0,1791.0,0.5516824
1792.0,1792.0,0.54105395
1793.0,1793.0,0.64778167
1794.0,1794.0,0.74238396
1795.0,1795.0,0.50295186
1796.0,1796.0,0.46623138
1797.0,1797.0,0.45520255
1798.0,1798.0,0.526034
1799.0,1799.0,0.7408157
1800.0,1800.0,0.7119988
1801.0,1801.0,0.5073852
1802.0,1802.0,0.66097337
1803.0,1803.0,0.67747205
1804.0,1804.0,0.4529087
1805.0,1805.0,0.55192995
1806.0,1806.0,0.52949303
1807.0,1807.0,0.7021819
1808.0,1808.0,0.69447476
1809.0,1809.0,0.51889455
1810.0,1810.0,0.5632798
1811.0,1811.0,0.4780718
1812.0,1812.0,0.6233121
1813.0,1813.0,0.7070013
1814.0,1814.0,0.4780718
1815.0,1815.0,0.561138
1816.0,1816.0,0.5691432
1817.0,1817.0,0.8386776
1818.0,1818.0,0.6680491
1819.0,1819.0,0.45291036
1820.0,1820.0,0.66891974
1821.0,1821.0,0.5885074
1822.0,1822.0,0.70241565
1823.0,1823.0,0.51312953
1824.0,1824.0,0.6114246
1825.0,1825.0,0.6741381
1826.0,1826.0,0.6199423
1827.0,1827.0,0.55509925
1828.0,1828.0,0.4780718
1829.0,1829.0,0.62572706
1830.0,1830.0,0.7840996
1831.0,1831.0,0.60732335
1832.0,1832.0,0.6466233
1833.0,1833.0,0.75854033
1834.0,1834.0,0.6020942
1835.0,1835.0,0.55953276
1836.0,1836.0,0.67131686
1837.0,1837.0,0.5701564
1838.0,1838.0,0.5884469
1839.0,1839.0,0.5758675
1840.0,1840.0,0.598788
1841.0,1841.0,0.5054568
1842.0,1842.0,0.5056231
1843.0,1843.0,0.6888912
1844.0,1844.0,0.45350873
1845.0,1845.0,0.4933853
1846.0,1846.0,0.4626242
1847.0,1847.0,0.6667514
1848.0,1848.0,0.4529087
1849.0,1849.0,0.57372767
1850.0,1850.0,0.6959837
1851.0,1851.0,0.5871761
1852.0,1852.0,0.7797825
1853.0,1853.0,0.46297207
1854.0,1854.0,0.57281685
1855.0,1855.0,0.69526213
1856.0,1856.0,0.6627365
1857.0,1857.0,0.54102606
1858.0,1858.0,0.4529087
1859.0,1859.0,0.48771197
1860.0,1860.0,0.5562197
1861.0,1861.0,0.6174795
1862.0,1862.0,0.46623138
1863.0,1863.0,0.5561535
1864.0,1864.0,0.60074127
1865.0,1865.0,0.698266
1866.0,1866.0,0.5880472
1867.0,1867.0,0.60290456
1868.0,1868.0,0.45929214
1869.0,1869.0,0.50990653
1870.0,1870.0,0.4529087
1871.0,1871.0,0.60217166
1872.0,1872.0,0.6627903
1873.0,1873.0,0.71415496
1874.0,1874.0,0.6613923
1875.0,1875.0,0.6604428
1876.0,1876.0,0.61159354
1877.0,1877.0,0.55509925
1878.0,1878.0,0.6618626
1879.0,1879.0,0.6529968
1880.0,1880.0,0.7133096
1881.0,1881.0,0.6022012
1882.0,1882.0,0.50295186
1883.0,1883.0,0.6766961
1884.0,1884.0,0.49016836
1885.0,1885.0,0.6722424
1886.0,1886.0,0.4896348
1887.0,1887.0,0.6929809
1888.0,1888.0,0.68658566
1889.0,1889.0,0.6453678
1890.0,1890.0,0.6429774
1891.0,1891.0,0.5871761
1892.0,1892.0,0.46065098
1893.0,1893.0,0.6468812
1894.0,1894.0,0.6950016
1895.0,1895.0,0.7036385
1896.0,1896.0,0.5561535
1897.0,1897.0,0.7122495
1898.0,1898.0,0.5434244
1899.0,1899.0,0.67373574
1900.0,1900.0,0.45520255
1901.0,1901.0,0.60970914
1902.0,1902.0,0.6744493
1903.0,1903.0,0.45350873
1904.0,1904.0,0.46065098
1905.0,1905.0,0.4780718
1906.0,1906.0,0.55073863
1907.0,1907.0,0.61241996
1908.0,1908.0,0.46065098
1909.0,1909.0,0.9106616
1910.0,1910.0,0.6172458
1911.0,1911.0,0.45520255
1912.0,1912.0,0.55192995
1913.0,1913.0,0.4706942
1914.0,1914.0,0.6617285
1915.0,1915.0,0.47407016
1916.0,1916.0,0.53968287
1917.0,1917.0,0.51889455
1918.0,1918.0,0.60219526
1919.0,1919.0,0.51212674
1920.0,1920.0,0.45520255
1921.0,1921.0,0.6414264
1922.0,1922.0,0.5564759
1923.0,1923.0,0.6731003
1924.0,1924.0,0.5260788
1925.0,1925.0,0.50295186
1926.0,1926.0,0.4529087
1927.0,1927.0,0.6616473
1928.0,1928.0,0.71979547
1929.0,1929.0,0.50295186
1930.0,1930.0,0.51212674
1931.0,1931.0,0.5054568
1932.0,1932.0,0.5341535
1933.0,1933.0,0.5600081
1934.0,1934.0,0.70887256
1935.0,1935.0,0.6138458
1936.0,1936.0,0.71744037
1937.0,1937.0,0.45520255
1938.0,1938.0,0.4706942
1939.0,1939.0,0.7565489
1940.0,1940.0,0.70602995
1941.0,1941.0,0.6284784
1942.0,1942.0,0.7270377
1943.0,1943.0,0.71836
1944.0,1944.0,0.5701564
1945.0,1945.0,0.75123376
1946.0,1946.0,0.68735766
1947.0,1947.0,0.45350873
1948.0,1948.0,0.5763529
1949.0,1949.0,0.553786
1950.0,1950.0,0.6026663
1951.0,1951.0,0.59668356
1952.0,1952.0,0.710053
1953.0,1953.0,0.66397613
1954.0,1954.0,0.63087004
1955.0,1955.0,0.7665603
1956.0,1956.0,0.70823175
1957.0,1957.0,0.68051815
1958.0,1958.0,0.6804352
1959.0,1959.0,0.6106927
1960.0,1960.0,0.6313885
1961.0,1961.0,0.487233
1962.0,1962.0,0.58725584
1963.0,1963.0,0.6617988
1964.0,1964.0,0.54967767
1965.0,1965.0,0.49232194
1966.0,1966.0,0.5871761
1967.0,1967.0,0.5434244
1968.0,1968.0,0.6354456
1969.0,1969.0,0.45331606
1970.0,1970.0,0.6608502
1971.0,1971.0,0.7645894
1972.0,1972.0,0.7290504
1973.0,1973.0,0.6734861
1974.0,1974.0,0.45624793
1975.0,1975.0,0.5817734
1976.0,1976.0,0.5550422
1977.0,1977.0,0.56789225
1978.0,1978.0,0.553786
1979.0,1979.0,0.53945065
1980.0,1980.0,0.51212674
1981.0,1981.0,0.45350873
1982.0,1982.0,0.6509535
1983.0,1983.0,0.4925383
1984.0,1984.0,0.5731271
