x,y,species_1 cloglog values
1.0,1.0,0.63957757
2.0,2.0,0.6920484
3.0,3.0,0.6039578
4.0,4.0,0.6937804
5.0,5.0,0.62634987
6.0,6.0,0.61733156
7.0,7.0,0.6411866
8.0,8.0,0.62292457
9.0,9.0,0.5938557
10.0,10.0,0.55971605
11.0,11.0,0.58983874
12.0,12.0,0.58575577
13.0,13.0,0.65534323
14.0,14.0,0.6435919
15.0,15.0,0.62052506
16.0,16.0,0.659736
17.0,17.0,0.53146434
18.0,18.0,0.54639465
19.0,19.0,0.5914372
20.0,20.0,0.5614648
21.0,21.0,0.58817464
22.0,22.0,0.68798316
23.0,23.0,0.61497223
24.0,24.0,0.5962236
25.0,25.0,0.50425076
26.0,26.0,0.6933426
27.0,27.0,0.69240487
28.0,28.0,0.44353884
29.0,29.0,0.6031856
30.0,30.0,0.5437874
31.0,31.0,0.5424542
32.0,32.0,0.5890126
33.0,33.0,0.6402023
34.0,34.0,0.58723766
35.0,35.0,0.59186906
36.0,36.0,0.66909444
37.0,37.0,0.63519496
38.0,38.0,0.52558506
39.0,39.0,0.5576526
40.0,40.0,0.6530317
41.0,41.0,0.56987613
42.0,42.0,0.5214219
43.0,43.0,0.43864438
44.0,44.0,0.6746955
45.0,45.0,0.57236713
46.0,46.0,0.64734226
47.0,47.0,0.6344088
48.0,48.0,0.65680903
49.0,49.0,0.69261503
50.0,50.0,0.60748523
51.0,51.0,0.67617327
52.0,52.0,0.3224229
53.0,53.0,0.5846451
54.0,54.0,0.6889123
55.0,55.0,0.6971154
56.0,56.0,0.6218119
57.0,57.0,0.5655664
58.0,58.0,0.6880218
59.0,59.0,0.48216885
60.0,60.0,0.6337935
61.0,61.0,0.6271525
62.0,62.0,0.6290104
63.0,63.0,0.53047276
64.0,64.0,0.68429124
65.0,65.0,0.59096795
66.0,66.0,0.6252242
67.0,67.0,0.48773193
68.0,68.0,0.52839005
69.0,69.0,0.64891106
70.0,70.0,0.58862895
71.0,71.0,0.6480395
72.0,72.0,0.642662
73.0,73.0,0.6929142
74.0,74.0,0.72562784
75.0,75.0,0.58096284
76.0,76.0,0.5882511
77.0,77.0,0.63168913
78.0,78.0,0.6159849
79.0,79.0,0.63269067
80.0,80.0,0.63914424
81.0,81.0,0.6203356
82.0,82.0,0.6303902
83.0,83.0,0.48681122
84.0,84.0,0.68448514
85.0,85.0,0.60117674
86.0,86.0,0.6883432
87.0,87.0,0.51167583
88.0,88.0,0.5593726
89.0,89.0,0.65914863
90.0,90.0,0.4912758
91.0,91.0,0.57593715
92.0,92.0,0.67317575
93.0,93.0,0.43926743
94.0,94.0,0.58798957
95.0,95.0,0.6436171
96.0,96.0,0.5284894
97.0,97.0,0.4893398
98.0,98.0,0.62648267
99.0,99.0,0.5436309
100.0,100.0,0.61676925
101.0,101.0,0.6790165
102.0,102.0,0.56295216
103.0,103.0,0.6554859
104.0,104.0,0.63991827
105.0,105.0,0.5617259
106.0,106.0,0.5061622
107.0,107.0,0.58071953
108.0,108.0,0.61558723
109.0,109.0,0.5347043
110.0,110.0,0.5668321
111.0,111.0,0.6461115
112.0,112.0,0.57047564
113.0,113.0,0.5506557
114.0,114.0,0.5907853
115.0,115.0,0.6949769
116.0,116.0,0.55089563
117.0,117.0,0.48565218
118.0,118.0,0.6215703
119.0,119.0,0.5244961
120.0,120.0,0.58669466
121.0,121.0,0.65353894
122.0,122.0,0.6163757
123.0,123.0,0.49060833
124.0,124.0,0.5319576
125.0,125.0,0.518957
126.0,126.0,0.69474214
127.0,127.0,0.65601254
128.0,128.0,0.6407479
129.0,129.0,0.6265433
130.0,130.0,0.57018894
131.0,131.0,0.6841438
132.0,132.0,0.3245336
133.0,133.0,0.66129845
134.0,134.0,0.6830573
135.0,135.0,0.69369614
136.0,136.0,0.60632247
137.0,137.0,0.5964384
138.0,138.0,0.64664024
139.0,139.0,0.5802201
140.0,140.0,0.64734423
141.0,141.0,0.61994535
142.0,142.0,0.69657254
143.0,143.0,0.659583
144.0,144.0,0.5356108
145.0,145.0,0.45975143
146.0,146.0,0.6275733
147.0,147.0,0.52488196
148.0,148.0,0.49790236
149.0,149.0,0.5880616
150.0,150.0,0.551182
151.0,151.0,0.689836
152.0,152.0,0.64232695
153.0,153.0,0.63276154
154.0,154.0,0.66342163
155.0,155.0,0.6516632
156.0,156.0,0.658457
157.0,157.0,0.6321625
158.0,158.0,0.5296224
159.0,159.0,0.66460556
160.0,160.0,0.592361
161.0,161.0,0.49697968
162.0,162.0,0.5175013
163.0,163.0,0.49214253
164.0,164.0,0.5954079
165.0,165.0,0.67992824
166.0,166.0,0.44585133
167.0,167.0,0.6965993
168.0,168.0,0.5322544
169.0,169.0,0.4932117
170.0,170.0,0.49288964
171.0,171.0,0.6558966
172.0,172.0,0.66175526
173.0,173.0,0.5059886
174.0,174.0,0.6870062
175.0,175.0,0.5342249
176.0,176.0,0.6819026
177.0,177.0,0.58907425
178.0,178.0,0.62721485
179.0,179.0,0.68969846
180.0,180.0,0.58514744
181.0,181.0,0.5061573
182.0,182.0,0.48660952
183.0,183.0,0.7023335
184.0,184.0,0.6557168
185.0,185.0,0.6413099
186.0,186.0,0.4048183
187.0,187.0,0.5003198
188.0,188.0,0.6763638
189.0,189.0,0.5873796
190.0,190.0,0.64126307
191.0,191.0,0.6960091
192.0,192.0,0.54626334
193.0,193.0,0.58730924
194.0,194.0,0.5502952
195.0,195.0,0.5358771
196.0,196.0,0.542424
197.0,197.0,0.5893082
198.0,198.0,0.58904916
199.0,199.0,0.59206367
200.0,200.0,0.53129894
201.0,201.0,0.52622503
202.0,202.0,0.6219635
203.0,203.0,0.6278016
204.0,204.0,0.64058644
205.0,205.0,0.5848253
206.0,206.0,0.6462283
207.0,207.0,0.69109106
208.0,208.0,0.5129714
209.0,209.0,0.49693316
210.0,210.0,0.59698397
211.0,211.0,0.63789636
212.0,212.0,0.6716618
213.0,213.0,0.49848416
214.0,214.0,0.63312453
215.0,215.0,0.6800859
216.0,216.0,0.5845634
217.0,217.0,0.6132714
218.0,218.0,0.85761946
219.0,219.0,0.6392404
220.0,220.0,0.7229748
221.0,221.0,0.70437884
222.0,222.0,0.54793453
223.0,223.0,0.55100745
224.0,224.0,0.6451683
225.0,225.0,0.6545729
226.0,226.0,0.5349395
227.0,227.0,0.43871352
228.0,228.0,0.5543296
229.0,229.0,0.5302623
230.0,230.0,0.61848515
231.0,231.0,0.6740663
232.0,232.0,0.5171174
233.0,233.0,0.6973859
234.0,234.0,0.6941867
235.0,235.0,0.49515748
236.0,236.0,0.65798503
237.0,237.0,0.52127767
238.0,238.0,0.60315084
239.0,239.0,0.6392762
240.0,240.0,0.64870137
241.0,241.0,0.6287071
242.0,242.0,0.5279918
243.0,243.0,0.5214593
244.0,244.0,0.6222136
245.0,245.0,0.5007419
246.0,246.0,0.5691292
247.0,247.0,0.60457766
248.0,248.0,0.694023
249.0,249.0,0.6524579
250.0,250.0,0.6408805
251.0,251.0,0.64224875
252.0,252.0,0.5218799
253.0,253.0,0.5927157
254.0,254.0,0.8510712
255.0,255.0,0.6478821
256.0,256.0,0.6834127
257.0,257.0,0.6911066
258.0,258.0,0.52482367
259.0,259.0,0.6923899
260.0,260.0,0.69653684
261.0,261.0,0.6443672
262.0,262.0,0.542
263.0,263.0,0.6364353
264.0,264.0,0.58818734
265.0,265.0,0.64653856
266.0,266.0,0.6643078
267.0,267.0,0.5407818
268.0,268.0,0.5963317
269.0,269.0,0.6865834
270.0,270.0,0.36397472
271.0,271.0,0.47540787
272.0,272.0,0.5568229
273.0,273.0,0.671243
274.0,274.0,0.65084916
275.0,275.0,0.6867468
276.0,276.0,0.55345714
277.0,277.0,0.49231482
278.0,278.0,0.69746804
279.0,279.0,0.58936244
280.0,280.0,0.54104424
281.0,281.0,0.52944535
282.0,282.0,0.4958255
283.0,283.0,0.4936026
284.0,284.0,0.6103111
285.0,285.0,0.5630914
286.0,286.0,0.6634654
287.0,287.0,0.69635284
288.0,288.0,0.61910534
289.0,289.0,0.5765795
290.0,290.0,0.6358724
291.0,291.0,0.5341317
292.0,292.0,0.5443972
293.0,293.0,0.6884925
294.0,294.0,0.65087324
295.0,295.0,0.5417393
296.0,296.0,0.5667688
297.0,297.0,0.54829735
298.0,298.0,0.6443778
299.0,299.0,0.5412897
300.0,300.0,0.63322884
301.0,301.0,0.48498863
302.0,302.0,0.5853633
303.0,303.0,0.49882093
304.0,304.0,0.58010703
305.0,305.0,0.61684644
306.0,306.0,0.63997334
307.0,307.0,0.5573946
308.0,308.0,0.6940588
309.0,309.0,0.63495886
310.0,310.0,0.5192934
311.0,311.0,0.49515882
312.0,312.0,0.717294
313.0,313.0,0.6480751
314.0,314.0,0.42687756
315.0,315.0,0.53110147
316.0,316.0,0.5384116
317.0,317.0,0.6620041
318.0,318.0,0.9610052
319.0,319.0,0.69428146
320.0,320.0,0.5124468
321.0,321.0,0.5498184
322.0,322.0,0.6748173
323.0,323.0,0.6883776
324.0,324.0,0.5747209
325.0,325.0,0.49434495
326.0,326.0,0.58927506
327.0,327.0,0.55878067
328.0,328.0,0.59002227
329.0,329.0,0.5514745
330.0,330.0,0.6356163
331.0,331.0,0.68829566
332.0,332.0,0.60545754
333.0,333.0,0.6952349
334.0,334.0,0.5721803
335.0,335.0,0.5267501
336.0,336.0,0.57270813
337.0,337.0,0.62246245
338.0,338.0,0.49610263
339.0,339.0,0.33957317
340.0,340.0,0.6867883
341.0,341.0,0.6475002
342.0,342.0,0.58758056
343.0,343.0,0.58422935
344.0,344.0,0.5507294
345.0,345.0,0.6678029
346.0,346.0,0.54184884
347.0,347.0,0.5902542
348.0,348.0,0.5431231
349.0,349.0,0.6461802
350.0,350.0,0.6922649
351.0,351.0,0.58116204
352.0,352.0,0.595186
353.0,353.0,0.6318465
354.0,354.0,0.7005213
355.0,355.0,0.4875436
356.0,356.0,0.66230494
357.0,357.0,0.5937959
358.0,358.0,0.52633226
359.0,359.0,0.64857656
360.0,360.0,0.5165083
361.0,361.0,0.59158266
362.0,362.0,0.6460944
363.0,363.0,0.64392704
364.0,364.0,0.49267882
365.0,365.0,0.6198562
366.0,366.0,0.52210224
367.0,367.0,0.49329215
368.0,368.0,0.5524887
369.0,369.0,0.5481989
370.0,370.0,0.474131
371.0,371.0,0.5472457
372.0,372.0,0.6462328
373.0,373.0,0.64600796
374.0,374.0,0.66188496
375.0,375.0,0.53119653
376.0,376.0,0.5063499
377.0,377.0,0.6261317
378.0,378.0,0.5398869
379.0,379.0,0.6164811
380.0,380.0,0.6219328
381.0,381.0,0.6440129
382.0,382.0,0.5421095
383.0,383.0,0.66103196
384.0,384.0,0.52334815
385.0,385.0,0.62969595
386.0,386.0,0.697868
387.0,387.0,0.6886046
388.0,388.0,0.6454548
389.0,389.0,0.6515351
390.0,390.0,0.5691174
391.0,391.0,0.53800434
392.0,392.0,0.5055782
393.0,393.0,0.45252755
394.0,394.0,0.6279913
395.0,395.0,0.6802036
396.0,396.0,0.5128788
397.0,397.0,0.63704896
398.0,398.0,0.6020761
399.0,399.0,0.5717653
400.0,400.0,0.6189019
401.0,401.0,0.5871237
402.0,402.0,0.5714141
403.0,403.0,0.52939284
404.0,404.0,0.6318303
405.0,405.0,0.5283341
406.0,406.0,0.49538448
407.0,407.0,0.5902092
408.0,408.0,0.68028855
409.0,409.0,0.516456
410.0,410.0,0.6875013
411.0,411.0,0.58335686
412.0,412.0,0.6021363
413.0,413.0,0.6949123
414.0,414.0,0.6945579
415.0,415.0,0.55333394
416.0,416.0,0.6481057
417.0,417.0,0.5664253
418.0,418.0,0.5714599
419.0,419.0,0.6644833
420.0,420.0,0.5402314
421.0,421.0,0.53778684
422.0,422.0,0.63774115
423.0,423.0,0.65129304
424.0,424.0,0.5392308
425.0,425.0,0.66923964
426.0,426.0,0.5334025
427.0,427.0,0.7278716
428.0,428.0,0.4052745
429.0,429.0,0.60035676
430.0,430.0,0.634544
431.0,431.0,0.6762722
432.0,432.0,0.54016674
433.0,433.0,0.5779871
434.0,434.0,0.54544395
435.0,435.0,0.6522283
436.0,436.0,0.64202785
437.0,437.0,0.5742669
438.0,438.0,0.6752748
439.0,439.0,0.5426323
440.0,440.0,0.58691263
441.0,441.0,0.6501811
442.0,442.0,0.57347953
443.0,443.0,0.640752
444.0,444.0,0.6485843
445.0,445.0,0.8519934
446.0,446.0,0.64033985
447.0,447.0,0.6624855
448.0,448.0,0.5630968
449.0,449.0,0.57352734
450.0,450.0,0.5586118
451.0,451.0,0.6432117
452.0,452.0,0.5686648
453.0,453.0,0.5700245
454.0,454.0,0.591604
455.0,455.0,0.64107
456.0,456.0,0.6716888
457.0,457.0,0.718341
458.0,458.0,0.5838598
459.0,459.0,0.6501463
460.0,460.0,0.5482519
461.0,461.0,0.5410867
462.0,462.0,0.5610631
463.0,463.0,0.6560119
464.0,464.0,0.52081263
465.0,465.0,0.5905715
466.0,466.0,0.6316554
467.0,467.0,0.65919864
468.0,468.0,0.85230607
469.0,469.0,0.6953756
470.0,470.0,0.54698205
471.0,471.0,0.6571719
472.0,472.0,0.5960951
473.0,473.0,0.6499869
474.0,474.0,0.5776796
475.0,475.0,0.5433664
476.0,476.0,0.47187486
477.0,477.0,0.52697396
478.0,478.0,0.5650457
479.0,479.0,0.63171107
480.0,480.0,0.5688741
481.0,481.0,0.62910277
482.0,482.0,0.7027671
483.0,483.0,0.5474958
484.0,484.0,0.5920272
485.0,485.0,0.6436632
486.0,486.0,0.6334141
487.0,487.0,0.56133544
488.0,488.0,0.65018225
489.0,489.0,0.5145857
490.0,490.0,0.5030553
491.0,491.0,0.58780825
492.0,492.0,0.63544303
493.0,493.0,0.5721218
494.0,494.0,0.65488976
495.0,495.0,0.641848
496.0,496.0,0.6449801
497.0,497.0,0.5750329
498.0,498.0,0.645381
499.0,499.0,0.6518782
500.0,500.0,0.6008106
501.0,501.0,0.50007194
502.0,502.0,0.65113115
503.0,503.0,0.61607885
504.0,504.0,0.64682704
505.0,505.0,0.56600803
506.0,506.0,0.7002468
507.0,507.0,0.5974797
508.0,508.0,0.64495814
509.0,509.0,0.6100782
510.0,510.0,0.655213
511.0,511.0,0.53363013
512.0,512.0,0.6436811
513.0,513.0,0.5308916
514.0,514.0,0.5602835
515.0,515.0,0.64697105
516.0,516.0,0.60437393
517.0,517.0,0.5893335
518.0,518.0,0.5859727
519.0,519.0,0.63075304
520.0,520.0,0.5419473
521.0,521.0,0.61921287
522.0,522.0,0.82913357
523.0,523.0,0.63107204
524.0,524.0,0.49356842
525.0,525.0,0.6618069
526.0,526.0,0.64238673
527.0,527.0,0.43665656
528.0,528.0,0.64219606
529.0,529.0,0.4917532
530.0,530.0,0.5012962
531.0,531.0,0.5412924
532.0,532.0,0.5934029
533.0,533.0,0.6720648
534.0,534.0,0.6975723
535.0,535.0,0.8458659
536.0,536.0,0.52957463
537.0,537.0,0.52588284
538.0,538.0,0.6520751
539.0,539.0,0.5419454
540.0,540.0,0.59856915
541.0,541.0,0.61117536
542.0,542.0,0.6322161
543.0,543.0,0.69335866
544.0,544.0,0.5825261
545.0,545.0,0.64422107
546.0,546.0,0.61200553
547.0,547.0,0.5901844
548.0,548.0,0.6459867
549.0,549.0,0.5562442
550.0,550.0,0.661969
551.0,551.0,0.55149615
552.0,552.0,0.68961936
553.0,553.0,0.5645598
554.0,554.0,0.52440655
555.0,555.0,0.63523716
556.0,556.0,0.70449144
557.0,557.0,0.59041685
558.0,558.0,0.52312195
559.0,559.0,0.5386248
560.0,560.0,0.55622303
561.0,561.0,0.62765664
562.0,562.0,0.58812356
563.0,563.0,0.64639515
564.0,564.0,0.5413683
565.0,565.0,0.68038046
566.0,566.0,0.58048344
567.0,567.0,0.58083594
568.0,568.0,0.7003492
569.0,569.0,0.5646503
570.0,570.0,0.5754578
571.0,571.0,0.6929736
572.0,572.0,0.7029299
573.0,573.0,0.61201453
574.0,574.0,0.64260536
575.0,575.0,0.5192229
576.0,576.0,0.6598804
577.0,577.0,0.60983753
578.0,578.0,0.49162728
579.0,579.0,0.6252007
580.0,580.0,0.4926784
581.0,581.0,0.5181811
582.0,582.0,0.5773473
583.0,583.0,0.48906037
584.0,584.0,0.650667
585.0,585.0,0.64691406
586.0,586.0,0.6464766
587.0,587.0,0.68384564
588.0,588.0,0.6149543
589.0,589.0,0.54202175
590.0,590.0,0.65336317
591.0,591.0,0.68489593
592.0,592.0,0.5426064
593.0,593.0,0.6456892
594.0,594.0,0.563928
595.0,595.0,0.5572041
596.0,596.0,0.52233374
597.0,597.0,0.6938518
598.0,598.0,0.5600836
599.0,599.0,0.5639899
600.0,600.0,0.5910759
601.0,601.0,0.5956949
602.0,602.0,0.5208713
603.0,603.0,0.69728833
604.0,604.0,0.51493776
605.0,605.0,0.57136506
606.0,606.0,0.545184
607.0,607.0,0.5843576
608.0,608.0,0.5354914
609.0,609.0,0.59143335
610.0,610.0,0.5683571
611.0,611.0,0.64619714
612.0,612.0,0.5935045
613.0,613.0,0.67636573
614.0,614.0,0.5088517
615.0,615.0,0.5650363
616.0,616.0,0.60215294
617.0,617.0,0.64244807
618.0,618.0,0.5809324
619.0,619.0,0.66822356
620.0,620.0,0.6994615
621.0,621.0,0.6974947
622.0,622.0,0.68703437
623.0,623.0,0.5384414
624.0,624.0,0.38420305
625.0,625.0,0.5017515
626.0,626.0,0.4868278
627.0,627.0,0.49793878
628.0,628.0,0.5732397
629.0,629.0,0.55132866
630.0,630.0,0.65746105
631.0,631.0,0.5402142
632.0,632.0,0.5005476
633.0,633.0,0.6392971
634.0,634.0,0.6913863
635.0,635.0,0.5622184
636.0,636.0,0.5396958
637.0,637.0,0.8954358
638.0,638.0,0.6069443
639.0,639.0,0.35100323
640.0,640.0,0.67056346
641.0,641.0,0.6508923
642.0,642.0,0.50909805
643.0,643.0,0.64869386
644.0,644.0,0.642499
645.0,645.0,0.6944076
646.0,646.0,0.49255934
647.0,647.0,0.6314531
648.0,648.0,0.64313877
649.0,649.0,0.6974294
650.0,650.0,0.53044635
651.0,651.0,0.34428912
652.0,652.0,0.33130768
653.0,653.0,0.67243224
654.0,654.0,0.58789694
655.0,655.0,0.62634444
656.0,656.0,0.6317536
657.0,657.0,0.5668513
658.0,658.0,0.4959287
659.0,659.0,0.535205
660.0,660.0,0.64382267
661.0,661.0,0.6252228
662.0,662.0,0.65169907
663.0,663.0,0.6989162
664.0,664.0,0.5292112
665.0,665.0,0.69866085
666.0,666.0,0.6455619
667.0,667.0,0.6608235
668.0,668.0,0.683901
669.0,669.0,0.63883513
670.0,670.0,0.66170955
671.0,671.0,0.49056658
672.0,672.0,0.54492694
673.0,673.0,0.63994896
674.0,674.0,0.6580379
675.0,675.0,0.5883663
676.0,676.0,0.5873485
677.0,677.0,0.6777799
678.0,678.0,0.63517743
679.0,679.0,0.6342412
680.0,680.0,0.68924993
681.0,681.0,0.5611833
682.0,682.0,0.57044345
683.0,683.0,0.684611
684.0,684.0,0.6205539
685.0,685.0,0.6385121
686.0,686.0,0.6084185
687.0,687.0,0.5178094
688.0,688.0,0.6502493
689.0,689.0,0.53413796
690.0,690.0,0.55718637
691.0,691.0,0.62435865
692.0,692.0,0.53970635
693.0,693.0,0.6932305
694.0,694.0,0.6638964
695.0,695.0,0.51856345
696.0,696.0,0.5902819
697.0,697.0,0.5998224
698.0,698.0,0.54055315
699.0,699.0,0.6910483
700.0,700.0,0.7000446
701.0,701.0,0.60954994
702.0,702.0,0.6179879
703.0,703.0,0.6554183
704.0,704.0,0.69808203
705.0,705.0,0.5196487
706.0,706.0,0.6072813
707.0,707.0,0.48868144
708.0,708.0,0.5679924
709.0,709.0,0.5977692
710.0,710.0,0.9293919
711.0,711.0,0.6133726
712.0,712.0,0.64801276
713.0,713.0,0.6714485
714.0,714.0,0.55549663
715.0,715.0,0.6182903
716.0,716.0,0.64038706
717.0,717.0,0.64847416
718.0,718.0,0.5964102
719.0,719.0,0.8575028
720.0,720.0,0.53147525
721.0,721.0,0.66608304
722.0,722.0,0.54285806
723.0,723.0,0.648923
724.0,724.0,0.69692475
725.0,725.0,0.51709414
726.0,726.0,0.7252478
727.0,727.0,0.615733
728.0,728.0,0.69368476
729.0,729.0,0.5154181
730.0,730.0,0.54232496
731.0,731.0,0.6585588
732.0,732.0,0.6393334
733.0,733.0,0.64256006
734.0,734.0,0.51491374
735.0,735.0,0.6427783
736.0,736.0,0.5697317
737.0,737.0,0.5621864
738.0,738.0,0.6598663
739.0,739.0,0.6372431
740.0,740.0,0.5881995
741.0,741.0,0.5308928
742.0,742.0,0.6444849
743.0,743.0,0.67941827
744.0,744.0,0.6771946
745.0,745.0,0.6526991
746.0,746.0,0.79766804
747.0,747.0,0.69529676
748.0,748.0,0.74349153
749.0,749.0,0.49498162
750.0,750.0,0.6877098
751.0,751.0,0.6823167
752.0,752.0,0.6756373
753.0,753.0,0.69225264
754.0,754.0,0.57749665
755.0,755.0,0.65572524
756.0,756.0,0.61405706
757.0,757.0,0.5857682
758.0,758.0,0.5586198
759.0,759.0,0.8369634
760.0,760.0,0.637405
761.0,761.0,0.6562828
762.0,762.0,0.5416808
763.0,763.0,0.6890587
764.0,764.0,0.5123815
765.0,765.0,0.5438595
766.0,766.0,0.62459755
767.0,767.0,0.57302517
768.0,768.0,0.63819724
769.0,769.0,0.62722594
770.0,770.0,0.57913464
771.0,771.0,0.707488
772.0,772.0,0.59631884
773.0,773.0,0.58740824
774.0,774.0,0.6965195
775.0,775.0,0.5979819
776.0,776.0,0.6139117
777.0,777.0,0.4914714
778.0,778.0,0.6321869
779.0,779.0,0.48713985
780.0,780.0,0.6503396
781.0,781.0,0.63588196
782.0,782.0,0.6281579
783.0,783.0,0.5177608
784.0,784.0,0.5874422
785.0,785.0,0.5374793
786.0,786.0,0.48766783
787.0,787.0,0.5630067
788.0,788.0,0.49571252
789.0,789.0,0.59070265
790.0,790.0,0.48900342
791.0,791.0,0.6402271
792.0,792.0,0.62447065
793.0,793.0,0.5672118
794.0,794.0,0.62888247
795.0,795.0,0.5354097
796.0,796.0,0.52418774
797.0,797.0,0.6480315
798.0,798.0,0.6912725
799.0,799.0,0.8468256
800.0,800.0,0.55018425
801.0,801.0,0.5534071
802.0,802.0,0.598422
803.0,803.0,0.63128
804.0,804.0,0.6820323
805.0,805.0,0.636194
806.0,806.0,0.58551234
807.0,807.0,0.67888516
808.0,808.0,0.6242109
809.0,809.0,0.59454656
810.0,810.0,0.69299984
811.0,811.0,0.6480788
812.0,812.0,0.5873881
813.0,813.0,0.4929101
814.0,814.0,0.62368315
815.0,815.0,0.608558
816.0,816.0,0.55166477
817.0,817.0,0.635235
818.0,818.0,0.64101976
819.0,819.0,0.53673136
820.0,820.0,0.5882121
821.0,821.0,0.6428848
822.0,822.0,0.31881076
823.0,823.0,0.4858923
824.0,824.0,0.5031443
825.0,825.0,0.6240032
826.0,826.0,0.4964595
827.0,827.0,0.5642285
828.0,828.0,0.55970204
829.0,829.0,0.6514557
830.0,830.0,0.68696845
831.0,831.0,0.58587545
832.0,832.0,0.6423345
833.0,833.0,0.5318339
834.0,834.0,0.64443547
835.0,835.0,0.52529204
836.0,836.0,0.6318712
837.0,837.0,0.588073
838.0,838.0,0.5438285
839.0,839.0,0.52551126
840.0,840.0,0.55995935
841.0,841.0,0.5235807
842.0,842.0,0.52953744
843.0,843.0,0.6844327
844.0,844.0,0.5401429
845.0,845.0,0.5652184
846.0,846.0,0.6491456
847.0,847.0,0.6158518
848.0,848.0,0.5622684
849.0,849.0,0.549802
850.0,850.0,0.4805348
851.0,851.0,0.9606878
852.0,852.0,0.69787985
853.0,853.0,0.59268427
854.0,854.0,0.5899066
855.0,855.0,0.6295631
856.0,856.0,0.559163
857.0,857.0,0.62624335
858.0,858.0,0.68496764
859.0,859.0,0.8515936
860.0,860.0,0.6359547
861.0,861.0,0.48938
862.0,862.0,0.56301475
863.0,863.0,0.61519223
864.0,864.0,0.4080552
865.0,865.0,0.49196014
866.0,866.0,0.655515
867.0,867.0,0.5822009
868.0,868.0,0.68962395
869.0,869.0,0.6842661
870.0,870.0,0.6364353
871.0,871.0,0.6381063
872.0,872.0,0.69373155
873.0,873.0,0.64604783
874.0,874.0,0.5894948
875.0,875.0,0.69326544
876.0,876.0,0.68767166
877.0,877.0,0.67762923
878.0,878.0,0.54873484
879.0,879.0,0.5568387
880.0,880.0,0.654545
881.0,881.0,0.6316745
882.0,882.0,0.6931591
883.0,883.0,0.5619415
884.0,884.0,0.4954484
885.0,885.0,0.4277349
886.0,886.0,0.54104155
887.0,887.0,0.5111669
888.0,888.0,0.68904877
889.0,889.0,0.5976854
890.0,890.0,0.65198886
891.0,891.0,0.5153915
892.0,892.0,0.55236554
893.0,893.0,0.5312962
894.0,894.0,0.5933151
895.0,895.0,0.5881858
896.0,896.0,0.53633064
897.0,897.0,0.5865615
898.0,898.0,0.51935345
899.0,899.0,0.5719752
900.0,900.0,0.6633522
901.0,901.0,0.6302437
902.0,902.0,0.57988715
903.0,903.0,0.96131855
904.0,904.0,0.6938253
905.0,905.0,0.5337465
906.0,906.0,0.6548246
907.0,907.0,0.64849174
908.0,908.0,0.54425275
909.0,909.0,0.6913037
910.0,910.0,0.6534139
911.0,911.0,0.63462365
912.0,912.0,0.65140545
913.0,913.0,0.62951875
914.0,914.0,0.6927274
915.0,915.0,0.67736816
916.0,916.0,0.49243975
917.0,917.0,0.56110394
918.0,918.0,0.63725966
919.0,919.0,0.5426369
920.0,920.0,0.5973215
921.0,921.0,0.42196637
922.0,922.0,0.53761274
923.0,923.0,0.68240494
924.0,924.0,0.6354601
925.0,925.0,0.6391812
926.0,926.0,0.5385923
927.0,927.0,0.5539243
928.0,928.0,0.5593774
929.0,929.0,0.65693456
930.0,930.0,0.60703826
931.0,931.0,0.5628254
932.0,932.0,0.6170218
933.0,933.0,0.5591732
934.0,934.0,0.5410399
935.0,935.0,0.60089993
936.0,936.0,0.65003484
937.0,937.0,0.66302264
938.0,938.0,0.5157042
939.0,939.0,0.5585579
940.0,940.0,0.6400842
941.0,941.0,0.62334144
942.0,942.0,0.8479652
943.0,943.0,0.61391747
944.0,944.0,0.654164
945.0,945.0,0.63839245
946.0,946.0,0.49273673
947.0,947.0,0.6946764
948.0,948.0,0.5959978
949.0,949.0,0.66850805
950.0,950.0,0.48765546
951.0,951.0,0.6408078
952.0,952.0,0.6956369
953.0,953.0,0.68346864
954.0,954.0,0.49285895
955.0,955.0,0.5602802
956.0,956.0,0.64271724
957.0,957.0,0.5424022
958.0,958.0,0.69560754
959.0,959.0,0.49415937
960.0,960.0,0.5041049
961.0,961.0,0.66652846
962.0,962.0,0.53863144
963.0,963.0,0.5808778
964.0,964.0,0.6445817
965.0,965.0,0.75187993
966.0,966.0,0.6049174
967.0,967.0,0.6324662
968.0,968.0,0.61042756
969.0,969.0,0.8911071
970.0,970.0,0.4945434
971.0,971.0,0.5214542
972.0,972.0,0.5151673
973.0,973.0,0.5283768
974.0,974.0,0.5440496
975.0,975.0,0.6214778
976.0,976.0,0.54874915
977.0,977.0,0.6849231
978.0,978.0,0.7001075
979.0,979.0,0.6424704
980.0,980.0,0.58769256
981.0,981.0,0.69043976
982.0,982.0,0.5610724
983.0,983.0,0.68889546
984.0,984.0,0.5312831
985.0,985.0,0.533658
986.0,986.0,0.5730699
987.0,987.0,0.6656161
988.0,988.0,0.58874524
989.0,989.0,0.6474101
990.0,990.0,0.6967365
991.0,991.0,0.644756
992.0,992.0,0.69459355
993.0,993.0,0.43747908
994.0,994.0,0.61664295
995.0,995.0,0.5418464
996.0,996.0,0.53316236
997.0,997.0,0.5540339
998.0,998.0,0.5945161
999.0,999.0,0.49179158
1000.0,1000.0,0.5118357
1001.0,1001.0,0.7084963
1002.0,1002.0,0.63213754
1003.0,1003.0,0.5725045
1004.0,1004.0,0.6236318
1005.0,1005.0,0.4803486
1006.0,1006.0,0.61817104
1007.0,1007.0,0.6322052
1008.0,1008.0,0.5474658
1009.0,1009.0,0.6396829
1010.0,1010.0,0.33770245
1011.0,1011.0,0.68797475
1012.0,1012.0,0.51048857
1013.0,1013.0,0.618646
1014.0,1014.0,0.5215499
1015.0,1015.0,0.6898189
1016.0,1016.0,0.5217304
1017.0,1017.0,0.5689645
1018.0,1018.0,0.64751124
1019.0,1019.0,0.4930393
1020.0,1020.0,0.491444
1021.0,1021.0,0.62474823
1022.0,1022.0,0.7217138
1023.0,1023.0,0.5403577
1024.0,1024.0,0.5501258
1025.0,1025.0,0.41735035
1026.0,1026.0,0.6496972
1027.0,1027.0,0.7193988
1028.0,1028.0,0.69175017
1029.0,1029.0,0.6215789
1030.0,1030.0,0.49301246
1031.0,1031.0,0.5914396
1032.0,1032.0,0.59164643
1033.0,1033.0,0.5300415
1034.0,1034.0,0.51712036
1035.0,1035.0,0.5539858
1036.0,1036.0,0.658726
1037.0,1037.0,0.6449297
1038.0,1038.0,0.6629653
1039.0,1039.0,0.47731772
1040.0,1040.0,0.6116571
1041.0,1041.0,0.5199475
1042.0,1042.0,0.5222629
1043.0,1043.0,0.67008024
1044.0,1044.0,0.5033559
1045.0,1045.0,0.69475067
1046.0,1046.0,0.6955775
1047.0,1047.0,0.48755467
1048.0,1048.0,0.54196113
1049.0,1049.0,0.5775349
1050.0,1050.0,0.65935934
1051.0,1051.0,0.6567568
1052.0,1052.0,0.69246334
1053.0,1053.0,0.6953971
1054.0,1054.0,0.52490276
1055.0,1055.0,0.631789
1056.0,1056.0,0.55757725
1057.0,1057.0,0.6968535
1058.0,1058.0,0.57331014
1059.0,1059.0,0.6000592
1060.0,1060.0,0.5408376
1061.0,1061.0,0.58837336
1062.0,1062.0,0.6991044
1063.0,1063.0,0.53561366
1064.0,1064.0,0.6258239
1065.0,1065.0,0.504716
1066.0,1066.0,0.5850764
1067.0,1067.0,0.5381736
1068.0,1068.0,0.6215986
1069.0,1069.0,0.64296246
1070.0,1070.0,0.66425574
1071.0,1071.0,0.6130162
1072.0,1072.0,0.5173061
1073.0,1073.0,0.9384251
1074.0,1074.0,0.644298
1075.0,1075.0,0.63403404
1076.0,1076.0,0.58965766
1077.0,1077.0,0.85331815
1078.0,1078.0,0.6908609
1079.0,1079.0,0.5364394
1080.0,1080.0,0.5386794
1081.0,1081.0,0.58626854
1082.0,1082.0,0.5566844
1083.0,1083.0,0.59029007
1084.0,1084.0,0.67689633
1085.0,1085.0,0.57202506
1086.0,1086.0,0.3391453
1087.0,1087.0,0.5188955
1088.0,1088.0,0.55637735
1089.0,1089.0,0.6420201
1090.0,1090.0,0.4931046
1091.0,1091.0,0.53734696
1092.0,1092.0,0.63546133
1093.0,1093.0,0.6652602
1094.0,1094.0,0.59178853
1095.0,1095.0,0.5945907
1096.0,1096.0,0.59332997
1097.0,1097.0,0.5469653
1098.0,1098.0,0.6345736
1099.0,1099.0,0.5587655
1100.0,1100.0,0.58544374
1101.0,1101.0,0.64417535
1102.0,1102.0,0.5624001
1103.0,1103.0,0.5190752
1104.0,1104.0,0.6469062
1105.0,1105.0,0.69333655
1106.0,1106.0,0.573845
1107.0,1107.0,0.5447085
1108.0,1108.0,0.49243358
1109.0,1109.0,0.61849153
1110.0,1110.0,0.6109976
1111.0,1111.0,0.6255357
1112.0,1112.0,0.6474279
1113.0,1113.0,0.64918584
1114.0,1114.0,0.6512233
1115.0,1115.0,0.58962935
1116.0,1116.0,0.5586552
1117.0,1117.0,0.4040291
1118.0,1118.0,0.5865533
1119.0,1119.0,0.72243696
1120.0,1120.0,0.6455761
1121.0,1121.0,0.6929961
1122.0,1122.0,0.57386947
1123.0,1123.0,0.5615983
1124.0,1124.0,0.5913218
1125.0,1125.0,0.58085716
1126.0,1126.0,0.5938751
1127.0,1127.0,0.6442504
1128.0,1128.0,0.5206157
1129.0,1129.0,0.70358944
1130.0,1130.0,0.49068788
1131.0,1131.0,0.6081515
1132.0,1132.0,0.643471
1133.0,1133.0,0.6874719
1134.0,1134.0,0.5563689
1135.0,1135.0,0.6448518
1136.0,1136.0,0.5417328
1137.0,1137.0,0.5245826
1138.0,1138.0,0.68722874
1139.0,1139.0,0.6875691
1140.0,1140.0,0.6794685
1141.0,1141.0,0.6408841
1142.0,1142.0,0.5133353
1143.0,1143.0,0.52274925
1144.0,1144.0,0.5839131
1145.0,1145.0,0.5673823
1146.0,1146.0,0.5443725
1147.0,1147.0,0.527695
1148.0,1148.0,0.5852635
1149.0,1149.0,0.49038735
1150.0,1150.0,0.62428826
1151.0,1151.0,0.6931552
1152.0,1152.0,0.5390905
1153.0,1153.0,0.60091704
1154.0,1154.0,0.588873
1155.0,1155.0,0.63786817
1156.0,1156.0,0.52556527
1157.0,1157.0,0.5411974
1158.0,1158.0,0.66356033
1159.0,1159.0,0.63213706
1160.0,1160.0,0.40759334
1161.0,1161.0,0.6236733
1162.0,1162.0,0.6218308
1163.0,1163.0,0.6370739
1164.0,1164.0,0.55998373
1165.0,1165.0,0.63603634
1166.0,1166.0,0.5936632
1167.0,1167.0,0.49829307
1168.0,1168.0,0.685392
1169.0,1169.0,0.5235583
1170.0,1170.0,0.37951535
1171.0,1171.0,0.6471169
1172.0,1172.0,0.5086879
1173.0,1173.0,0.5444353
1174.0,1174.0,0.682383
1175.0,1175.0,0.59264994
1176.0,1176.0,0.55609953
1177.0,1177.0,0.5576374
1178.0,1178.0,0.6900886
1179.0,1179.0,0.6974921
1180.0,1180.0,0.5385075
1181.0,1181.0,0.6812913
1182.0,1182.0,0.52244395
1183.0,1183.0,0.67077136
1184.0,1184.0,0.5885432
1185.0,1185.0,0.6942621
1186.0,1186.0,0.69646925
1187.0,1187.0,0.55154455
1188.0,1188.0,0.6450149
1189.0,1189.0,0.65475166
1190.0,1190.0,0.6484942
1191.0,1191.0,0.5759321
1192.0,1192.0,0.5639968
1193.0,1193.0,0.5499612
1194.0,1194.0,0.5379603
1195.0,1195.0,0.54592735
1196.0,1196.0,0.57615256
1197.0,1197.0,0.6373662
1198.0,1198.0,0.6397824
1199.0,1199.0,0.6782848
1200.0,1200.0,0.67328066
1201.0,1201.0,0.49552366
1202.0,1202.0,0.56270117
1203.0,1203.0,0.54670453
1204.0,1204.0,0.48469678
1205.0,1205.0,0.6801101
1206.0,1206.0,0.66575354
1207.0,1207.0,0.5618846
1208.0,1208.0,0.68047005
1209.0,1209.0,0.6898845
1210.0,1210.0,0.48877257
1211.0,1211.0,0.41864833
1212.0,1212.0,0.62252045
1213.0,1213.0,0.694379
1214.0,1214.0,0.64079845
1215.0,1215.0,0.69618016
1216.0,1216.0,0.68798107
1217.0,1217.0,0.6339067
1218.0,1218.0,0.84877735
1219.0,1219.0,0.697647
1220.0,1220.0,0.53459674
1221.0,1221.0,0.6356712
1222.0,1222.0,0.52294433
1223.0,1223.0,0.49398872
1224.0,1224.0,0.6424526
1225.0,1225.0,0.6252113
1226.0,1226.0,0.687312
1227.0,1227.0,0.6626636
1228.0,1228.0,0.692203
1229.0,1229.0,0.6474638
1230.0,1230.0,0.56169194
1231.0,1231.0,0.5946111
1232.0,1232.0,0.592165
1233.0,1233.0,0.64516354
1234.0,1234.0,0.5834149
1235.0,1235.0,0.5257595
1236.0,1236.0,0.6847893
1237.0,1237.0,0.6883617
1238.0,1238.0,0.64044535
1239.0,1239.0,0.63959324
1240.0,1240.0,0.5600279
1241.0,1241.0,0.54705167
1242.0,1242.0,0.5027899
1243.0,1243.0,0.52399963
1244.0,1244.0,0.6151265
1245.0,1245.0,0.6591101
1246.0,1246.0,0.6959737
1247.0,1247.0,0.5451156
1248.0,1248.0,0.63950187
1249.0,1249.0,0.6393109
1250.0,1250.0,0.6496849
1251.0,1251.0,0.58478326
1252.0,1252.0,0.56002384
1253.0,1253.0,0.69365996
1254.0,1254.0,0.65882516
1255.0,1255.0,0.6448411
1256.0,1256.0,0.6383826
1257.0,1257.0,0.6086068
1258.0,1258.0,0.56166065
1259.0,1259.0,0.6953351
1260.0,1260.0,0.5209516
1261.0,1261.0,0.6387718
1262.0,1262.0,0.43462154
1263.0,1263.0,0.87435246
1264.0,1264.0,0.6461884
1265.0,1265.0,0.5302727
1266.0,1266.0,0.643548
1267.0,1267.0,0.6563592
1268.0,1268.0,0.5593785
1269.0,1269.0,0.58797204
1270.0,1270.0,0.5657397
1271.0,1271.0,0.5934113
1272.0,1272.0,0.5436916
1273.0,1273.0,0.52299684
1274.0,1274.0,0.68446743
1275.0,1275.0,0.54241455
1276.0,1276.0,0.5223289
1277.0,1277.0,0.6033527
1278.0,1278.0,0.56901
1279.0,1279.0,0.6466612
1280.0,1280.0,0.64245915
1281.0,1281.0,0.6412684
1282.0,1282.0,0.5487213
1283.0,1283.0,0.641127
1284.0,1284.0,0.5717327
1285.0,1285.0,0.6113484
1286.0,1286.0,0.5363796
1287.0,1287.0,0.6683704
1288.0,1288.0,0.68535113
1289.0,1289.0,0.6728003
1290.0,1290.0,0.4934233
1291.0,1291.0,0.6679355
1292.0,1292.0,0.6465166
1293.0,1293.0,0.64758146
1294.0,1294.0,0.6438485
1295.0,1295.0,0.6511747
1296.0,1296.0,0.64258635
1297.0,1297.0,0.647469
1298.0,1298.0,0.6402094
1299.0,1299.0,0.6245479
1300.0,1300.0,0.65054536
1301.0,1301.0,0.6374789
1302.0,1302.0,0.55188614
1303.0,1303.0,0.6248268
1304.0,1304.0,0.54885536
1305.0,1305.0,0.50532734
1306.0,1306.0,0.6113135
1307.0,1307.0,0.5354653
1308.0,1308.0,0.5779246
1309.0,1309.0,0.57484424
1310.0,1310.0,0.49589038
1311.0,1311.0,0.60299635
1312.0,1312.0,0.640532
1313.0,1313.0,0.70682055
1314.0,1314.0,0.49624184
1315.0,1315.0,0.53673136
1316.0,1316.0,0.8530668
1317.0,1317.0,0.4858964
1318.0,1318.0,0.66346663
1319.0,1319.0,0.53082234
1320.0,1320.0,0.6460793
1321.0,1321.0,0.5424331
1322.0,1322.0,0.49574754
1323.0,1323.0,0.55347985
1324.0,1324.0,0.63602245
1325.0,1325.0,0.6418996
1326.0,1326.0,0.5259381
1327.0,1327.0,0.5180116
1328.0,1328.0,0.589582
1329.0,1329.0,0.6329649
1330.0,1330.0,0.5355541
1331.0,1331.0,0.65726984
1332.0,1332.0,0.5988653
1333.0,1333.0,0.64196354
1334.0,1334.0,0.49297842
1335.0,1335.0,0.6462197
1336.0,1336.0,0.69190776
1337.0,1337.0,0.572804
1338.0,1338.0,0.4898431
1339.0,1339.0,0.5823089
1340.0,1340.0,0.6430716
1341.0,1341.0,0.5902073
1342.0,1342.0,0.6662168
1343.0,1343.0,0.65417284
1344.0,1344.0,0.65830225
1345.0,1345.0,0.6540818
1346.0,1346.0,0.5232307
1347.0,1347.0,0.5290772
1348.0,1348.0,0.5093784
1349.0,1349.0,0.64689374
1350.0,1350.0,0.5723365
1351.0,1351.0,0.6877884
1352.0,1352.0,0.63702667
1353.0,1353.0,0.5472267
1354.0,1354.0,0.69918174
1355.0,1355.0,0.65420794
1356.0,1356.0,0.68912166
1357.0,1357.0,0.5113073
1358.0,1358.0,0.68556076
1359.0,1359.0,0.5165232
1360.0,1360.0,0.5214568
1361.0,1361.0,0.58855385
1362.0,1362.0,0.60298526
1363.0,1363.0,0.5207497
1364.0,1364.0,0.33953208
1365.0,1365.0,0.54218626
1366.0,1366.0,0.625458
1367.0,1367.0,0.6399413
1368.0,1368.0,0.6154771
1369.0,1369.0,0.55950433
1370.0,1370.0,0.585605
1371.0,1371.0,0.6937369
1372.0,1372.0,0.59717286
1373.0,1373.0,0.5822608
1374.0,1374.0,0.65537953
1375.0,1375.0,0.6308781
1376.0,1376.0,0.694794
1377.0,1377.0,0.601616
1378.0,1378.0,0.68372136
1379.0,1379.0,0.6442388
1380.0,1380.0,0.66339827
1381.0,1381.0,0.6806739
1382.0,1382.0,0.5360977
1383.0,1383.0,0.6282472
1384.0,1384.0,0.5225286
1385.0,1385.0,0.656103
1386.0,1386.0,0.60462636
1387.0,1387.0,0.63211536
1388.0,1388.0,0.6482684
1389.0,1389.0,0.5884138
1390.0,1390.0,0.55847853
1391.0,1391.0,0.53148025
1392.0,1392.0,0.54017574
1393.0,1393.0,0.53037953
1394.0,1394.0,0.53809106
1395.0,1395.0,0.5156964
1396.0,1396.0,0.538883
1397.0,1397.0,0.5531257
1398.0,1398.0,0.6946284
1399.0,1399.0,0.58849186
1400.0,1400.0,0.4205931
1401.0,1401.0,0.6322564
1402.0,1402.0,0.64966667
1403.0,1403.0,0.4800696
1404.0,1404.0,0.55213696
1405.0,1405.0,0.6320889
1406.0,1406.0,0.79702115
1407.0,1407.0,0.58544344
1408.0,1408.0,0.6882017
1409.0,1409.0,0.65009546
1410.0,1410.0,0.52139133
1411.0,1411.0,0.49443114
1412.0,1412.0,0.6584386
1413.0,1413.0,0.589733
1414.0,1414.0,0.5273293
1415.0,1415.0,0.528864
1416.0,1416.0,0.6393026
1417.0,1417.0,0.48960382
1418.0,1418.0,0.6252688
1419.0,1419.0,0.4952217
1420.0,1420.0,0.5156066
1421.0,1421.0,0.63272035
1422.0,1422.0,0.5426297
1423.0,1423.0,0.6055254
1424.0,1424.0,0.57112366
1425.0,1425.0,0.63551927
1426.0,1426.0,0.61704355
1427.0,1427.0,0.661167
1428.0,1428.0,0.62780577
1429.0,1429.0,0.5911926
1430.0,1430.0,0.48907778
1431.0,1431.0,0.5435304
1432.0,1432.0,0.50731456
1433.0,1433.0,0.6377327
1434.0,1434.0,0.6523409
1435.0,1435.0,0.5377703
1436.0,1436.0,0.5920606
1437.0,1437.0,0.52626216
1438.0,1438.0,0.5856718
1439.0,1439.0,0.60737276
1440.0,1440.0,0.5334782
1441.0,1441.0,0.54647726
1442.0,1442.0,0.66570175
1443.0,1443.0,0.58646786
1444.0,1444.0,0.54458094
1445.0,1445.0,0.85051334
1446.0,1446.0,0.5779299
1447.0,1447.0,0.5733
1448.0,1448.0,0.5720192
1449.0,1449.0,0.65753603
1450.0,1450.0,0.6468967
1451.0,1451.0,0.54938877
1452.0,1452.0,0.62068325
1453.0,1453.0,0.6413236
1454.0,1454.0,0.6407975
1455.0,1455.0,0.6406767
1456.0,1456.0,0.5009769
1457.0,1457.0,0.6214352
1458.0,1458.0,0.7171294
1459.0,1459.0,0.5908524
1460.0,1460.0,0.3419646
1461.0,1461.0,0.629821
1462.0,1462.0,0.49821907
1463.0,1463.0,0.33045062
1464.0,1464.0,0.65251124
1465.0,1465.0,0.539029
1466.0,1466.0,0.5644046
1467.0,1467.0,0.5163885
1468.0,1468.0,0.629389
1469.0,1469.0,0.5662248
1470.0,1470.0,0.53119653
1471.0,1471.0,0.56204396
1472.0,1472.0,0.67666316
1473.0,1473.0,0.5117398
1474.0,1474.0,0.6505519
1475.0,1475.0,0.6260341
1476.0,1476.0,0.70423335
1477.0,1477.0,0.48843852
1478.0,1478.0,0.6158897
1479.0,1479.0,0.62398845
1480.0,1480.0,0.5120993
1481.0,1481.0,0.66181934
1482.0,1482.0,0.5223943
1483.0,1483.0,0.68124324
1484.0,1484.0,0.6349169
1485.0,1485.0,0.63663286
1486.0,1486.0,0.58560467
1487.0,1487.0,0.55564415
1488.0,1488.0,0.6861177
1489.0,1489.0,0.45779276
1490.0,1490.0,0.54375046
1491.0,1491.0,0.5734324
1492.0,1492.0,0.69626755
1493.0,1493.0,0.638987
1494.0,1494.0,0.41047883
1495.0,1495.0,0.587119
1496.0,1496.0,0.6865851
1497.0,1497.0,0.6190287
1498.0,1498.0,0.6385775
1499.0,1499.0,0.6416697
1500.0,1500.0,0.67992723
1501.0,1501.0,0.69583577
1502.0,1502.0,0.6102184
1503.0,1503.0,0.49551284
1504.0,1504.0,0.5109881
1505.0,1505.0,0.5515259
1506.0,1506.0,0.64885
1507.0,1507.0,0.50490576
1508.0,1508.0,0.693402
1509.0,1509.0,0.6951096
1510.0,1510.0,0.5210686
1511.0,1511.0,0.5570086
1512.0,1512.0,0.6776663
1513.0,1513.0,0.64903605
1514.0,1514.0,0.6623008
1515.0,1515.0,0.64809656
1516.0,1516.0,0.62781364
1517.0,1517.0,0.64812577
1518.0,1518.0,0.64704543
1519.0,1519.0,0.53921497
1520.0,1520.0,0.6310299
1521.0,1521.0,0.6588241
1522.0,1522.0,0.5022553
1523.0,1523.0,0.6928231
1524.0,1524.0,0.6289528
1525.0,1525.0,0.4747805
1526.0,1526.0,0.54914904
1527.0,1527.0,0.5026807
1528.0,1528.0,0.57224506
1529.0,1529.0,0.6267618
1530.0,1530.0,0.6391879
1531.0,1531.0,0.53499293
1532.0,1532.0,0.55976385
1533.0,1533.0,0.5237636
1534.0,1534.0,0.50195354
1535.0,1535.0,0.64364123
1536.0,1536.0,0.67585135
1537.0,1537.0,0.5826768
1538.0,1538.0,0.52700263
1539.0,1539.0,0.65622634
1540.0,1540.0,0.56504893
1541.0,1541.0,0.6347972
1542.0,1542.0,0.5399097
1543.0,1543.0,0.5567369
1544.0,1544.0,0.65059286
1545.0,1545.0,0.5634976
1546.0,1546.0,0.5689054
1547.0,1547.0,0.4896546
1548.0,1548.0,0.5397134
1549.0,1549.0,0.69565874
1550.0,1550.0,0.425183
1551.0,1551.0,0.48932284
1552.0,1552.0,0.6532046
1553.0,1553.0,0.6457322
1554.0,1554.0,0.7060162
1555.0,1555.0,0.49547634
1556.0,1556.0,0.63916177
1557.0,1557.0,0.63275796
1558.0,1558.0,0.5226026
1559.0,1559.0,0.691911
1560.0,1560.0,0.601018
1561.0,1561.0,0.8430608
1562.0,1562.0,0.69241947
1563.0,1563.0,0.6378566
1564.0,1564.0,0.58676296
1565.0,1565.0,0.6945567
1566.0,1566.0,0.6966433
1567.0,1567.0,0.66176426
1568.0,1568.0,0.6303146
1569.0,1569.0,0.5301806
1570.0,1570.0,0.5211008
1571.0,1571.0,0.5384319
1572.0,1572.0,0.6747788
1573.0,1573.0,0.6258449
1574.0,1574.0,0.5391772
1575.0,1575.0,0.7000438
1576.0,1576.0,0.5316882
1577.0,1577.0,0.55664253
1578.0,1578.0,0.6841672
1579.0,1579.0,0.54954875
1580.0,1580.0,0.5994749
1581.0,1581.0,0.65970016
1582.0,1582.0,0.51618844
1583.0,1583.0,0.5039521
1584.0,1584.0,0.69871014
1585.0,1585.0,0.69625497
1586.0,1586.0,0.5129283
1587.0,1587.0,0.64822733
1588.0,1588.0,0.5029988
1589.0,1589.0,0.68094206
1590.0,1590.0,0.69221914
1591.0,1591.0,0.56319535
1592.0,1592.0,0.4935626
1593.0,1593.0,0.58419454
1594.0,1594.0,0.5522994
1595.0,1595.0,0.52538985
1596.0,1596.0,0.6592622
1597.0,1597.0,0.5484829
1598.0,1598.0,0.6312331
1599.0,1599.0,0.6191359
1600.0,1600.0,0.5186998
1601.0,1601.0,0.60432464
1602.0,1602.0,0.5418765
1603.0,1603.0,0.6436324
1604.0,1604.0,0.62770444
1605.0,1605.0,0.6964715
1606.0,1606.0,0.6978918
1607.0,1607.0,0.5978682
1608.0,1608.0,0.5867605
1609.0,1609.0,0.5864077
1610.0,1610.0,0.6298913
1611.0,1611.0,0.6474754
1612.0,1612.0,0.556189
1613.0,1613.0,0.68544674
1614.0,1614.0,0.63086414
1615.0,1615.0,0.64217466
1616.0,1616.0,0.6943541
1617.0,1617.0,0.58650243
1618.0,1618.0,0.5338743
1619.0,1619.0,0.6889836
1620.0,1620.0,0.58887345
1621.0,1621.0,0.68062425
1622.0,1622.0,0.6173363
1623.0,1623.0,0.585956
1624.0,1624.0,0.56795
1625.0,1625.0,0.5883222
1626.0,1626.0,0.6860795
1627.0,1627.0,0.59308153
1628.0,1628.0,0.6897931
1629.0,1629.0,0.47206587
1630.0,1630.0,0.51105016
1631.0,1631.0,0.64750713
1632.0,1632.0,0.6992878
1633.0,1633.0,0.68810815
1634.0,1634.0,0.52275276
1635.0,1635.0,0.6660194
1636.0,1636.0,0.56767374
1637.0,1637.0,0.6978964
1638.0,1638.0,0.5300593
1639.0,1639.0,0.54699737
1640.0,1640.0,0.49357736
1641.0,1641.0,0.63772285
1642.0,1642.0,0.62804407
1643.0,1643.0,0.5680835
1644.0,1644.0,0.52474385
1645.0,1645.0,0.63292944
1646.0,1646.0,0.49236202
1647.0,1647.0,0.5283442
1648.0,1648.0,0.5949574
1649.0,1649.0,0.6064044
1650.0,1650.0,0.69186026
1651.0,1651.0,0.580244
1652.0,1652.0,0.5331841
1653.0,1653.0,0.6844221
1654.0,1654.0,0.68706006
1655.0,1655.0,0.69330734
1656.0,1656.0,0.63476175
1657.0,1657.0,0.58665365
1658.0,1658.0,0.6042796
1659.0,1659.0,0.6476813
1660.0,1660.0,0.5259804
1661.0,1661.0,0.64316434
1662.0,1662.0,0.58540666
1663.0,1663.0,0.64386076
1664.0,1664.0,0.59748095
1665.0,1665.0,0.4949349
1666.0,1666.0,0.69522166
1667.0,1667.0,0.6472818
1668.0,1668.0,0.542805
1669.0,1669.0,0.6449148
1670.0,1670.0,0.69289523
1671.0,1671.0,0.6289625
1672.0,1672.0,0.52801204
1673.0,1673.0,0.6388884
1674.0,1674.0,0.54052293
1675.0,1675.0,0.49545982
1676.0,1676.0,0.59062123
1677.0,1677.0,0.5346971
1678.0,1678.0,0.62411374
1679.0,1679.0,0.61956817
1680.0,1680.0,0.5589503
1681.0,1681.0,0.5095189
1682.0,1682.0,0.53767407
1683.0,1683.0,0.5940174
1684.0,1684.0,0.543987
1685.0,1685.0,0.64211047
1686.0,1686.0,0.63629264
1687.0,1687.0,0.54027545
1688.0,1688.0,0.65005964
1689.0,1689.0,0.6721297
1690.0,1690.0,0.60911846
1691.0,1691.0,0.5586655
1692.0,1692.0,0.36183652
1693.0,1693.0,0.64979696
1694.0,1694.0,0.6356754
1695.0,1695.0,0.67897075
1696.0,1696.0,0.5886956
1697.0,1697.0,0.6469077
1698.0,1698.0,0.5600902
1699.0,1699.0,0.6757695
1700.0,1700.0,0.6457215
1701.0,1701.0,0.6949307
1702.0,1702.0,0.50350094
1703.0,1703.0,0.60996777
1704.0,1704.0,0.5921059
1705.0,1705.0,0.6521197
1706.0,1706.0,0.6147455
1707.0,1707.0,0.5801835
1708.0,1708.0,0.5354411
1709.0,1709.0,0.5605466
1710.0,1710.0,0.32730585
1711.0,1711.0,0.64816207
1712.0,1712.0,0.56239915
1713.0,1713.0,0.5972278
1714.0,1714.0,0.69747084
1715.0,1715.0,0.60639733
1716.0,1716.0,0.606756
1717.0,1717.0,0.5919637
1718.0,1718.0,0.653148
1719.0,1719.0,0.68378997
1720.0,1720.0,0.69295937
1721.0,1721.0,0.50346243
1722.0,1722.0,0.5251821
1723.0,1723.0,0.64069283
1724.0,1724.0,0.5943975
1725.0,1725.0,0.69859296
1726.0,1726.0,0.5539484
1727.0,1727.0,0.644561
1728.0,1728.0,0.65820646
1729.0,1729.0,0.53924537
1730.0,1730.0,0.57569927
1731.0,1731.0,0.69673586
1732.0,1732.0,0.41714394
1733.0,1733.0,0.6508847
1734.0,1734.0,0.6614262
1735.0,1735.0,0.48143506
1736.0,1736.0,0.6338999
1737.0,1737.0,0.65936303
1738.0,1738.0,0.5366412
1739.0,1739.0,0.5853401
1740.0,1740.0,0.5359842
1741.0,1741.0,0.49096906
1742.0,1742.0,0.5893189
1743.0,1743.0,0.55973506
1744.0,1744.0,0.6912986
1745.0,1745.0,0.52267003
1746.0,1746.0,0.57889223
1747.0,1747.0,0.58735734
1748.0,1748.0,0.5859659
1749.0,1749.0,0.69003636
1750.0,1750.0,0.5940513
1751.0,1751.0,0.5219228
1752.0,1752.0,0.80264425
1753.0,1753.0,0.58662003
1754.0,1754.0,0.58778924
1755.0,1755.0,0.6305733
1756.0,1756.0,0.55630773
1757.0,1757.0,0.4892882
1758.0,1758.0,0.62254715
1759.0,1759.0,0.6202089
1760.0,1760.0,0.6187405
1761.0,1761.0,0.6663183
1762.0,1762.0,0.6437509
1763.0,1763.0,0.56223947
1764.0,1764.0,0.51247615
1765.0,1765.0,0.51784444
1766.0,1766.0,0.6469487
1767.0,1767.0,0.5232763
1768.0,1768.0,0.6313398
1769.0,1769.0,0.63384134
1770.0,1770.0,0.6800243
1771.0,1771.0,0.4282121
1772.0,1772.0,0.6410419
1773.0,1773.0,0.61441535
1774.0,1774.0,0.5624066
1775.0,1775.0,0.66254485
1776.0,1776.0,0.5091612
1777.0,1777.0,0.5874057
1778.0,1778.0,0.58578473
1779.0,1779.0,0.489755
1780.0,1780.0,0.6495213
1781.0,1781.0,0.6330627
1782.0,1782.0,0.5628397
1783.0,1783.0,0.55892324
1784.0,1784.0,0.5297114
1785.0,1785.0,0.588714
1786.0,1786.0,0.6464384
1787.0,1787.0,0.64193225
1788.0,1788.0,0.64424586
1789.0,1789.0,0.6382314
1790.0,1790.0,0.33165398
1791.0,1791.0,0.64547914
1792.0,1792.0,0.58123684
1793.0,1793.0,0.56941766
1794.0,1794.0,0.506729
1795.0,1795.0,0.6466792
1796.0,1796.0,0.5364113
1797.0,1797.0,0.6180573
1798.0,1798.0,0.53935254
1799.0,1799.0,0.6555476
1800.0,1800.0,0.32794654
1801.0,1801.0,0.49690664
1802.0,1802.0,0.6930856
1803.0,1803.0,0.68839616
1804.0,1804.0,0.5596712
1805.0,1805.0,0.59886795
1806.0,1806.0,0.6321212
1807.0,1807.0,0.5746449
1808.0,1808.0,0.6866661
1809.0,1809.0,0.6365583
1810.0,1810.0,0.5542264
1811.0,1811.0,0.8617993
1812.0,1812.0,0.6945336
1813.0,1813.0,0.51492006
1814.0,1814.0,0.64913195
1815.0,1815.0,0.54723394
1816.0,1816.0,0.51199186
1817.0,1817.0,0.5853078
1818.0,1818.0,0.6369552
1819.0,1819.0,0.578959
1820.0,1820.0,0.63206947
1821.0,1821.0,0.6319243
1822.0,1822.0,0.5811154
1823.0,1823.0,0.6772862
1824.0,1824.0,0.56470686
1825.0,1825.0,0.48703733
1826.0,1826.0,0.5463323
1827.0,1827.0,0.67509305
1828.0,1828.0,0.5081941
1829.0,1829.0,0.6769979
1830.0,1830.0,0.6903285
1831.0,1831.0,0.5423715
1832.0,1832.0,0.6690548
1833.0,1833.0,0.5435593
1834.0,1834.0,0.5917636
1835.0,1835.0,0.84514093
1836.0,1836.0,0.64322984
1837.0,1837.0,0.64025706
1838.0,1838.0,0.6188724
1839.0,1839.0,0.54714626
1840.0,1840.0,0.95526266
1841.0,1841.0,0.58408904
1842.0,1842.0,0.64283794
1843.0,1843.0,0.69657576
1844.0,1844.0,0.6823255
1845.0,1845.0,0.52650416
1846.0,1846.0,0.55228674
1847.0,1847.0,0.6422091
1848.0,1848.0,0.5649738
1849.0,1849.0,0.5959814
1850.0,1850.0,0.65513515
1851.0,1851.0,0.64501023
1852.0,1852.0,0.68330365
1853.0,1853.0,0.6609358
1854.0,1854.0,0.4351088
1855.0,1855.0,0.5956425
1856.0,1856.0,0.6485633
1857.0,1857.0,0.6633933
1858.0,1858.0,0.6385755
1859.0,1859.0,0.53785366
1860.0,1860.0,0.6358794
1861.0,1861.0,0.56544113
1862.0,1862.0,0.5939543
1863.0,1863.0,0.588073
1864.0,1864.0,0.6649771
1865.0,1865.0,0.6498761
1866.0,1866.0,0.64122987
1867.0,1867.0,0.622717
1868.0,1868.0,0.6500523
1869.0,1869.0,0.5834302
1870.0,1870.0,0.58409804
1871.0,1871.0,0.48848477
1872.0,1872.0,0.6454719
1873.0,1873.0,0.6947827
1874.0,1874.0,0.6464103
1875.0,1875.0,0.63683724
1876.0,1876.0,0.5845788
1877.0,1877.0,0.5192858
1878.0,1878.0,0.52280974
1879.0,1879.0,0.6534437
1880.0,1880.0,0.5334788
1881.0,1881.0,0.67805827
1882.0,1882.0,0.5500108
1883.0,1883.0,0.5636038
1884.0,1884.0,0.6407518
1885.0,1885.0,0.7170894
1886.0,1886.0,0.60156393
1887.0,1887.0,0.50418806
1888.0,1888.0,0.5243316
1889.0,1889.0,0.5518404
1890.0,1890.0,0.6661785
1891.0,1891.0,0.57266307
1892.0,1892.0,0.49425054
1893.0,1893.0,0.64810604
1894.0,1894.0,0.6089799
1895.0,1895.0,0.68473464
1896.0,1896.0,0.65263647
1897.0,1897.0,0.52508813
1898.0,1898.0,0.6624161
1899.0,1899.0,0.69537896
1900.0,1900.0,0.52350694
1901.0,1901.0,0.5814635
1902.0,1902.0,0.6236592
1903.0,1903.0,0.6277112
1904.0,1904.0,0.59902054
1905.0,1905.0,0.65434235
1906.0,1906.0,0.5949349
1907.0,1907.0,0.69580066
1908.0,1908.0,0.6877722
1909.0,1909.0,0.6863443
1910.0,1910.0,0.549363
1911.0,1911.0,0.6549427
1912.0,1912.0,0.6605606
1913.0,1913.0,0.5136127
1914.0,1914.0,0.6501548
1915.0,1915.0,0.5376396
1916.0,1916.0,0.49532092
1917.0,1917.0,0.690416
1918.0,1918.0,0.5673663
1919.0,1919.0,0.6320833
1920.0,1920.0,0.5428946
1921.0,1921.0,0.5078086
1922.0,1922.0,0.5924862
1923.0,1923.0,0.62549853
1924.0,1924.0,0.6311051
1925.0,1925.0,0.49439654
1926.0,1926.0,0.5582784
1927.0,1927.0,0.6686816
1928.0,1928.0,0.6261609
1929.0,1929.0,0.6568812
1930.0,1930.0,0.637365
1931.0,1931.0,0.6509412
1932.0,1932.0,0.6418721
1933.0,1933.0,0.6359379
1934.0,1934.0,0.5103767
1935.0,1935.0,0.49826005
1936.0,1936.0,0.6403641
1937.0,1937.0,0.65209794
1938.0,1938.0,0.589662
1939.0,1939.0,0.585814
1940.0,1940.0,0.5362158
1941.0,1941.0,0.56437373
1942.0,1942.0,0.5163884
1943.0,1943.0,0.7054744
1944.0,1944.0,0.61004496
1945.0,1945.0,0.6055978
1946.0,1946.0,0.542477
1947.0,1947.0,0.58644474
1948.0,1948.0,0.6513568
1949.0,1949.0,0.49466974
1950.0,1950.0,0.653736
1951.0,1951.0,0.6558682
1952.0,1952.0,0.5490837
1953.0,1953.0,0.5584351
1954.0,1954.0,0.5774349
1955.0,1955.0,0.539321
1956.0,1956.0,0.6499119
1957.0,1957.0,0.6320143
1958.0,1958.0,0.56963825
1959.0,1959.0,0.6309475
1960.0,1960.0,0.5084925
1961.0,1961.0,0.47462493
1962.0,1962.0,0.54808044
1963.0,1963.0,0.66386336
1964.0,1964.0,0.5347039
1965.0,1965.0,0.6608922
1966.0,1966.0,0.65405273
1967.0,1967.0,0.66980994
1968.0,1968.0,0.5896551
1969.0,1969.0,0.54457194
1970.0,1970.0,0.65753543
1971.0,1971.0,0.68460476
1972.0,1972.0,0.6349971
1973.0,1973.0,0.585991
1974.0,1974.0,0.6485203
1975.0,1975.0,0.64185816
1976.0,1976.0,0.6562626
1977.0,1977.0,0.67914903
1978.0,1978.0,0.61541027
1979.0,1979.0,0.5310498
1980.0,1980.0,0.6746669
1981.0,1981.0,0.6194755
1982.0,1982.0,0.64247996
1983.0,1983.0,0.6500117
1984.0,1984.0,0.68062043
1985.0,1985.0,0.62395084
1986.0,1986.0,0.5597419
1987.0,1987.0,0.63950914
1988.0,1988.0,0.3372885
