x,y,species_3 cloglog values
1.0,1.0,0.5230727
2.0,2.0,0.60267836
3.0,3.0,0.25848567
4.0,4.0,0.39856777
5.0,5.0,0.49085858
6.0,6.0,0.5612045
7.0,7.0,0.48048216
8.0,8.0,0.44941747
9.0,9.0,0.5796571
10.0,10.0,0.5831077
11.0,11.0,0.5315375
12.0,12.0,0.4727264
13.0,13.0,0.5749419
14.0,14.0,0.5746983
15.0,15.0,0.448351
16.0,16.0,0.6015293
17.0,17.0,0.49785405
18.0,18.0,0.5041762
19.0,19.0,0.51871383
20.0,20.0,0.48974454
21.0,21.0,0.44642657
22.0,22.0,0.4329268
23.0,23.0,0.6562486
24.0,24.0,0.4765601
25.0,25.0,0.52011347
26.0,26.0,0.4981873
27.0,27.0,0.6669983
28.0,28.0,0.5677475
29.0,29.0,0.46899873
30.0,30.0,0.43432543
31.0,31.0,0.44164878
32.0,32.0,0.5595409
33.0,33.0,0.55463505
34.0,34.0,0.81227255
35.0,35.0,0.56388944
36.0,36.0,0.7536877
37.0,37.0,0.6511784
38.0,38.0,0.16633838
39.0,39.0,0.4300748
40.0,40.0,0.5629878
41.0,41.0,0.43556085
42.0,42.0,0.6266858
43.0,43.0,0.45005482
44.0,44.0,0.46190822
45.0,45.0,0.6246603
46.0,46.0,0.6774401
47.0,47.0,0.65323484
48.0,48.0,0.559085
49.0,49.0,0.5738412
50.0,50.0,0.46698904
51.0,51.0,0.4940321
52.0,52.0,0.40197498
53.0,53.0,0.4354667
54.0,54.0,0.49136558
55.0,55.0,0.47011927
56.0,56.0,0.48689213
57.0,57.0,0.47060862
58.0,58.0,0.50037104
59.0,59.0,0.50877655
60.0,60.0,0.5021022
61.0,61.0,0.5940784
62.0,62.0,0.48713323
63.0,63.0,0.26272437
64.0,64.0,0.5022496
65.0,65.0,0.45319015
66.0,66.0,0.45665193
67.0,67.0,0.68353283
68.0,68.0,0.2947366
69.0,69.0,0.42501354
70.0,70.0,0.6047155
71.0,71.0,0.60076874
72.0,72.0,0.4469696
73.0,73.0,0.57236093
74.0,74.0,0.67975074
75.0,75.0,0.47892216
76.0,76.0,0.26585457
77.0,77.0,0.5975459
78.0,78.0,0.7320787
79.0,79.0,0.46221024
80.0,80.0,0.5215113
81.0,81.0,0.51001126
82.0,82.0,0.49092725
83.0,83.0,0.42173952
84.0,84.0,0.52555496
85.0,85.0,0.49386972
86.0,86.0,0.4878375
87.0,87.0,0.47774792
88.0,88.0,0.5394106
89.0,89.0,0.5230491
90.0,90.0,0.54912364
91.0,91.0,0.678117
92.0,92.0,0.68566674
93.0,93.0,0.62790006
94.0,94.0,0.5971857
95.0,95.0,0.45606506
96.0,96.0,0.54567903
97.0,97.0,0.45054445
98.0,98.0,0.52059966
99.0,99.0,0.5678159
100.0,100.0,0.43149087
101.0,101.0,0.44156525
102.0,102.0,0.54487145
103.0,103.0,0.55492413
104.0,104.0,0.59720784
105.0,105.0,0.49990243
106.0,106.0,0.5280295
107.0,107.0,0.47418642
108.0,108.0,0.65432954
109.0,109.0,0.42799866
110.0,110.0,0.71344113
111.0,111.0,0.61910343
112.0,112.0,0.61519927
113.0,113.0,0.55133975
114.0,114.0,0.17970772
115.0,115.0,0.031117477
116.0,116.0,0.42116725
117.0,117.0,0.58769125
118.0,118.0,0.4966579
119.0,119.0,0.65751094
120.0,120.0,0.324179
121.0,121.0,0.3126631
122.0,122.0,0.52195954
123.0,123.0,0.5576085
124.0,124.0,0.32607484
125.0,125.0,0.28960788
126.0,126.0,0.683591
127.0,127.0,0.5786354
128.0,128.0,0.43867156
129.0,129.0,0.4328816
130.0,130.0,0.46959478
131.0,131.0,0.19696759
132.0,132.0,0.6240192
133.0,133.0,0.48405132
134.0,134.0,0.36023098
135.0,135.0,0.6247804
136.0,136.0,0.94065225
137.0,137.0,0.42479792
138.0,138.0,0.36983088
139.0,139.0,0.6643267
140.0,140.0,0.558255
141.0,141.0,0.46384645
142.0,142.0,0.45136774
143.0,143.0,0.3099156
144.0,144.0,0.61808586
145.0,145.0,0.57357305
146.0,146.0,0.62110376
147.0,147.0,0.46088776
148.0,148.0,0.4216253
149.0,149.0,0.16267985
150.0,150.0,0.627818
151.0,151.0,0.5139554
152.0,152.0,0.58610696
153.0,153.0,0.5732613
154.0,154.0,0.66170967
155.0,155.0,0.5387227
156.0,156.0,0.4818941
157.0,157.0,0.5908451
158.0,158.0,0.6249484
159.0,159.0,0.3405614
160.0,160.0,0.6295728
161.0,161.0,0.5757252
162.0,162.0,0.59396124
163.0,163.0,0.46482834
164.0,164.0,0.7343317
165.0,165.0,0.44848612
166.0,166.0,0.5151606
167.0,167.0,0.45495042
168.0,168.0,0.6146429
169.0,169.0,0.5179914
170.0,170.0,0.4743153
171.0,171.0,0.4234769
172.0,172.0,0.48364148
173.0,173.0,0.42382562
174.0,174.0,0.5520998
175.0,175.0,0.43247017
176.0,176.0,0.5642886
177.0,177.0,0.09591575
178.0,178.0,0.49484307
179.0,179.0,0.499682
180.0,180.0,0.54422945
181.0,181.0,0.49972808
182.0,182.0,0.7268781
183.0,183.0,0.33395615
184.0,184.0,0.5254716
185.0,185.0,0.506243
186.0,186.0,0.8771191
187.0,187.0,0.4161858
188.0,188.0,0.5932496
189.0,189.0,0.5850436
190.0,190.0,0.5961738
191.0,191.0,0.5215632
192.0,192.0,0.50262356
193.0,193.0,0.32074165
194.0,194.0,0.4785085
195.0,195.0,0.5619187
196.0,196.0,0.33485416
197.0,197.0,0.5086051
198.0,198.0,0.51748294
199.0,199.0,0.59282684
200.0,200.0,0.6350958
201.0,201.0,0.64972097
202.0,202.0,0.36824813
203.0,203.0,0.43437833
204.0,204.0,0.5121769
205.0,205.0,0.49253175
206.0,206.0,0.41978624
207.0,207.0,0.14507541
208.0,208.0,0.25450385
209.0,209.0,0.41536865
210.0,210.0,0.40201327
211.0,211.0,0.53809226
212.0,212.0,0.5818462
213.0,213.0,0.50628096
214.0,214.0,0.51806384
215.0,215.0,0.49722248
216.0,216.0,0.38378868
217.0,217.0,0.44192854
218.0,218.0,0.4388261
219.0,219.0,0.67436963
220.0,220.0,0.4587279
221.0,221.0,0.49877197
222.0,222.0,0.66760194
223.0,223.0,0.6493366
224.0,224.0,0.507077
225.0,225.0,0.4925715
226.0,226.0,0.45686325
227.0,227.0,0.38651899
228.0,228.0,0.39101008
229.0,229.0,0.51589763
230.0,230.0,0.47562143
231.0,231.0,0.4786054
232.0,232.0,0.54187644
233.0,233.0,0.4482799
234.0,234.0,0.50087
235.0,235.0,0.46046704
236.0,236.0,0.46207753
237.0,237.0,0.4751984
238.0,238.0,0.5364529
239.0,239.0,0.41937032
240.0,240.0,0.31681576
241.0,241.0,0.51541597
242.0,242.0,0.504295
243.0,243.0,0.6646238
244.0,244.0,0.598758
245.0,245.0,0.73834866
246.0,246.0,0.56932837
247.0,247.0,0.6243637
248.0,248.0,0.685942
249.0,249.0,0.5428935
250.0,250.0,0.4763914
251.0,251.0,0.4430826
252.0,252.0,0.58091986
253.0,253.0,0.5003885
254.0,254.0,0.43917242
255.0,255.0,0.46693346
256.0,256.0,0.43499947
257.0,257.0,0.57307816
258.0,258.0,0.44286218
259.0,259.0,0.5180842
260.0,260.0,0.540231
261.0,261.0,0.621499
262.0,262.0,0.17626964
263.0,263.0,0.37270835
264.0,264.0,0.63152015
265.0,265.0,0.6384232
266.0,266.0,0.58418024
267.0,267.0,0.5649855
268.0,268.0,0.5092484
269.0,269.0,0.4310924
270.0,270.0,0.5934484
271.0,271.0,0.64817286
272.0,272.0,0.5838454
273.0,273.0,0.43011203
274.0,274.0,0.70211095
275.0,275.0,0.58076185
276.0,276.0,0.40223348
277.0,277.0,0.50621593
278.0,278.0,0.5845787
279.0,279.0,0.5046642
280.0,280.0,0.5154203
281.0,281.0,0.61220455
282.0,282.0,0.707239
283.0,283.0,0.56147987
284.0,284.0,0.48833174
285.0,285.0,0.5501884
286.0,286.0,0.35939765
287.0,287.0,0.4847789
288.0,288.0,0.48334798
289.0,289.0,0.5512185
290.0,290.0,0.59818923
291.0,291.0,0.5527049
292.0,292.0,0.5785588
293.0,293.0,0.5383035
294.0,294.0,0.092966035
295.0,295.0,0.54411656
296.0,296.0,0.62632656
297.0,297.0,0.48539174
298.0,298.0,0.44604492
299.0,299.0,0.60236484
300.0,300.0,0.5888855
301.0,301.0,0.6670285
302.0,302.0,0.3723702
303.0,303.0,0.6162874
304.0,304.0,0.030678587
305.0,305.0,0.5109642
306.0,306.0,0.56987464
307.0,307.0,0.5982113
308.0,308.0,0.5195964
309.0,309.0,0.5605877
310.0,310.0,0.52750456
311.0,311.0,0.62617886
312.0,312.0,0.5040108
313.0,313.0,0.46037182
314.0,314.0,0.56896037
315.0,315.0,0.46088186
316.0,316.0,0.5128054
317.0,317.0,0.24105017
318.0,318.0,0.69632936
319.0,319.0,0.61333835
320.0,320.0,0.42843005
321.0,321.0,0.6428691
322.0,322.0,0.40627024
323.0,323.0,0.45682362
324.0,324.0,0.39423406
325.0,325.0,0.49013746
326.0,326.0,0.5742174
327.0,327.0,0.07426718
328.0,328.0,0.55480146
329.0,329.0,0.36733046
330.0,330.0,0.6639673
331.0,331.0,0.5196565
332.0,332.0,0.4686031
333.0,333.0,0.635324
334.0,334.0,0.74047744
335.0,335.0,0.62317884
336.0,336.0,0.43528995
337.0,337.0,0.605659
338.0,338.0,0.4360281
339.0,339.0,0.5406896
340.0,340.0,0.64034003
341.0,341.0,0.76303667
342.0,342.0,0.4347595
343.0,343.0,0.49263892
344.0,344.0,0.49058717
345.0,345.0,0.42765054
346.0,346.0,0.59577054
347.0,347.0,0.5715575
348.0,348.0,0.568738
349.0,349.0,0.20584755
350.0,350.0,0.54971033
351.0,351.0,0.5101896
352.0,352.0,0.5159982
353.0,353.0,0.6833128
354.0,354.0,0.83875096
355.0,355.0,0.48278955
356.0,356.0,0.4247245
357.0,357.0,0.5078173
358.0,358.0,0.44516125
359.0,359.0,0.39594594
360.0,360.0,0.47302365
361.0,361.0,0.60027254
362.0,362.0,0.54982543
363.0,363.0,0.49762627
364.0,364.0,0.67396784
365.0,365.0,0.5389155
366.0,366.0,0.38454983
367.0,367.0,0.5129479
368.0,368.0,0.5131436
369.0,369.0,0.46350077
370.0,370.0,0.6698037
371.0,371.0,0.35640538
372.0,372.0,0.57136166
373.0,373.0,0.6207389
374.0,374.0,0.607284
375.0,375.0,0.64512366
376.0,376.0,0.09658843
377.0,377.0,0.43999982
378.0,378.0,0.5782737
379.0,379.0,0.55090296
380.0,380.0,0.5825062
381.0,381.0,0.63296807
382.0,382.0,0.55751413
383.0,383.0,0.56792676
384.0,384.0,0.6838108
385.0,385.0,0.5126043
386.0,386.0,0.16961727
387.0,387.0,0.59112924
388.0,388.0,0.43067268
389.0,389.0,0.4406223
390.0,390.0,0.564287
391.0,391.0,0.49243435
392.0,392.0,0.50359905
393.0,393.0,0.5003665
394.0,394.0,0.4887653
395.0,395.0,0.58228946
396.0,396.0,0.54445094
397.0,397.0,0.61266345
398.0,398.0,0.5964961
399.0,399.0,0.3049244
400.0,400.0,0.61477154
401.0,401.0,0.50344115
402.0,402.0,0.6958683
403.0,403.0,0.6376822
404.0,404.0,0.6602497
405.0,405.0,0.40062943
406.0,406.0,0.4315971
407.0,407.0,0.46296355
408.0,408.0,0.6522476
409.0,409.0,0.5154538
410.0,410.0,0.6564257
411.0,411.0,0.194191
412.0,412.0,0.80250466
413.0,413.0,0.6007688
414.0,414.0,0.6055384
415.0,415.0,0.39043757
416.0,416.0,0.6665016
417.0,417.0,0.6620667
418.0,418.0,0.5990178
419.0,419.0,0.37687868
420.0,420.0,0.4026132
421.0,421.0,0.6388051
422.0,422.0,0.591217
423.0,423.0,0.42577466
424.0,424.0,0.71541387
425.0,425.0,0.27665764
426.0,426.0,0.63236177
427.0,427.0,0.4333924
428.0,428.0,0.48232883
429.0,429.0,0.61744803
430.0,430.0,0.68039465
431.0,431.0,0.55091965
432.0,432.0,0.5291268
433.0,433.0,0.46791822
434.0,434.0,0.5293639
435.0,435.0,0.42964268
436.0,436.0,0.49496904
437.0,437.0,0.656709
438.0,438.0,0.43845248
439.0,439.0,0.5578212
440.0,440.0,0.5594261
441.0,441.0,0.5167422
442.0,442.0,0.5766102
443.0,443.0,0.515591
444.0,444.0,0.49736038
445.0,445.0,0.55276346
446.0,446.0,0.55707526
447.0,447.0,0.3041461
448.0,448.0,0.6434603
449.0,449.0,0.618332
450.0,450.0,0.9991023
451.0,451.0,0.6581744
452.0,452.0,0.71644574
453.0,453.0,0.47362778
454.0,454.0,0.6383404
455.0,455.0,0.6976781
456.0,456.0,0.4018143
457.0,457.0,0.44828245
458.0,458.0,0.5988287
459.0,459.0,0.521181
460.0,460.0,0.27856186
461.0,461.0,0.6388393
462.0,462.0,0.36661324
463.0,463.0,0.62199
464.0,464.0,0.4884084
465.0,465.0,0.5966745
466.0,466.0,0.5217222
467.0,467.0,0.64035434
468.0,468.0,0.62752515
469.0,469.0,0.6289952
470.0,470.0,0.5173365
471.0,471.0,0.64467967
472.0,472.0,0.43361145
473.0,473.0,0.6109762
474.0,474.0,0.4383119
475.0,475.0,0.66236734
476.0,476.0,0.67747617
477.0,477.0,0.5938421
478.0,478.0,0.5132446
479.0,479.0,0.22041781
480.0,480.0,0.6157032
481.0,481.0,0.42139053
482.0,482.0,0.5169322
483.0,483.0,0.49408308
484.0,484.0,0.62821335
485.0,485.0,0.6110282
486.0,486.0,0.13746715
487.0,487.0,0.56698346
488.0,488.0,0.62153184
489.0,489.0,0.4195937
490.0,490.0,0.59098756
491.0,491.0,0.6130913
492.0,492.0,0.31999978
493.0,493.0,0.46457413
494.0,494.0,0.57247484
495.0,495.0,0.47249237
496.0,496.0,0.45291486
497.0,497.0,0.6244418
498.0,498.0,0.58044136
499.0,499.0,0.6198451
500.0,500.0,0.20421675
501.0,501.0,0.57673806
502.0,502.0,0.56571597
503.0,503.0,0.44563162
504.0,504.0,0.6770066
505.0,505.0,0.57069
506.0,506.0,0.7161545
507.0,507.0,0.5483956
508.0,508.0,0.56151783
509.0,509.0,0.550638
510.0,510.0,0.5300101
511.0,511.0,0.48475727
512.0,512.0,0.6476104
513.0,513.0,0.5777449
514.0,514.0,0.4879726
515.0,515.0,0.565541
516.0,516.0,0.7205992
517.0,517.0,0.46518663
518.0,518.0,0.56456935
519.0,519.0,0.5438578
520.0,520.0,0.51415265
521.0,521.0,0.543348
522.0,522.0,0.49849528
523.0,523.0,0.5667024
524.0,524.0,0.23575574
525.0,525.0,0.10270886
526.0,526.0,0.5042295
527.0,527.0,0.42648852
528.0,528.0,0.60413384
529.0,529.0,0.4979989
530.0,530.0,0.028014896
531.0,531.0,0.5135168
532.0,532.0,0.69140565
533.0,533.0,0.42762706
534.0,534.0,0.5018488
535.0,535.0,0.48292333
536.0,536.0,0.5519874
537.0,537.0,0.46312746
538.0,538.0,0.4613524
539.0,539.0,0.54654896
540.0,540.0,0.55594516
541.0,541.0,0.51520383
542.0,542.0,0.5239731
543.0,543.0,0.6184475
544.0,544.0,0.624225
545.0,545.0,0.49337804
546.0,546.0,0.5096771
547.0,547.0,0.30199412
548.0,548.0,0.41326404
549.0,549.0,0.58214813
550.0,550.0,0.5994802
551.0,551.0,0.71534604
552.0,552.0,0.38149768
553.0,553.0,0.58781046
554.0,554.0,0.56579334
555.0,555.0,0.54477924
556.0,556.0,0.46841475
557.0,557.0,1.0
558.0,558.0,0.7370406
559.0,559.0,0.43679374
560.0,560.0,0.36137658
561.0,561.0,0.50353
562.0,562.0,0.547296
563.0,563.0,0.5545801
564.0,564.0,0.48183462
565.0,565.0,0.50225914
566.0,566.0,0.65220195
567.0,567.0,0.55656254
568.0,568.0,0.40187687
569.0,569.0,0.6305417
570.0,570.0,0.57186604
571.0,571.0,0.39757317
572.0,572.0,0.48679963
573.0,573.0,0.021131793
574.0,574.0,0.42314732
575.0,575.0,0.47969997
576.0,576.0,0.6386602
577.0,577.0,0.3731905
578.0,578.0,0.4023601
579.0,579.0,0.621405
580.0,580.0,0.61722535
581.0,581.0,0.50415075
582.0,582.0,0.4765322
583.0,583.0,0.4829905
584.0,584.0,0.5024564
585.0,585.0,0.64576536
586.0,586.0,0.58860415
587.0,587.0,0.43973896
588.0,588.0,0.5172047
589.0,589.0,0.49698776
590.0,590.0,0.69337636
591.0,591.0,0.5384137
592.0,592.0,0.6473557
593.0,593.0,0.64316803
594.0,594.0,0.62130225
595.0,595.0,0.5845373
596.0,596.0,0.45890394
597.0,597.0,0.6094447
598.0,598.0,0.5236878
599.0,599.0,0.57996863
600.0,600.0,0.56724447
601.0,601.0,0.4687275
602.0,602.0,0.505301
603.0,603.0,0.5783149
604.0,604.0,0.44362584
605.0,605.0,0.503732
606.0,606.0,0.6574353
607.0,607.0,0.4679221
608.0,608.0,0.6434207
609.0,609.0,0.61822414
610.0,610.0,0.4236568
611.0,611.0,0.09961295
612.0,612.0,0.46541533
613.0,613.0,0.5458809
614.0,614.0,0.54336727
615.0,615.0,0.33451182
616.0,616.0,0.47527865
617.0,617.0,0.6219589
618.0,618.0,0.42416814
619.0,619.0,0.52139556
620.0,620.0,0.64569306
621.0,621.0,0.53179467
622.0,622.0,0.383639
623.0,623.0,0.25209036
624.0,624.0,0.5273677
625.0,625.0,0.637246
626.0,626.0,0.6248723
627.0,627.0,0.60738
628.0,628.0,0.58467424
629.0,629.0,0.6312403
630.0,630.0,0.450057
631.0,631.0,0.4870918
632.0,632.0,0.43287885
633.0,633.0,0.46249786
634.0,634.0,0.572724
635.0,635.0,0.5056914
636.0,636.0,0.5578945
637.0,637.0,0.5966686
638.0,638.0,0.589501
639.0,639.0,0.6913016
640.0,640.0,0.43202817
641.0,641.0,0.5216178
642.0,642.0,0.65193325
643.0,643.0,0.58600944
644.0,644.0,0.6080113
645.0,645.0,0.4675435
646.0,646.0,0.684562
647.0,647.0,0.43258306
648.0,648.0,0.2596591
649.0,649.0,0.42879105
650.0,650.0,0.63561964
651.0,651.0,0.5939388
652.0,652.0,0.42348152
653.0,653.0,0.5072254
654.0,654.0,0.5124874
655.0,655.0,0.6083816
656.0,656.0,0.5162987
657.0,657.0,0.583549
658.0,658.0,0.37945655
659.0,659.0,0.572848
660.0,660.0,0.36013344
661.0,661.0,0.715231
662.0,662.0,0.68043214
663.0,663.0,0.49841404
664.0,664.0,0.45380458
665.0,665.0,0.47639525
666.0,666.0,0.53626245
667.0,667.0,0.52602404
668.0,668.0,0.5176624
669.0,669.0,0.4950101
670.0,670.0,0.6027761
671.0,671.0,0.42929938
672.0,672.0,0.42880914
673.0,673.0,0.4361908
674.0,674.0,0.57420695
675.0,675.0,0.5264089
676.0,676.0,0.4832027
677.0,677.0,0.5284626
678.0,678.0,0.41301185
679.0,679.0,0.69368327
680.0,680.0,0.54753935
681.0,681.0,0.60929
682.0,682.0,0.5832601
683.0,683.0,0.5065634
684.0,684.0,0.26314506
685.0,685.0,0.45617235
686.0,686.0,0.49215263
687.0,687.0,0.64164054
688.0,688.0,0.61449385
689.0,689.0,0.511066
690.0,690.0,0.48088977
691.0,691.0,0.5381084
692.0,692.0,0.589135
693.0,693.0,0.42404664
694.0,694.0,0.5083421
695.0,695.0,0.42563874
696.0,696.0,0.49899969
697.0,697.0,0.5176428
698.0,698.0,0.59037876
699.0,699.0,0.5093815
700.0,700.0,0.45954648
701.0,701.0,0.6499303
702.0,702.0,0.66876113
703.0,703.0,0.6331564
704.0,704.0,0.4395037
705.0,705.0,0.4909212
706.0,706.0,0.6296153
707.0,707.0,1.0
708.0,708.0,0.41241348
709.0,709.0,0.28981498
710.0,710.0,0.4006391
711.0,711.0,0.627515
712.0,712.0,0.5382446
713.0,713.0,0.4675072
714.0,714.0,0.61751145
715.0,715.0,0.6020777
716.0,716.0,0.61403006
717.0,717.0,0.41386503
718.0,718.0,0.5154739
719.0,719.0,0.43651497
720.0,720.0,0.7282411
721.0,721.0,0.5433423
722.0,722.0,0.15425326
723.0,723.0,0.5100111
724.0,724.0,0.60322154
725.0,725.0,0.70974785
726.0,726.0,0.47676685
727.0,727.0,0.4782003
728.0,728.0,0.3223689
729.0,729.0,0.61173534
730.0,730.0,0.42730308
731.0,731.0,0.534523
732.0,732.0,0.4971795
733.0,733.0,0.5715042
734.0,734.0,0.6210297
735.0,735.0,0.7186064
736.0,736.0,0.7116199
737.0,737.0,0.43920887
738.0,738.0,0.3976345
739.0,739.0,0.6354032
740.0,740.0,0.48551342
741.0,741.0,0.46620983
742.0,742.0,0.5713899
743.0,743.0,0.5910195
744.0,744.0,0.59283966
745.0,745.0,0.51104414
746.0,746.0,0.50161135
747.0,747.0,0.47642377
748.0,748.0,0.54317045
749.0,749.0,0.6893843
750.0,750.0,0.53131527
751.0,751.0,0.58426493
752.0,752.0,0.5909743
753.0,753.0,0.36235008
754.0,754.0,0.59660465
755.0,755.0,0.58009034
756.0,756.0,0.6153438
757.0,757.0,0.47620967
758.0,758.0,0.50711256
759.0,759.0,0.5769937
760.0,760.0,0.2803243
761.0,761.0,0.55028373
762.0,762.0,0.5932449
763.0,763.0,0.5283638
764.0,764.0,0.15509723
765.0,765.0,0.35476387
766.0,766.0,0.62098724
767.0,767.0,0.50714105
768.0,768.0,0.67137
769.0,769.0,0.6924356
770.0,770.0,0.5843701
771.0,771.0,0.46672347
772.0,772.0,0.54340756
773.0,773.0,0.60244733
774.0,774.0,0.213218
775.0,775.0,0.7074432
776.0,776.0,0.61946714
777.0,777.0,0.55184907
778.0,778.0,0.7089104
779.0,779.0,0.38742858
780.0,780.0,0.59610677
781.0,781.0,0.5521957
782.0,782.0,0.5377474
783.0,783.0,0.55452734
784.0,784.0,0.66102266
785.0,785.0,0.49533567
786.0,786.0,0.6239128
787.0,787.0,0.58971024
788.0,788.0,0.6338944
789.0,789.0,0.63102114
790.0,790.0,0.51732653
791.0,791.0,0.61835766
792.0,792.0,0.50565696
793.0,793.0,0.101475574
794.0,794.0,0.6293837
795.0,795.0,0.5768698
796.0,796.0,0.5995505
797.0,797.0,0.4794306
798.0,798.0,0.030949218
799.0,799.0,0.44940314
800.0,800.0,0.5611116
801.0,801.0,0.56169677
802.0,802.0,0.72178954
803.0,803.0,0.42546445
804.0,804.0,0.60749006
805.0,805.0,0.4628463
806.0,806.0,0.61356163
807.0,807.0,0.5549277
808.0,808.0,0.6343417
809.0,809.0,0.5651387
810.0,810.0,0.5799202
811.0,811.0,0.57747084
812.0,812.0,0.42176855
813.0,813.0,0.43163797
814.0,814.0,0.4136172
815.0,815.0,0.53483415
816.0,816.0,0.5157241
817.0,817.0,0.5220201
818.0,818.0,0.6245477
819.0,819.0,0.3925504
820.0,820.0,0.55452037
821.0,821.0,0.79141897
822.0,822.0,0.5367656
823.0,823.0,0.47170368
824.0,824.0,0.56479174
825.0,825.0,0.3028901
826.0,826.0,0.4999386
827.0,827.0,0.514528
828.0,828.0,0.59658426
829.0,829.0,0.43743223
830.0,830.0,0.52875113
831.0,831.0,0.5951375
832.0,832.0,0.61863106
833.0,833.0,0.6789593
834.0,834.0,0.6377935
835.0,835.0,0.47170278
836.0,836.0,0.4967428
837.0,837.0,0.64626515
838.0,838.0,0.5028801
839.0,839.0,0.45330417
840.0,840.0,0.45703095
841.0,841.0,0.5007825
842.0,842.0,0.57364947
843.0,843.0,0.51581925
844.0,844.0,0.6463803
845.0,845.0,0.42870265
846.0,846.0,0.5330813
847.0,847.0,0.4883396
848.0,848.0,0.5333808
849.0,849.0,0.5495037
850.0,850.0,0.6163931
851.0,851.0,0.5225547
852.0,852.0,0.050471514
853.0,853.0,0.5439665
854.0,854.0,0.5109441
855.0,855.0,0.4721721
856.0,856.0,0.5934937
857.0,857.0,0.5614563
858.0,858.0,0.8331356
859.0,859.0,0.49045616
860.0,860.0,0.59265596
861.0,861.0,0.67585176
862.0,862.0,0.29786184
863.0,863.0,0.49010536
864.0,864.0,0.5693023
865.0,865.0,0.55409265
866.0,866.0,0.52935
867.0,867.0,0.41246647
868.0,868.0,0.32676363
869.0,869.0,0.6547456
870.0,870.0,0.71391994
871.0,871.0,0.5122572
872.0,872.0,0.5564766
873.0,873.0,0.47000614
874.0,874.0,0.47916597
875.0,875.0,0.5329484
876.0,876.0,0.3157473
877.0,877.0,0.6194804
878.0,878.0,0.5843651
879.0,879.0,0.28105763
880.0,880.0,0.5898768
881.0,881.0,0.41942427
882.0,882.0,0.6156562
883.0,883.0,0.78656316
884.0,884.0,0.63291746
885.0,885.0,0.55207163
886.0,886.0,0.63436353
887.0,887.0,0.53011495
888.0,888.0,0.10427748
889.0,889.0,0.5543709
890.0,890.0,0.58916724
891.0,891.0,0.40771502
892.0,892.0,0.407543
893.0,893.0,0.4737685
894.0,894.0,0.38977864
895.0,895.0,0.5523408
896.0,896.0,0.67933035
897.0,897.0,0.5934554
898.0,898.0,0.67135483
899.0,899.0,0.45887533
900.0,900.0,0.5659405
901.0,901.0,0.46731403
902.0,902.0,0.5384435
903.0,903.0,0.557641
904.0,904.0,0.566623
905.0,905.0,0.45418847
906.0,906.0,0.32579
907.0,907.0,0.5377067
908.0,908.0,0.45807236
909.0,909.0,0.5695223
910.0,910.0,0.11526771
911.0,911.0,0.6928497
912.0,912.0,0.5710482
913.0,913.0,0.61123484
914.0,914.0,0.5403482
915.0,915.0,0.5543985
916.0,916.0,0.24475585
917.0,917.0,0.63738525
918.0,918.0,0.4926025
919.0,919.0,0.47663045
920.0,920.0,0.17190504
921.0,921.0,0.49558383
922.0,922.0,0.55920434
923.0,923.0,0.55017954
924.0,924.0,0.5612182
925.0,925.0,0.5030983
926.0,926.0,0.46870932
927.0,927.0,0.4923496
928.0,928.0,0.66953516
929.0,929.0,0.44054884
930.0,930.0,0.59281516
931.0,931.0,0.5386409
932.0,932.0,0.50533664
933.0,933.0,0.5244217
934.0,934.0,0.5707408
935.0,935.0,0.65535134
936.0,936.0,0.67033446
937.0,937.0,0.55982393
938.0,938.0,0.46244517
939.0,939.0,0.52951515
940.0,940.0,0.56965226
941.0,941.0,0.41389778
942.0,942.0,0.41844633
943.0,943.0,0.8788181
944.0,944.0,0.42679533
945.0,945.0,0.48704296
946.0,946.0,0.56415975
947.0,947.0,0.61130464
948.0,948.0,0.5179075
949.0,949.0,0.48199916
950.0,950.0,0.42487487
951.0,951.0,0.6594433
952.0,952.0,0.45251524
953.0,953.0,0.5732354
954.0,954.0,0.49040276
955.0,955.0,0.4962763
956.0,956.0,0.64763224
957.0,957.0,0.6393413
958.0,958.0,0.5288152
959.0,959.0,0.6737086
960.0,960.0,0.5019572
961.0,961.0,0.62258565
962.0,962.0,0.26718095
963.0,963.0,0.695123
964.0,964.0,0.73137563
965.0,965.0,0.842923
966.0,966.0,0.5302946
967.0,967.0,0.6248501
968.0,968.0,0.49338967
969.0,969.0,0.5475796
970.0,970.0,0.5394053
971.0,971.0,0.5681709
972.0,972.0,0.7365088
973.0,973.0,0.43406764
974.0,974.0,0.43917844
975.0,975.0,0.5029897
976.0,976.0,0.458712
977.0,977.0,0.4206487
978.0,978.0,0.51624626
979.0,979.0,0.6810559
980.0,980.0,0.57266814
981.0,981.0,0.6836574
982.0,982.0,0.6276538
983.0,983.0,0.093853556
984.0,984.0,0.4745815
985.0,985.0,0.596101
986.0,986.0,0.54511535
987.0,987.0,0.51977694
988.0,988.0,0.37827924
989.0,989.0,0.42309183
990.0,990.0,0.48038054
991.0,991.0,0.62629443
992.0,992.0,0.58738685
993.0,993.0,0.50885725
994.0,994.0,0.3555881
995.0,995.0,0.63391495
996.0,996.0,0.5564739
997.0,997.0,0.49806237
998.0,998.0,0.56708515
999.0,999.0,0.5221568
1000.0,1000.0,0.69186336
1001.0,1001.0,0.63718057
1002.0,1002.0,0.6508815
1003.0,1003.0,0.15307721
1004.0,1004.0,0.05149594
1005.0,1005.0,0.55678326
1006.0,1006.0,0.5886347
1007.0,1007.0,0.43438184
1008.0,1008.0,0.47275618
1009.0,1009.0,0.56099683
1010.0,1010.0,0.59563893
1011.0,1011.0,0.48654625
1012.0,1012.0,0.50335914
1013.0,1013.0,0.4805216
1014.0,1014.0,0.52445453
1015.0,1015.0,0.49922648
1016.0,1016.0,0.4750482
1017.0,1017.0,0.6168776
1018.0,1018.0,0.6022099
1019.0,1019.0,0.590496
1020.0,1020.0,0.47413644
1021.0,1021.0,0.55195284
1022.0,1022.0,0.5018492
1023.0,1023.0,0.4734657
1024.0,1024.0,0.47914767
1025.0,1025.0,0.5784705
1026.0,1026.0,0.55518275
1027.0,1027.0,0.46732453
1028.0,1028.0,0.4260864
1029.0,1029.0,0.5062099
1030.0,1030.0,0.5791955
1031.0,1031.0,0.19018607
1032.0,1032.0,0.42110202
1033.0,1033.0,0.56967366
1034.0,1034.0,0.34589145
1035.0,1035.0,0.70031774
1036.0,1036.0,0.52542174
1037.0,1037.0,0.664039
1038.0,1038.0,0.48116827
1039.0,1039.0,0.3713649
1040.0,1040.0,0.63658434
1041.0,1041.0,0.5961566
1042.0,1042.0,0.5200218
1043.0,1043.0,0.5812657
1044.0,1044.0,0.086689375
1045.0,1045.0,0.6147965
1046.0,1046.0,0.6453638
1047.0,1047.0,0.67250013
1048.0,1048.0,0.55485797
1049.0,1049.0,0.48710364
1050.0,1050.0,0.5826508
1051.0,1051.0,0.6648259
1052.0,1052.0,0.5526888
1053.0,1053.0,0.55326074
1054.0,1054.0,0.6420618
1055.0,1055.0,0.6523093
1056.0,1056.0,0.49406245
1057.0,1057.0,0.7318964
1058.0,1058.0,0.6381309
1059.0,1059.0,0.61288863
1060.0,1060.0,0.59246504
1061.0,1061.0,0.54582214
1062.0,1062.0,0.6497561
1063.0,1063.0,0.47158158
1064.0,1064.0,0.5200984
1065.0,1065.0,0.6908955
1066.0,1066.0,0.33022365
1067.0,1067.0,0.47535014
1068.0,1068.0,0.62103546
1069.0,1069.0,0.5628188
1070.0,1070.0,0.5839077
1071.0,1071.0,0.34959927
1072.0,1072.0,0.50722176
1073.0,1073.0,0.65606236
1074.0,1074.0,0.42338163
1075.0,1075.0,0.13345203
1076.0,1076.0,0.59334683
1077.0,1077.0,0.5371081
1078.0,1078.0,0.5950626
1079.0,1079.0,0.44349623
1080.0,1080.0,0.4630796
1081.0,1081.0,0.68628824
1082.0,1082.0,0.56258017
1083.0,1083.0,0.5016221
1084.0,1084.0,0.58696747
1085.0,1085.0,0.61045504
1086.0,1086.0,0.49563488
1087.0,1087.0,0.51197815
1088.0,1088.0,0.4471139
1089.0,1089.0,0.6181
1090.0,1090.0,0.64100665
1091.0,1091.0,0.4944332
1092.0,1092.0,0.074592695
1093.0,1093.0,0.55651224
1094.0,1094.0,0.5289377
1095.0,1095.0,0.48314494
1096.0,1096.0,0.6869933
1097.0,1097.0,0.5484613
1098.0,1098.0,0.5773831
1099.0,1099.0,0.5603122
1100.0,1100.0,0.65367573
1101.0,1101.0,0.4394713
1102.0,1102.0,0.49607193
1103.0,1103.0,0.5708719
1104.0,1104.0,0.662677
1105.0,1105.0,0.47537142
1106.0,1106.0,0.3809276
1107.0,1107.0,0.55361325
1108.0,1108.0,0.07175725
1109.0,1109.0,0.5940626
1110.0,1110.0,0.59221596
1111.0,1111.0,0.34386185
1112.0,1112.0,0.45288897
1113.0,1113.0,0.51388645
1114.0,1114.0,0.41052946
1115.0,1115.0,0.4575388
1116.0,1116.0,0.39266106
1117.0,1117.0,0.5062699
1118.0,1118.0,0.01878476
1119.0,1119.0,0.50681674
1120.0,1120.0,0.634046
1121.0,1121.0,0.36688274
1122.0,1122.0,0.7292581
1123.0,1123.0,0.4713548
1124.0,1124.0,0.6335272
1125.0,1125.0,0.46715236
1126.0,1126.0,0.026937135
1127.0,1127.0,0.50160813
1128.0,1128.0,0.5485692
1129.0,1129.0,0.6657926
1130.0,1130.0,0.5446004
1131.0,1131.0,0.6301366
1132.0,1132.0,0.5826041
1133.0,1133.0,0.49941385
1134.0,1134.0,0.6342184
1135.0,1135.0,0.4136841
1136.0,1136.0,0.5956131
1137.0,1137.0,0.5294292
1138.0,1138.0,0.6158997
1139.0,1139.0,0.42644173
1140.0,1140.0,0.63810366
1141.0,1141.0,0.56328297
1142.0,1142.0,0.64950824
1143.0,1143.0,0.46297765
1144.0,1144.0,0.4150668
1145.0,1145.0,0.45661896
1146.0,1146.0,0.021423098
1147.0,1147.0,0.5835213
1148.0,1148.0,0.61847854
1149.0,1149.0,0.6114513
1150.0,1150.0,0.57475173
1151.0,1151.0,0.50132
1152.0,1152.0,0.546847
1153.0,1153.0,0.51572025
1154.0,1154.0,0.57378733
1155.0,1155.0,0.43665317
1156.0,1156.0,0.650353
1157.0,1157.0,0.6222508
1158.0,1158.0,0.24608862
1159.0,1159.0,0.66511655
1160.0,1160.0,0.58242315
1161.0,1161.0,0.53617
1162.0,1162.0,0.6042728
1163.0,1163.0,0.49137053
1164.0,1164.0,0.7004472
1165.0,1165.0,0.5480075
1166.0,1166.0,0.49351114
1167.0,1167.0,0.49706116
1168.0,1168.0,0.40919968
1169.0,1169.0,0.54375297
1170.0,1170.0,0.5292554
1171.0,1171.0,0.7163561
1172.0,1172.0,0.5097626
1173.0,1173.0,0.4052796
1174.0,1174.0,0.61109656
1175.0,1175.0,0.5813091
1176.0,1176.0,0.47035444
1177.0,1177.0,0.5124709
1178.0,1178.0,0.3960671
1179.0,1179.0,0.57778454
1180.0,1180.0,0.4328092
1181.0,1181.0,0.245156
1182.0,1182.0,0.57026565
1183.0,1183.0,0.4979582
1184.0,1184.0,0.62714857
1185.0,1185.0,0.028193787
1186.0,1186.0,0.15083459
1187.0,1187.0,0.5043756
1188.0,1188.0,0.64467937
1189.0,1189.0,0.5538352
1190.0,1190.0,0.5974725
1191.0,1191.0,0.5261361
1192.0,1192.0,0.56048703
1193.0,1193.0,0.47284466
1194.0,1194.0,0.3926545
1195.0,1195.0,0.43341833
1196.0,1196.0,0.43176043
1197.0,1197.0,0.5093321
1198.0,1198.0,0.47856382
1199.0,1199.0,0.49236947
1200.0,1200.0,0.4826107
1201.0,1201.0,0.6064348
1202.0,1202.0,0.98038125
1203.0,1203.0,0.5658468
1204.0,1204.0,0.57834786
1205.0,1205.0,0.41798735
1206.0,1206.0,0.5846034
1207.0,1207.0,0.5537832
1208.0,1208.0,0.47286138
1209.0,1209.0,0.5681172
1210.0,1210.0,0.53425527
1211.0,1211.0,0.5798214
1212.0,1212.0,0.38174197
1213.0,1213.0,0.55410165
1214.0,1214.0,0.7559027
1215.0,1215.0,0.66633165
1216.0,1216.0,0.43320203
1217.0,1217.0,0.49838147
1218.0,1218.0,0.2883353
1219.0,1219.0,0.46996042
1220.0,1220.0,0.56016934
1221.0,1221.0,0.49920776
1222.0,1222.0,0.5362322
1223.0,1223.0,0.5726064
1224.0,1224.0,0.5253508
1225.0,1225.0,0.56276643
1226.0,1226.0,0.589208
1227.0,1227.0,0.6219166
1228.0,1228.0,0.5472154
1229.0,1229.0,0.34909108
1230.0,1230.0,0.29884407
1231.0,1231.0,0.4337404
1232.0,1232.0,0.6639942
1233.0,1233.0,0.51552796
1234.0,1234.0,0.3214561
1235.0,1235.0,0.45656076
1236.0,1236.0,0.64695585
1237.0,1237.0,0.10479414
1238.0,1238.0,0.56483895
1239.0,1239.0,0.4245096
1240.0,1240.0,0.4859248
1241.0,1241.0,0.5418539
1242.0,1242.0,0.4624274
1243.0,1243.0,0.49665216
1244.0,1244.0,0.77840316
1245.0,1245.0,0.6657096
1246.0,1246.0,0.54667205
1247.0,1247.0,0.621258
1248.0,1248.0,0.6014513
1249.0,1249.0,0.4787398
1250.0,1250.0,0.33743095
1251.0,1251.0,0.28006044
1252.0,1252.0,0.42886373
1253.0,1253.0,0.42619854
1254.0,1254.0,0.5488044
1255.0,1255.0,0.5705532
1256.0,1256.0,0.57027066
1257.0,1257.0,0.6483956
1258.0,1258.0,0.60346264
1259.0,1259.0,0.5134293
1260.0,1260.0,0.46155688
1261.0,1261.0,0.62191415
1262.0,1262.0,0.4651094
1263.0,1263.0,0.57017577
1264.0,1264.0,0.6245309
1265.0,1265.0,0.6832567
1266.0,1266.0,0.59767157
1267.0,1267.0,0.5673804
1268.0,1268.0,0.41739866
1269.0,1269.0,0.76822037
1270.0,1270.0,0.58303076
1271.0,1271.0,0.3617485
1272.0,1272.0,0.50235677
1273.0,1273.0,0.45640102
1274.0,1274.0,0.5140716
1275.0,1275.0,0.4690621
1276.0,1276.0,0.57900065
1277.0,1277.0,0.35296595
1278.0,1278.0,0.6383094
1279.0,1279.0,0.49056867
1280.0,1280.0,0.5572915
1281.0,1281.0,0.6392122
1282.0,1282.0,0.497058
1283.0,1283.0,0.51370037
1284.0,1284.0,0.4117658
1285.0,1285.0,0.71831787
1286.0,1286.0,0.5930606
1287.0,1287.0,0.56822336
1288.0,1288.0,0.48817044
1289.0,1289.0,0.29988843
1290.0,1290.0,0.50354475
1291.0,1291.0,0.5028086
1292.0,1292.0,0.7114465
1293.0,1293.0,0.5681124
1294.0,1294.0,0.5645498
1295.0,1295.0,0.66037446
1296.0,1296.0,0.65803397
1297.0,1297.0,0.28249556
1298.0,1298.0,0.47775522
1299.0,1299.0,0.46850535
1300.0,1300.0,0.6184486
1301.0,1301.0,0.57607144
1302.0,1302.0,0.48723006
1303.0,1303.0,0.5983429
1304.0,1304.0,0.50157213
1305.0,1305.0,0.27647036
1306.0,1306.0,0.5078727
1307.0,1307.0,0.5320613
1308.0,1308.0,0.7043412
1309.0,1309.0,0.6790071
1310.0,1310.0,0.48146307
1311.0,1311.0,0.30356485
1312.0,1312.0,0.4241629
1313.0,1313.0,0.48876154
1314.0,1314.0,0.53862447
1315.0,1315.0,0.6764749
1316.0,1316.0,0.58737934
1317.0,1317.0,0.57758135
1318.0,1318.0,0.62142706
1319.0,1319.0,0.6614585
1320.0,1320.0,0.50323224
1321.0,1321.0,0.66482323
1322.0,1322.0,0.5513816
1323.0,1323.0,0.5250517
1324.0,1324.0,0.5193767
1325.0,1325.0,0.598865
1326.0,1326.0,0.31670654
1327.0,1327.0,0.5379566
1328.0,1328.0,0.47506174
1329.0,1329.0,0.5415053
1330.0,1330.0,0.6990498
1331.0,1331.0,0.71371394
1332.0,1332.0,0.6139565
1333.0,1333.0,0.38269868
1334.0,1334.0,0.33820584
1335.0,1335.0,0.59375185
1336.0,1336.0,0.5490176
1337.0,1337.0,0.53338915
1338.0,1338.0,0.5852136
1339.0,1339.0,0.46231642
1340.0,1340.0,0.58672154
1341.0,1341.0,0.64907205
1342.0,1342.0,0.5109488
1343.0,1343.0,0.5652243
1344.0,1344.0,0.47293085
1345.0,1345.0,0.5068722
1346.0,1346.0,0.60718876
1347.0,1347.0,0.5004787
1348.0,1348.0,0.64067394
1349.0,1349.0,0.6294032
1350.0,1350.0,0.2845732
1351.0,1351.0,0.47522634
1352.0,1352.0,0.4422163
1353.0,1353.0,0.41628775
1354.0,1354.0,0.6261739
1355.0,1355.0,0.30630985
1356.0,1356.0,0.5846517
1357.0,1357.0,0.43960395
1358.0,1358.0,0.43213812
1359.0,1359.0,0.4954504
1360.0,1360.0,0.5288599
1361.0,1361.0,0.3947555
1362.0,1362.0,0.5751803
1363.0,1363.0,0.47474882
1364.0,1364.0,0.5390585
1365.0,1365.0,0.29698175
1366.0,1366.0,0.5804474
1367.0,1367.0,0.69926095
1368.0,1368.0,0.5977787
1369.0,1369.0,0.47867206
1370.0,1370.0,0.50919294
1371.0,1371.0,0.5412492
1372.0,1372.0,0.33552244
1373.0,1373.0,0.5033753
1374.0,1374.0,0.47318342
1375.0,1375.0,0.5204124
1376.0,1376.0,0.45897168
1377.0,1377.0,0.4504064
1378.0,1378.0,0.56096566
1379.0,1379.0,0.5230402
1380.0,1380.0,0.49644423
1381.0,1381.0,0.5473868
1382.0,1382.0,0.3716798
1383.0,1383.0,0.46057704
1384.0,1384.0,0.47735557
1385.0,1385.0,0.465696
1386.0,1386.0,0.46454114
1387.0,1387.0,0.6056712
1388.0,1388.0,0.3463306
1389.0,1389.0,0.4562256
1390.0,1390.0,0.48941132
1391.0,1391.0,0.5266244
1392.0,1392.0,0.6201946
1393.0,1393.0,0.58433425
1394.0,1394.0,0.59406054
1395.0,1395.0,0.62788504
1396.0,1396.0,0.557117
1397.0,1397.0,0.49966282
1398.0,1398.0,0.4838042
1399.0,1399.0,0.37973788
1400.0,1400.0,0.58581334
1401.0,1401.0,0.54082924
1402.0,1402.0,0.4092826
1403.0,1403.0,0.039437782
1404.0,1404.0,0.5773529
1405.0,1405.0,0.50888646
1406.0,1406.0,0.581394
1407.0,1407.0,0.6245967
1408.0,1408.0,0.5082047
1409.0,1409.0,0.50759673
1410.0,1410.0,1.0
1411.0,1411.0,0.7072147
1412.0,1412.0,0.53417355
1413.0,1413.0,0.4996868
1414.0,1414.0,0.42803317
1415.0,1415.0,0.43872032
1416.0,1416.0,0.6433468
1417.0,1417.0,0.62829626
1418.0,1418.0,0.69272506
1419.0,1419.0,0.1549306
1420.0,1420.0,0.4890476
1421.0,1421.0,0.46032205
1422.0,1422.0,0.4897069
1423.0,1423.0,0.5352502
1424.0,1424.0,0.38683066
1425.0,1425.0,0.47907713
1426.0,1426.0,0.18090919
1427.0,1427.0,0.59939337
1428.0,1428.0,0.50041974
1429.0,1429.0,0.5004297
1430.0,1430.0,0.42906216
1431.0,1431.0,0.6457416
1432.0,1432.0,0.5614872
1433.0,1433.0,0.6999395
1434.0,1434.0,0.1331166
1435.0,1435.0,0.6645172
1436.0,1436.0,0.43973553
1437.0,1437.0,0.44681847
1438.0,1438.0,0.23148136
1439.0,1439.0,0.54947746
1440.0,1440.0,0.636406
1441.0,1441.0,0.61284417
1442.0,1442.0,0.3729382
1443.0,1443.0,0.61640227
1444.0,1444.0,0.69520646
1445.0,1445.0,0.69891536
1446.0,1446.0,0.6125543
1447.0,1447.0,0.5010317
1448.0,1448.0,0.5149743
1449.0,1449.0,0.4582929
1450.0,1450.0,0.6945518
1451.0,1451.0,0.49667916
1452.0,1452.0,0.6981576
1453.0,1453.0,0.4689226
1454.0,1454.0,0.41920137
1455.0,1455.0,0.551471
1456.0,1456.0,0.6348244
1457.0,1457.0,0.66071796
1458.0,1458.0,0.5450319
1459.0,1459.0,0.5486089
1460.0,1460.0,0.49685323
1461.0,1461.0,0.5909828
1462.0,1462.0,0.5910769
1463.0,1463.0,0.47759217
1464.0,1464.0,0.57510406
1465.0,1465.0,0.43020445
1466.0,1466.0,0.44611388
1467.0,1467.0,0.5334654
1468.0,1468.0,0.70836496
1469.0,1469.0,0.80116767
1470.0,1470.0,0.27879888
1471.0,1471.0,0.36932072
1472.0,1472.0,0.63742274
1473.0,1473.0,0.56952786
1474.0,1474.0,0.51443994
1475.0,1475.0,0.62185353
1476.0,1476.0,0.4738102
1477.0,1477.0,0.6547293
1478.0,1478.0,0.34824726
1479.0,1479.0,0.7018483
1480.0,1480.0,0.45225564
1481.0,1481.0,0.58724993
1482.0,1482.0,0.6190117
1483.0,1483.0,0.4794249
1484.0,1484.0,0.5355173
1485.0,1485.0,0.652122
1486.0,1486.0,0.5707813
1487.0,1487.0,0.54205877
1488.0,1488.0,0.43861818
1489.0,1489.0,0.5129733
1490.0,1490.0,0.53254604
1491.0,1491.0,0.26106912
1492.0,1492.0,0.61853516
1493.0,1493.0,0.6365433
1494.0,1494.0,0.38373703
1495.0,1495.0,0.48184887
1496.0,1496.0,0.46723196
1497.0,1497.0,0.6392528
1498.0,1498.0,0.42779934
1499.0,1499.0,0.5143825
1500.0,1500.0,0.4900706
1501.0,1501.0,0.9312702
1502.0,1502.0,0.59465694
1503.0,1503.0,0.5467695
1504.0,1504.0,0.47103453
1505.0,1505.0,0.5227836
1506.0,1506.0,0.4946836
1507.0,1507.0,0.547857
1508.0,1508.0,0.61178607
1509.0,1509.0,0.33468688
1510.0,1510.0,0.50337124
1511.0,1511.0,0.4499928
1512.0,1512.0,0.5947616
1513.0,1513.0,0.71801513
1514.0,1514.0,0.18724069
1515.0,1515.0,0.7022095
1516.0,1516.0,0.51585335
1517.0,1517.0,0.54052335
1518.0,1518.0,0.51765215
1519.0,1519.0,0.62234855
1520.0,1520.0,0.5501138
1521.0,1521.0,0.17160437
1522.0,1522.0,0.6987728
1523.0,1523.0,0.46076506
1524.0,1524.0,0.54875284
1525.0,1525.0,0.57502115
1526.0,1526.0,0.50720394
1527.0,1527.0,0.61602604
1528.0,1528.0,0.4965651
1529.0,1529.0,0.40224975
1530.0,1530.0,0.6329656
1531.0,1531.0,0.528029
1532.0,1532.0,0.42378762
1533.0,1533.0,0.5096621
1534.0,1534.0,0.5978017
1535.0,1535.0,0.40891773
1536.0,1536.0,0.5783575
1537.0,1537.0,0.5818964
1538.0,1538.0,0.47878945
1539.0,1539.0,0.51695
1540.0,1540.0,0.6740568
1541.0,1541.0,0.45315355
1542.0,1542.0,0.47027522
1543.0,1543.0,0.47774735
1544.0,1544.0,0.27744466
1545.0,1545.0,0.5609321
1546.0,1546.0,0.5920424
1547.0,1547.0,0.6234844
1548.0,1548.0,0.1351672
1549.0,1549.0,0.5566056
1550.0,1550.0,0.50355434
1551.0,1551.0,0.5093587
1552.0,1552.0,0.479223
1553.0,1553.0,0.4844864
1554.0,1554.0,0.483097
1555.0,1555.0,0.49912062
1556.0,1556.0,0.4400203
1557.0,1557.0,0.32670155
1558.0,1558.0,0.38522586
1559.0,1559.0,0.2499122
1560.0,1560.0,0.50643533
1561.0,1561.0,0.5189195
1562.0,1562.0,0.4090336
1563.0,1563.0,0.4943226
1564.0,1564.0,0.43125063
1565.0,1565.0,0.66775113
1566.0,1566.0,0.5144229
1567.0,1567.0,0.43085557
1568.0,1568.0,0.50885725
1569.0,1569.0,0.66070753
1570.0,1570.0,0.49806118
1571.0,1571.0,0.5826221
1572.0,1572.0,0.53772634
1573.0,1573.0,0.51316804
1574.0,1574.0,0.6181565
1575.0,1575.0,0.5274683
1576.0,1576.0,0.5887731
1577.0,1577.0,0.6208141
1578.0,1578.0,0.49209416
1579.0,1579.0,0.5098751
1580.0,1580.0,0.64117587
1581.0,1581.0,0.52905834
1582.0,1582.0,0.5108042
1583.0,1583.0,0.3553857
1584.0,1584.0,0.5295172
1585.0,1585.0,0.5407731
1586.0,1586.0,0.6428193
1587.0,1587.0,0.43216893
1588.0,1588.0,0.48035452
1589.0,1589.0,0.63106674
1590.0,1590.0,0.649836
1591.0,1591.0,0.3978252
1592.0,1592.0,0.46744204
1593.0,1593.0,0.60970324
1594.0,1594.0,0.54783875
1595.0,1595.0,0.65946347
1596.0,1596.0,0.6583968
1597.0,1597.0,0.68333703
1598.0,1598.0,0.55767715
1599.0,1599.0,0.70411617
1600.0,1600.0,0.4299212
1601.0,1601.0,0.6459469
1602.0,1602.0,0.57950747
1603.0,1603.0,0.61588657
1604.0,1604.0,0.49941736
1605.0,1605.0,0.48846087
1606.0,1606.0,0.68313956
1607.0,1607.0,0.55734473
1608.0,1608.0,0.4185779
1609.0,1609.0,0.5720477
1610.0,1610.0,0.4802799
1611.0,1611.0,0.28194243
1612.0,1612.0,0.33666134
1613.0,1613.0,0.4430494
1614.0,1614.0,0.48312032
1615.0,1615.0,0.6575067
1616.0,1616.0,0.050154973
1617.0,1617.0,0.52991104
1618.0,1618.0,0.6074858
1619.0,1619.0,0.5160632
1620.0,1620.0,0.5595547
1621.0,1621.0,0.5870049
1622.0,1622.0,0.5916259
1623.0,1623.0,0.48155925
1624.0,1624.0,0.61891305
1625.0,1625.0,0.52923757
1626.0,1626.0,0.52494437
1627.0,1627.0,0.6147758
1628.0,1628.0,0.63125676
1629.0,1629.0,0.6169651
1630.0,1630.0,0.438462
1631.0,1631.0,0.5437299
1632.0,1632.0,0.56430155
1633.0,1633.0,0.5276022
1634.0,1634.0,0.1548437
1635.0,1635.0,0.6809912
1636.0,1636.0,0.4777363
1637.0,1637.0,0.5092912
1638.0,1638.0,0.4731413
1639.0,1639.0,0.33224216
1640.0,1640.0,0.52104473
1641.0,1641.0,0.42112586
1642.0,1642.0,0.80986017
1643.0,1643.0,0.5445637
1644.0,1644.0,0.5116829
1645.0,1645.0,0.5297049
1646.0,1646.0,0.5216646
1647.0,1647.0,0.0150138745
1648.0,1648.0,0.63797235
1649.0,1649.0,0.55726284
1650.0,1650.0,0.40596887
1651.0,1651.0,0.5815563
1652.0,1652.0,0.49458832
1653.0,1653.0,0.20482999
1654.0,1654.0,0.46545917
1655.0,1655.0,0.5827931
1656.0,1656.0,0.6279106
1657.0,1657.0,0.59400594
1658.0,1658.0,0.5987918
1659.0,1659.0,0.48731172
1660.0,1660.0,0.6735065
1661.0,1661.0,0.46301568
1662.0,1662.0,0.36664787
1663.0,1663.0,0.6598893
1664.0,1664.0,0.61348355
1665.0,1665.0,0.54731065
1666.0,1666.0,0.54334956
1667.0,1667.0,0.673848
1668.0,1668.0,0.5433343
1669.0,1669.0,0.6154954
1670.0,1670.0,0.4776314
1671.0,1671.0,0.42132315
1672.0,1672.0,0.6644761
1673.0,1673.0,0.6538343
1674.0,1674.0,0.01694611
1675.0,1675.0,0.55918294
1676.0,1676.0,0.46303588
1677.0,1677.0,0.6666338
1678.0,1678.0,0.65313673
1679.0,1679.0,0.50594574
1680.0,1680.0,0.58883333
1681.0,1681.0,0.62313706
1682.0,1682.0,0.36105508
1683.0,1683.0,0.28480777
1684.0,1684.0,0.44629857
1685.0,1685.0,0.11804858
1686.0,1686.0,0.52552706
1687.0,1687.0,0.420295
1688.0,1688.0,0.42630205
1689.0,1689.0,0.5803182
1690.0,1690.0,0.3497238
1691.0,1691.0,0.30759856
1692.0,1692.0,0.5990676
1693.0,1693.0,0.4539884
1694.0,1694.0,0.54216516
1695.0,1695.0,0.47794285
1696.0,1696.0,0.3863086
1697.0,1697.0,0.5964652
1698.0,1698.0,0.66819566
1699.0,1699.0,0.6671512
1700.0,1700.0,0.6123071
1701.0,1701.0,0.93835574
1702.0,1702.0,0.06412442
1703.0,1703.0,0.65624523
1704.0,1704.0,0.5843701
1705.0,1705.0,0.4666268
1706.0,1706.0,0.6904331
1707.0,1707.0,0.63822085
1708.0,1708.0,0.6088662
1709.0,1709.0,0.53986037
1710.0,1710.0,0.5843578
1711.0,1711.0,0.4908065
1712.0,1712.0,0.39378688
1713.0,1713.0,0.70100254
1714.0,1714.0,0.60840255
1715.0,1715.0,0.44366613
1716.0,1716.0,0.26381537
1717.0,1717.0,0.58895063
1718.0,1718.0,0.5202987
1719.0,1719.0,0.5141772
1720.0,1720.0,0.4591948
1721.0,1721.0,0.49713975
1722.0,1722.0,0.5093892
1723.0,1723.0,0.67214733
1724.0,1724.0,0.5373186
1725.0,1725.0,0.67611814
1726.0,1726.0,0.49476853
1727.0,1727.0,0.4704389
1728.0,1728.0,0.4496718
1729.0,1729.0,0.6220696
1730.0,1730.0,0.2241604
1731.0,1731.0,0.62553865
1732.0,1732.0,0.55796117
1733.0,1733.0,0.41187242
1734.0,1734.0,0.46941748
1735.0,1735.0,0.45190993
1736.0,1736.0,0.46952298
1737.0,1737.0,0.5132359
1738.0,1738.0,0.6008546
1739.0,1739.0,0.56238705
1740.0,1740.0,0.53809756
1741.0,1741.0,0.6609942
1742.0,1742.0,0.51594484
1743.0,1743.0,0.4784352
1744.0,1744.0,0.5664594
1745.0,1745.0,0.18151368
1746.0,1746.0,0.5230352
1747.0,1747.0,0.47247276
1748.0,1748.0,0.4762278
1749.0,1749.0,0.98126036
1750.0,1750.0,0.5791759
1751.0,1751.0,0.62953955
1752.0,1752.0,0.53858423
1753.0,1753.0,0.27076405
1754.0,1754.0,0.54130137
1755.0,1755.0,0.59865075
1756.0,1756.0,0.6452933
1757.0,1757.0,0.63060224
1758.0,1758.0,0.37817964
1759.0,1759.0,0.41866744
1760.0,1760.0,0.69727623
1761.0,1761.0,0.4544059
1762.0,1762.0,0.57672024
1763.0,1763.0,0.71860164
1764.0,1764.0,0.49896997
1765.0,1765.0,0.3746419
1766.0,1766.0,0.633506
1767.0,1767.0,0.5148484
1768.0,1768.0,0.48374867
1769.0,1769.0,0.2401796
1770.0,1770.0,0.31877726
1771.0,1771.0,0.5375368
1772.0,1772.0,0.5157806
1773.0,1773.0,0.50630313
1774.0,1774.0,0.46043065
1775.0,1775.0,0.25536892
1776.0,1776.0,0.66110927
1777.0,1777.0,0.47316524
1778.0,1778.0,0.43157065
1779.0,1779.0,0.4455563
1780.0,1780.0,0.4827846
1781.0,1781.0,0.65777063
1782.0,1782.0,0.3982915
1783.0,1783.0,0.60717237
1784.0,1784.0,0.55464965
1785.0,1785.0,0.21466243
1786.0,1786.0,0.5767877
1787.0,1787.0,0.5705222
1788.0,1788.0,0.60406035
1789.0,1789.0,0.42997295
1790.0,1790.0,0.5162237
1791.0,1791.0,0.42812362
1792.0,1792.0,0.54572845
1793.0,1793.0,0.4236196
1794.0,1794.0,0.60406035
1795.0,1795.0,0.5077906
1796.0,1796.0,0.5696338
1797.0,1797.0,0.6473289
1798.0,1798.0,0.47957575
1799.0,1799.0,0.50914663
1800.0,1800.0,0.39259103
1801.0,1801.0,0.46781784
1802.0,1802.0,0.537198
1803.0,1803.0,0.034903817
1804.0,1804.0,0.5343134
1805.0,1805.0,0.46500704
1806.0,1806.0,0.4633451
1807.0,1807.0,0.6566935
1808.0,1808.0,0.36543983
1809.0,1809.0,0.48771605
1810.0,1810.0,0.5238371
1811.0,1811.0,0.6414361
1812.0,1812.0,0.47867188
1813.0,1813.0,0.67911905
1814.0,1814.0,0.6292701
1815.0,1815.0,0.6416438
1816.0,1816.0,0.52959085
1817.0,1817.0,0.3045309
1818.0,1818.0,0.3868218
1819.0,1819.0,0.50569236
1820.0,1820.0,0.5419443
1821.0,1821.0,0.12558289
1822.0,1822.0,0.73893183
1823.0,1823.0,0.6268281
1824.0,1824.0,0.38184616
1825.0,1825.0,0.5330734
1826.0,1826.0,0.61452264
1827.0,1827.0,0.634882
1828.0,1828.0,0.64192444
1829.0,1829.0,0.5731835
1830.0,1830.0,0.5841921
1831.0,1831.0,0.19278723
1832.0,1832.0,0.2862406
1833.0,1833.0,0.7099062
1834.0,1834.0,0.56768113
1835.0,1835.0,0.48422807
1836.0,1836.0,0.5135251
1837.0,1837.0,0.26081225
1838.0,1838.0,0.6052203
1839.0,1839.0,0.48187882
1840.0,1840.0,0.504154
1841.0,1841.0,0.5044179
1842.0,1842.0,0.4245356
1843.0,1843.0,0.38854823
1844.0,1844.0,0.56338716
1845.0,1845.0,0.42848447
1846.0,1846.0,0.47893602
1847.0,1847.0,0.3395816
1848.0,1848.0,0.55741787
1849.0,1849.0,0.5811398
1850.0,1850.0,0.4657412
1851.0,1851.0,0.40695006
1852.0,1852.0,0.6240647
1853.0,1853.0,0.44092155
1854.0,1854.0,0.5916421
1855.0,1855.0,0.6346686
1856.0,1856.0,0.30205092
1857.0,1857.0,0.61975056
1858.0,1858.0,0.58200896
1859.0,1859.0,0.51483065
1860.0,1860.0,0.4202811
1861.0,1861.0,0.59390044
1862.0,1862.0,0.54245836
1863.0,1863.0,0.5921936
1864.0,1864.0,0.6952861
1865.0,1865.0,0.43221372
1866.0,1866.0,0.5460639
1867.0,1867.0,0.5193117
1868.0,1868.0,0.60861
1869.0,1869.0,0.55047023
1870.0,1870.0,0.5610928
1871.0,1871.0,0.40456477
1872.0,1872.0,0.49791512
1873.0,1873.0,0.62539107
1874.0,1874.0,0.40678295
1875.0,1875.0,0.49705204
1876.0,1876.0,0.60282844
1877.0,1877.0,0.6455485
1878.0,1878.0,0.6794732
1879.0,1879.0,0.05883688
1880.0,1880.0,0.4984173
1881.0,1881.0,0.5455063
1882.0,1882.0,0.50886345
1883.0,1883.0,0.4502588
1884.0,1884.0,0.5475128
1885.0,1885.0,0.4381309
1886.0,1886.0,0.5944827
1887.0,1887.0,0.6517337
1888.0,1888.0,0.31235248
1889.0,1889.0,0.39030653
1890.0,1890.0,0.62561697
1891.0,1891.0,0.4368736
1892.0,1892.0,0.50565493
1893.0,1893.0,0.6914067
1894.0,1894.0,0.71909845
1895.0,1895.0,0.57408386
1896.0,1896.0,0.5924595
1897.0,1897.0,0.4206958
1898.0,1898.0,0.46864876
1899.0,1899.0,0.3824008
1900.0,1900.0,0.6329656
1901.0,1901.0,0.26558313
1902.0,1902.0,0.09270831
1903.0,1903.0,0.56955665
1904.0,1904.0,0.47667453
1905.0,1905.0,0.6165804
1906.0,1906.0,0.42944208
1907.0,1907.0,0.25973213
1908.0,1908.0,0.5118992
1909.0,1909.0,0.8702588
1910.0,1910.0,0.5225608
1911.0,1911.0,0.6363067
1912.0,1912.0,0.48383638
1913.0,1913.0,0.4527603
1914.0,1914.0,0.62786275
1915.0,1915.0,0.504579
1916.0,1916.0,0.53099495
1917.0,1917.0,0.48596075
1918.0,1918.0,0.5507107
1919.0,1919.0,0.5707527
1920.0,1920.0,0.6324041
1921.0,1921.0,0.57432723
1922.0,1922.0,0.46064025
1923.0,1923.0,0.58417815
1924.0,1924.0,0.47235814
1925.0,1925.0,0.50034237
1926.0,1926.0,0.51077974
1927.0,1927.0,0.47659948
1928.0,1928.0,0.4159128
1929.0,1929.0,0.5037009
1930.0,1930.0,0.60237074
1931.0,1931.0,0.49986345
1932.0,1932.0,0.43286374
1933.0,1933.0,0.63098955
1934.0,1934.0,0.19733247
1935.0,1935.0,0.65563
1936.0,1936.0,0.6130733
1937.0,1937.0,0.5998193
1938.0,1938.0,0.45887676
1939.0,1939.0,0.6853203
1940.0,1940.0,0.5651878
1941.0,1941.0,0.67169654
1942.0,1942.0,0.48479804
1943.0,1943.0,0.49076408
1944.0,1944.0,0.19703187
1945.0,1945.0,0.55536044
1946.0,1946.0,0.5229885
1947.0,1947.0,0.56897056
1948.0,1948.0,0.20018716
1949.0,1949.0,0.51964414
1950.0,1950.0,0.545022
1951.0,1951.0,0.5650877
1952.0,1952.0,0.5698686
1953.0,1953.0,0.47971395
1954.0,1954.0,0.6457362
1955.0,1955.0,0.5567651
1956.0,1956.0,0.4562778
1957.0,1957.0,0.5968536
1958.0,1958.0,0.60937905
1959.0,1959.0,0.4731179
1960.0,1960.0,0.65785754
1961.0,1961.0,0.61720675
1962.0,1962.0,0.4881144
1963.0,1963.0,0.60873514
1964.0,1964.0,0.4906971
1965.0,1965.0,0.4221316
1966.0,1966.0,0.40478626
1967.0,1967.0,0.45189765
1968.0,1968.0,0.1878529
1969.0,1969.0,0.5551249
1970.0,1970.0,0.61285233
1971.0,1971.0,0.7448713
1972.0,1972.0,0.671924
1973.0,1973.0,0.4892762
1974.0,1974.0,0.50825316
1975.0,1975.0,0.19931681
1976.0,1976.0,0.50860244
1977.0,1977.0,0.4978553
1978.0,1978.0,0.51655
1979.0,1979.0,0.5437078
1980.0,1980.0,0.5927324
1981.0,1981.0,0.5815084
1982.0,1982.0,0.49122173
1983.0,1983.0,0.4357108
1984.0,1984.0,0.33418894
