x,y,species_0 cloglog values
1.0,1.0,0.61832297
2.0,2.0,0.5886803
3.0,3.0,0.64810294
4.0,4.0,0.5893239
5.0,5.0,0.5174067
6.0,6.0,0.6599697
7.0,7.0,0.5726965
8.0,8.0,0.6495281
9.0,9.0,0.64382607
10.0,10.0,0.71926636
11.0,11.0,0.57068354
12.0,12.0,0.67667955
13.0,13.0,0.5929465
14.0,14.0,0.61270463
15.0,15.0,0.56901735
16.0,16.0,0.6937467
17.0,17.0,0.6497624
18.0,18.0,0.6668362
19.0,19.0,0.67179877
20.0,20.0,0.70955104
21.0,21.0,0.7019984
22.0,22.0,0.6145858
23.0,23.0,0.65190274
24.0,24.0,0.6077037
25.0,25.0,0.5306082
26.0,26.0,0.5641973
27.0,27.0,0.5449046
28.0,28.0,0.6945484
29.0,29.0,0.5784768
30.0,30.0,0.7035049
31.0,31.0,0.29648614
32.0,32.0,0.69694203
33.0,33.0,0.7058201
34.0,34.0,0.7194874
35.0,35.0,0.6015384
36.0,36.0,0.5026356
37.0,37.0,0.7062379
38.0,38.0,0.685713
39.0,39.0,0.71325994
40.0,40.0,0.56498915
41.0,41.0,0.710943
42.0,42.0,0.68100595
43.0,43.0,0.6601216
44.0,44.0,0.51734686
45.0,45.0,0.5897067
46.0,46.0,0.6204994
47.0,47.0,0.64570755
48.0,48.0,0.66786426
49.0,49.0,0.518815
50.0,50.0,0.682419
51.0,51.0,0.59299666
52.0,52.0,0.35152382
53.0,53.0,0.68465626
54.0,54.0,0.5195346
55.0,55.0,0.53478044
56.0,56.0,0.51798654
57.0,57.0,0.71880525
58.0,58.0,0.52493644
59.0,59.0,0.30976996
60.0,60.0,0.58704543
61.0,61.0,0.57848257
62.0,62.0,0.5915649
63.0,63.0,0.67251194
64.0,64.0,0.6236711
65.0,65.0,0.598222
66.0,66.0,0.65067893
67.0,67.0,0.35802737
68.0,68.0,0.6497624
69.0,69.0,0.60085016
70.0,70.0,0.7001522
71.0,71.0,0.5530976
72.0,72.0,0.5756855
73.0,73.0,0.5365824
74.0,74.0,0.61680347
75.0,75.0,0.6100768
76.0,76.0,0.70454484
77.0,77.0,0.58106303
78.0,78.0,0.6616257
79.0,79.0,0.6121477
80.0,80.0,0.5903591
81.0,81.0,0.5315388
82.0,82.0,0.66259515
83.0,83.0,0.39887723
84.0,84.0,0.49702287
85.0,85.0,0.6110263
86.0,86.0,0.60564166
87.0,87.0,0.6402575
88.0,88.0,0.7169593
89.0,89.0,0.6095732
90.0,90.0,0.41124514
91.0,91.0,0.70722836
92.0,92.0,0.52752954
93.0,93.0,0.6858348
94.0,94.0,0.6276594
95.0,95.0,0.7149304
96.0,96.0,0.66825604
97.0,97.0,0.3866029
98.0,98.0,0.7156676
99.0,99.0,0.2900913
100.0,100.0,0.56501824
101.0,101.0,0.537425
102.0,102.0,0.7100152
103.0,103.0,0.48727828
104.0,104.0,0.5306164
105.0,105.0,0.7155732
106.0,106.0,0.62707704
107.0,107.0,0.6248064
108.0,108.0,0.6575983
109.0,109.0,0.6950975
110.0,110.0,0.7197273
111.0,111.0,0.53567314
112.0,112.0,0.7023442
113.0,113.0,0.54511476
114.0,114.0,0.69668436
115.0,115.0,0.5595103
116.0,116.0,0.6786491
117.0,117.0,0.72427607
118.0,118.0,0.5280288
119.0,119.0,0.67109394
120.0,120.0,0.6980465
121.0,121.0,0.60141295
122.0,122.0,0.4954988
123.0,123.0,0.32293183
124.0,124.0,0.68947184
125.0,125.0,0.6658893
126.0,126.0,0.54804194
127.0,127.0,0.5803165
128.0,128.0,0.6437644
129.0,129.0,0.59014475
130.0,130.0,0.68833613
131.0,131.0,0.58228594
132.0,132.0,0.31666237
133.0,133.0,0.58385247
134.0,134.0,0.549543
135.0,135.0,0.5283783
136.0,136.0,0.6800635
137.0,137.0,0.60485727
138.0,138.0,0.6505038
139.0,139.0,0.6777603
140.0,140.0,0.61735195
141.0,141.0,0.53036785
142.0,142.0,0.5947096
143.0,143.0,0.61454123
144.0,144.0,0.69650143
145.0,145.0,0.7233294
146.0,146.0,0.6788335
147.0,147.0,0.6696753
148.0,148.0,0.3619664
149.0,149.0,0.70701975
150.0,150.0,0.67345697
151.0,151.0,0.57486963
152.0,152.0,0.62895465
153.0,153.0,0.59292185
154.0,154.0,0.6230955
155.0,155.0,0.6600105
156.0,156.0,0.5618977
157.0,157.0,0.5803315
158.0,158.0,0.6875932
159.0,159.0,0.59146416
160.0,160.0,0.66966033
161.0,161.0,0.4635401
162.0,162.0,0.64501107
163.0,163.0,0.29093912
164.0,164.0,0.69069576
165.0,165.0,0.53109807
166.0,166.0,0.6851615
167.0,167.0,0.5263006
168.0,168.0,0.6904105
169.0,169.0,0.45594278
170.0,170.0,0.3949277
171.0,171.0,0.58574164
172.0,172.0,0.60724056
173.0,173.0,0.5982807
174.0,174.0,0.5865447
175.0,175.0,0.6946293
176.0,176.0,0.5544089
177.0,177.0,0.69629776
178.0,178.0,0.52775
179.0,179.0,0.5131501
180.0,180.0,0.6039305
181.0,181.0,0.6425431
182.0,182.0,0.3527834
183.0,183.0,0.61496496
184.0,184.0,0.5651658
185.0,185.0,0.6513457
186.0,186.0,0.33497843
187.0,187.0,0.54296786
188.0,188.0,0.5296082
189.0,189.0,0.70928234
190.0,190.0,0.6225183
191.0,191.0,0.5647465
192.0,192.0,0.7044366
193.0,193.0,0.6999628
194.0,194.0,0.67251194
195.0,195.0,0.693224
196.0,196.0,0.677234
197.0,197.0,0.67791694
198.0,198.0,0.6029605
199.0,199.0,0.67990625
200.0,200.0,0.6904105
201.0,201.0,0.6885327
202.0,202.0,0.6004696
203.0,203.0,0.5991418
204.0,204.0,0.5854563
205.0,205.0,0.6998139
206.0,206.0,0.6366805
207.0,207.0,0.57432425
208.0,208.0,0.65545994
209.0,209.0,0.48648846
210.0,210.0,0.6908383
211.0,211.0,0.57946426
212.0,212.0,0.62530047
213.0,213.0,0.5703005
214.0,214.0,0.5982038
215.0,215.0,0.619886
216.0,216.0,0.6757151
217.0,217.0,0.65332717
218.0,218.0,0.86133766
219.0,219.0,0.6405053
220.0,220.0,0.6066808
221.0,221.0,0.5351408
222.0,222.0,0.70769316
223.0,223.0,0.32309505
224.0,224.0,0.6154927
225.0,225.0,0.5327654
226.0,226.0,0.693224
227.0,227.0,0.6771525
228.0,228.0,0.7100152
229.0,229.0,0.6758182
230.0,230.0,0.529929
231.0,231.0,0.50349504
232.0,232.0,0.6606776
233.0,233.0,0.5122504
234.0,234.0,0.58861166
235.0,235.0,0.47141725
236.0,236.0,0.6111564
237.0,237.0,0.6535613
238.0,238.0,0.68430185
239.0,239.0,0.6596683
240.0,240.0,0.614522
241.0,241.0,0.57537323
242.0,242.0,0.67156667
243.0,243.0,0.6744017
244.0,244.0,0.5220527
245.0,245.0,0.3428812
246.0,246.0,0.69661105
247.0,247.0,0.6641033
248.0,248.0,0.5227511
249.0,249.0,0.57795835
250.0,250.0,0.5968347
251.0,251.0,0.63739055
252.0,252.0,0.6753461
253.0,253.0,0.6829914
254.0,254.0,0.82728577
255.0,255.0,0.61281484
256.0,256.0,0.67487395
257.0,257.0,0.58124024
258.0,258.0,0.6663628
259.0,259.0,0.5224007
260.0,260.0,0.55527186
261.0,261.0,0.54544014
262.0,262.0,0.66209966
263.0,263.0,0.63227
264.0,264.0,0.700619
265.0,265.0,0.5404721
266.0,266.0,0.50622076
267.0,267.0,0.69790435
268.0,268.0,0.6424
269.0,269.0,0.5171943
270.0,270.0,0.66304743
271.0,271.0,0.7274584
272.0,272.0,0.7197273
273.0,273.0,0.6035397
274.0,274.0,0.6069394
275.0,275.0,0.61484754
276.0,276.0,0.68194807
277.0,277.0,0.34976205
278.0,278.0,0.56208223
279.0,279.0,0.69619626
280.0,280.0,0.2744556
281.0,281.0,0.66920227
282.0,282.0,0.44976196
283.0,283.0,0.3467571
284.0,284.0,0.5321246
285.0,285.0,0.57932895
286.0,286.0,0.5102491
287.0,287.0,0.58662665
288.0,288.0,0.5227801
289.0,289.0,0.6181515
290.0,290.0,0.65436006
291.0,291.0,0.28124696
292.0,292.0,0.6663628
293.0,293.0,0.6075188
294.0,294.0,0.69036996
295.0,295.0,0.66399497
296.0,296.0,0.71279687
297.0,297.0,0.71279687
298.0,298.0,0.5365144
299.0,299.0,0.66399497
300.0,300.0,0.5830436
301.0,301.0,0.7218312
302.0,302.0,0.6765086
303.0,303.0,0.35224086
304.0,304.0,0.6828421
305.0,305.0,0.53344357
306.0,306.0,0.61849517
307.0,307.0,0.7275376
308.0,308.0,0.5593949
309.0,309.0,0.636309
310.0,310.0,0.66825604
311.0,311.0,0.4317721
312.0,312.0,0.6638991
313.0,313.0,0.50952876
314.0,314.0,0.665334
315.0,315.0,0.6526118
316.0,316.0,0.6974368
317.0,317.0,0.69629776
318.0,318.0,0.85204977
319.0,319.0,0.5090006
320.0,320.0,0.6602581
321.0,321.0,0.70769316
322.0,322.0,0.5153521
323.0,323.0,0.58465797
324.0,324.0,0.69944906
325.0,325.0,0.34116006
326.0,326.0,0.69876426
327.0,327.0,0.7289106
328.0,328.0,0.5963281
329.0,329.0,0.67676216
330.0,330.0,0.57976454
331.0,331.0,0.5907486
332.0,332.0,0.648578
333.0,333.0,0.53632855
334.0,334.0,0.6077037
335.0,335.0,0.6885327
336.0,336.0,0.70074844
337.0,337.0,0.5296365
338.0,338.0,0.45508945
339.0,339.0,0.6393066
340.0,340.0,0.5768056
341.0,341.0,0.6618593
342.0,342.0,0.6883486
343.0,343.0,0.6718059
344.0,344.0,0.7118702
345.0,345.0,0.6068968
346.0,346.0,0.67203933
347.0,347.0,0.68913805
348.0,348.0,0.66494226
349.0,349.0,0.57473457
350.0,350.0,0.5908173
351.0,351.0,0.7026477
352.0,352.0,0.66774017
353.0,353.0,0.597645
354.0,354.0,0.5644825
355.0,355.0,0.3229884
356.0,356.0,0.68102574
357.0,357.0,0.6858082
358.0,358.0,0.6786491
359.0,359.0,0.61121106
360.0,360.0,0.6658893
361.0,361.0,0.6655724
362.0,362.0,0.54974264
363.0,363.0,0.53560627
364.0,364.0,0.33282375
365.0,365.0,0.658547
366.0,366.0,0.6502374
367.0,367.0,0.40184203
368.0,368.0,0.5749677
369.0,369.0,0.7049022
370.0,370.0,0.7173413
371.0,371.0,0.41914448
372.0,372.0,0.5825979
373.0,373.0,0.55379915
374.0,374.0,0.5686485
375.0,375.0,0.693224
376.0,376.0,0.61155725
377.0,377.0,0.6494673
378.0,378.0,0.70117354
379.0,379.0,0.5504648
380.0,380.0,0.53465694
381.0,381.0,0.5719673
382.0,382.0,0.70257276
383.0,383.0,0.5808004
384.0,384.0,0.6852427
385.0,385.0,0.7039708
386.0,386.0,0.5048788
387.0,387.0,0.5008434
388.0,388.0,0.5267304
389.0,389.0,0.53012383
390.0,390.0,0.7062983
391.0,391.0,0.6969692
392.0,392.0,0.6644058
393.0,393.0,0.70993495
394.0,394.0,0.6414225
395.0,395.0,0.6309284
396.0,396.0,0.64786214
397.0,397.0,0.6495498
398.0,398.0,0.50874054
399.0,399.0,0.6072292
400.0,400.0,0.58102965
401.0,401.0,0.70021296
402.0,402.0,0.6880774
403.0,403.0,0.67156667
404.0,404.0,0.6597372
405.0,405.0,0.68947184
406.0,406.0,0.45873117
407.0,407.0,0.7068241
408.0,408.0,0.6243466
409.0,409.0,0.6654158
410.0,410.0,0.51126087
411.0,411.0,0.6797284
412.0,412.0,0.52656883
413.0,413.0,0.5950122
414.0,414.0,0.55947596
415.0,415.0,0.57442546
416.0,416.0,0.60129005
417.0,417.0,0.7039708
418.0,418.0,0.7155732
419.0,419.0,0.51226825
420.0,420.0,0.70117354
421.0,421.0,0.35108003
422.0,422.0,0.56824243
423.0,423.0,0.559718
424.0,424.0,0.35356542
425.0,425.0,0.49649522
426.0,426.0,0.66399497
427.0,427.0,0.62694466
428.0,428.0,0.39623544
429.0,429.0,0.6466775
430.0,430.0,0.65513736
431.0,431.0,0.5411844
432.0,432.0,0.698839
433.0,433.0,0.7062983
434.0,434.0,0.7062983
435.0,435.0,0.61034346
436.0,436.0,0.66754824
437.0,437.0,0.70795023
438.0,438.0,0.5544906
439.0,439.0,0.7044366
440.0,440.0,0.7050104
441.0,441.0,0.62393737
442.0,442.0,0.60817826
443.0,443.0,0.6554194
444.0,444.0,0.6554924
445.0,445.0,0.857795
446.0,446.0,0.6637413
447.0,447.0,0.6735383
448.0,448.0,0.71788263
449.0,449.0,0.65118724
450.0,450.0,0.7211091
451.0,451.0,0.65497667
452.0,452.0,0.7090868
453.0,453.0,0.70955104
454.0,454.0,0.68650275
455.0,455.0,0.6076824
456.0,456.0,0.5066517
457.0,457.0,0.5747951
458.0,458.0,0.70274884
459.0,459.0,0.58395827
460.0,460.0,0.70815784
461.0,461.0,0.7067634
462.0,462.0,0.69181776
463.0,463.0,0.5520593
464.0,464.0,0.6516621
465.0,465.0,0.6941064
466.0,466.0,0.606225
467.0,467.0,0.52008694
468.0,468.0,0.86034566
469.0,469.0,0.54243606
470.0,470.0,0.66920227
471.0,471.0,0.63343513
472.0,472.0,0.6631076
473.0,473.0,0.56820005
474.0,474.0,0.71035236
475.0,475.0,0.31565008
476.0,476.0,0.7274584
477.0,477.0,0.6875932
478.0,478.0,0.59443504
479.0,479.0,0.54915124
480.0,480.0,0.7201881
481.0,481.0,0.6609179
482.0,482.0,0.5776437
483.0,483.0,0.7044366
484.0,484.0,0.6711887
485.0,485.0,0.7179768
486.0,486.0,0.5601593
487.0,487.0,0.7030389
488.0,488.0,0.60671914
489.0,489.0,0.65545994
490.0,490.0,0.36153665
491.0,491.0,0.70395076
492.0,492.0,0.67613906
493.0,493.0,0.6058059
494.0,494.0,0.59498256
495.0,495.0,0.5370221
496.0,496.0,0.630436
497.0,497.0,0.7096598
498.0,498.0,0.59459865
499.0,499.0,0.56892014
500.0,500.0,0.6927689
501.0,501.0,0.59330696
502.0,502.0,0.59906495
503.0,503.0,0.51856667
504.0,504.0,0.5941041
505.0,505.0,0.6065539
506.0,506.0,0.59676796
507.0,507.0,0.67345697
508.0,508.0,0.5513251
509.0,509.0,0.59292185
510.0,510.0,0.6470484
511.0,511.0,0.6904105
512.0,512.0,0.5292533
513.0,513.0,0.6838313
514.0,514.0,0.7118702
515.0,515.0,0.6524929
516.0,516.0,0.6395475
517.0,517.0,0.5977484
518.0,518.0,0.60533154
519.0,519.0,0.54503804
520.0,520.0,0.3811316
521.0,521.0,0.5802786
522.0,522.0,0.66321975
523.0,523.0,0.561202
524.0,524.0,0.36699277
525.0,525.0,0.65803885
526.0,526.0,0.54308516
527.0,527.0,0.6577503
528.0,528.0,0.6128077
529.0,529.0,0.3593174
530.0,530.0,0.55402637
531.0,531.0,0.7049022
532.0,532.0,0.6869524
533.0,533.0,0.5742577
534.0,534.0,0.5386937
535.0,535.0,0.83792394
536.0,536.0,0.6908797
537.0,537.0,0.65118724
538.0,538.0,0.6601688
539.0,539.0,0.7058331
540.0,540.0,0.5086649
541.0,541.0,0.6495281
542.0,542.0,0.59277105
543.0,543.0,0.598545
544.0,544.0,0.71863925
545.0,545.0,0.5393883
546.0,546.0,0.6419247
547.0,547.0,0.70345765
548.0,548.0,0.62393737
549.0,549.0,0.56443834
550.0,550.0,0.6424123
551.0,551.0,0.6744017
552.0,552.0,0.5671568
553.0,553.0,0.70117354
554.0,554.0,0.6762902
555.0,555.0,0.568759
556.0,556.0,0.5829006
557.0,557.0,0.6811964
558.0,558.0,0.68430185
559.0,559.0,0.7002401
560.0,560.0,0.5774461
561.0,561.0,0.56223106
562.0,562.0,0.70013195
563.0,563.0,0.60333735
564.0,564.0,0.305161
565.0,565.0,0.58468556
566.0,566.0,0.59254295
567.0,567.0,0.6110263
568.0,568.0,0.5002582
569.0,569.0,0.7123336
570.0,570.0,0.72156936
571.0,571.0,0.5683311
572.0,572.0,0.58772147
573.0,573.0,0.65570045
574.0,574.0,0.6617082
575.0,575.0,0.65308654
576.0,576.0,0.5360859
577.0,577.0,0.66376126
578.0,578.0,0.38114113
579.0,579.0,0.6257719
580.0,580.0,0.40098205
581.0,581.0,0.6459615
582.0,582.0,0.62290466
583.0,583.0,0.29569444
584.0,584.0,0.56075335
585.0,585.0,0.5815459
586.0,586.0,0.53054976
587.0,587.0,0.62382275
588.0,588.0,0.52759063
589.0,589.0,0.303042
590.0,590.0,0.54698455
591.0,591.0,0.5522376
592.0,592.0,0.41110155
593.0,593.0,0.57238543
594.0,594.0,0.59680146
595.0,595.0,0.7270795
596.0,596.0,0.67251194
597.0,597.0,0.54237586
598.0,598.0,0.72524554
599.0,599.0,0.73256415
600.0,600.0,0.6830802
601.0,601.0,0.67251194
602.0,602.0,0.6658893
603.0,603.0,0.58182085
604.0,604.0,0.65925515
605.0,605.0,0.6058059
606.0,606.0,0.26321444
607.0,607.0,0.701708
608.0,608.0,0.6696753
609.0,609.0,0.686265
610.0,610.0,0.70769316
611.0,611.0,0.6064855
612.0,612.0,0.6883149
613.0,613.0,0.6382326
614.0,614.0,0.64793897
615.0,615.0,0.60728383
616.0,616.0,0.5022813
617.0,617.0,0.60867274
618.0,618.0,0.61577576
619.0,619.0,0.5046419
620.0,620.0,0.5460593
621.0,621.0,0.5448172
622.0,622.0,0.61538446
623.0,623.0,0.7007069
624.0,624.0,0.71926636
625.0,625.0,0.5652282
626.0,626.0,0.34819543
627.0,627.0,0.49003386
628.0,628.0,0.6966243
629.0,629.0,0.67959213
630.0,630.0,0.662758
631.0,631.0,0.35820326
632.0,632.0,0.7048755
633.0,633.0,0.5078017
634.0,634.0,0.59809196
635.0,635.0,0.5987501
636.0,636.0,0.7002401
637.0,637.0,0.7150918
638.0,638.0,0.5305142
639.0,639.0,0.6805348
640.0,640.0,0.58559537
641.0,641.0,0.5563847
642.0,642.0,0.6896141
643.0,643.0,0.5637752
644.0,644.0,0.6348887
645.0,645.0,0.54300594
646.0,646.0,0.35546133
647.0,647.0,0.52400774
648.0,648.0,0.58559966
649.0,649.0,0.5539021
650.0,650.0,0.6866533
651.0,651.0,0.6575585
652.0,652.0,0.45787263
653.0,653.0,0.60333824
654.0,654.0,0.6942831
655.0,655.0,0.52759063
656.0,656.0,0.56429243
657.0,657.0,0.710943
658.0,658.0,0.40276915
659.0,659.0,0.6875932
660.0,660.0,0.6190735
661.0,661.0,0.62296045
662.0,662.0,0.68035716
663.0,663.0,0.52158743
664.0,664.0,0.6729845
665.0,665.0,0.60707206
666.0,666.0,0.50737035
667.0,667.0,0.66621745
668.0,668.0,0.5825732
669.0,669.0,0.632904
670.0,670.0,0.6104599
671.0,671.0,0.40376362
672.0,672.0,0.6663628
673.0,673.0,0.5993402
674.0,674.0,0.60839784
675.0,675.0,0.7119377
676.0,676.0,0.5977484
677.0,677.0,0.5791117
678.0,678.0,0.6744215
679.0,679.0,0.67702144
680.0,680.0,0.58251804
681.0,681.0,0.7224894
682.0,682.0,0.604383
683.0,683.0,0.50821626
684.0,684.0,0.5259853
685.0,685.0,0.61948776
686.0,686.0,0.5182766
687.0,687.0,0.6706211
688.0,688.0,0.56979084
689.0,689.0,0.685713
690.0,690.0,0.6997732
691.0,691.0,0.6594955
692.0,692.0,0.7007069
693.0,693.0,0.53446704
694.0,694.0,0.6903691
695.0,695.0,0.677234
696.0,696.0,0.51987284
697.0,697.0,0.6539315
698.0,698.0,0.69790435
699.0,699.0,0.61104107
700.0,700.0,0.5645973
701.0,701.0,0.52118033
702.0,702.0,0.5834345
703.0,703.0,0.6389265
704.0,704.0,0.5645708
705.0,705.0,0.6805348
706.0,706.0,0.53461695
707.0,707.0,0.35205594
708.0,708.0,0.6100768
709.0,709.0,0.61055154
710.0,710.0,0.8526319
711.0,711.0,0.66825604
712.0,712.0,0.6130075
713.0,713.0,0.50837713
714.0,714.0,0.67676216
715.0,715.0,0.5603153
716.0,716.0,0.48600844
717.0,717.0,0.58493555
718.0,718.0,0.6753461
719.0,719.0,0.8534238
720.0,720.0,0.6838313
721.0,721.0,0.49053052
722.0,722.0,0.44192737
723.0,723.0,0.54390323
724.0,724.0,0.5298462
725.0,725.0,0.6654158
726.0,726.0,0.61438686
727.0,727.0,0.61442065
728.0,728.0,0.581964
729.0,729.0,0.63169825
730.0,730.0,0.39002687
731.0,731.0,0.52577484
732.0,732.0,0.6430132
733.0,733.0,0.6810737
734.0,734.0,0.64310986
735.0,735.0,0.6296783
736.0,736.0,0.7211091
737.0,737.0,0.7197273
738.0,738.0,0.6122163
739.0,739.0,0.5813076
740.0,740.0,0.69798565
741.0,741.0,0.65972936
742.0,742.0,0.6581467
743.0,743.0,0.5681418
744.0,744.0,0.53667253
745.0,745.0,0.66003823
746.0,746.0,0.869185
747.0,747.0,0.6234433
748.0,748.0,0.5523912
749.0,749.0,0.36462897
750.0,750.0,0.5184398
751.0,751.0,0.6064535
752.0,752.0,0.5448792
753.0,753.0,0.5165291
754.0,754.0,0.68136793
755.0,755.0,0.65190876
756.0,756.0,0.5315388
757.0,757.0,0.68351716
758.0,758.0,0.71926636
759.0,759.0,0.5864433
760.0,760.0,0.6321736
761.0,761.0,0.6327039
762.0,762.0,0.32042825
763.0,763.0,0.5171085
764.0,764.0,0.6502374
765.0,765.0,0.3131421
766.0,766.0,0.68323827
767.0,767.0,0.71511084
768.0,768.0,0.51868856
769.0,769.0,0.64324147
770.0,770.0,0.68127906
771.0,771.0,0.58002514
772.0,772.0,0.6034346
773.0,773.0,0.6084154
774.0,774.0,0.5483781
775.0,775.0,0.6844512
776.0,776.0,0.6566495
777.0,777.0,0.3664948
778.0,778.0,0.6386246
779.0,779.0,0.37845796
780.0,780.0,0.5702051
781.0,781.0,0.6016415
782.0,782.0,0.5268841
783.0,783.0,0.6673095
784.0,784.0,0.69638604
785.0,785.0,0.698839
786.0,786.0,0.3608557
787.0,787.0,0.7090868
788.0,788.0,0.33195502
789.0,789.0,0.6414493
790.0,790.0,0.38815513
791.0,791.0,0.6008779
792.0,792.0,0.6419247
793.0,793.0,0.604383
794.0,794.0,0.59377646
795.0,795.0,0.6549853
796.0,796.0,0.6673095
797.0,797.0,0.64395
798.0,798.0,0.61518455
799.0,799.0,0.85581356
800.0,800.0,0.6744017
801.0,801.0,0.4841972
802.0,802.0,0.6462023
803.0,803.0,0.59842056
804.0,804.0,0.5559549
805.0,805.0,0.5420938
806.0,806.0,0.6022493
807.0,807.0,0.55490184
808.0,808.0,0.57637626
809.0,809.0,0.68412364
810.0,810.0,0.56877965
811.0,811.0,0.54075974
812.0,812.0,0.6252819
813.0,813.0,0.31298268
814.0,814.0,0.6604438
815.0,815.0,0.5864433
816.0,816.0,0.6786491
817.0,817.0,0.61959094
818.0,818.0,0.67574185
819.0,819.0,0.6969692
820.0,820.0,0.7027418
821.0,821.0,0.59505755
822.0,822.0,0.23858738
823.0,823.0,0.31498402
824.0,824.0,0.6363364
825.0,825.0,0.53095317
826.0,826.0,0.45908958
827.0,827.0,0.6922455
828.0,828.0,0.72478664
829.0,829.0,0.6545378
830.0,830.0,0.5148581
831.0,831.0,0.6795096
832.0,832.0,0.58659387
833.0,833.0,0.694161
834.0,834.0,0.58052176
835.0,835.0,0.685713
836.0,836.0,0.5583415
837.0,837.0,0.69951606
838.0,838.0,0.40977
839.0,839.0,0.6583066
840.0,840.0,0.72616285
841.0,841.0,0.6687292
842.0,842.0,0.2221273
843.0,843.0,0.49434838
844.0,844.0,0.69556564
845.0,845.0,0.5977484
846.0,846.0,0.59618986
847.0,847.0,0.5337368
848.0,848.0,0.52525616
849.0,849.0,0.67109394
850.0,850.0,0.31220672
851.0,851.0,0.9050381
852.0,852.0,0.5608434
853.0,853.0,0.6682616
854.0,854.0,0.66363674
855.0,855.0,0.5495148
856.0,856.0,0.70769316
857.0,857.0,0.6079614
858.0,858.0,0.63072115
859.0,859.0,0.8013096
860.0,860.0,0.5379954
861.0,861.0,0.2767767
862.0,862.0,0.7169593
863.0,863.0,0.65332717
864.0,864.0,0.36849108
865.0,865.0,0.43176976
866.0,866.0,0.5919312
867.0,867.0,0.7023029
868.0,868.0,0.56899726
869.0,869.0,0.57594657
870.0,870.0,0.63227
871.0,871.0,0.59025353
872.0,872.0,0.58435625
873.0,873.0,0.48375484
874.0,874.0,0.69483274
875.0,875.0,0.51223075
876.0,876.0,0.5779588
877.0,877.0,0.60381776
878.0,878.0,0.71047914
879.0,879.0,0.7062983
880.0,880.0,0.61269027
881.0,881.0,0.6452458
882.0,882.0,0.552823
883.0,883.0,0.59947896
884.0,884.0,0.3513337
885.0,885.0,0.6525297
886.0,886.0,0.29293007
887.0,887.0,0.6440605
888.0,888.0,0.5700716
889.0,889.0,0.5849385
890.0,890.0,0.49421906
891.0,891.0,0.6454863
892.0,892.0,0.7160354
893.0,893.0,0.6875932
894.0,894.0,0.6015384
895.0,895.0,0.7054961
896.0,896.0,0.68430185
897.0,897.0,0.66446865
898.0,898.0,0.6805348
899.0,899.0,0.7141857
900.0,900.0,0.6883415
901.0,901.0,0.55507827
902.0,902.0,0.60912746
903.0,903.0,0.9038395
904.0,904.0,0.5263472
905.0,905.0,0.6950975
906.0,906.0,0.55417854
907.0,907.0,0.67773896
908.0,908.0,0.2687403
909.0,909.0,0.52110577
910.0,910.0,0.68429494
911.0,911.0,0.5484917
912.0,912.0,0.59386486
913.0,913.0,0.557765
914.0,914.0,0.50730747
915.0,915.0,0.6377571
916.0,916.0,0.3616573
917.0,917.0,0.7275376
918.0,918.0,0.5876477
919.0,919.0,0.4153463
920.0,920.0,0.67109394
921.0,921.0,0.62858176
922.0,922.0,0.317104
923.0,923.0,0.55553025
924.0,924.0,0.6052346
925.0,925.0,0.696115
926.0,926.0,0.3324662
927.0,927.0,0.50822425
928.0,928.0,0.72386825
929.0,929.0,0.587801
930.0,930.0,0.6424
931.0,931.0,0.58404166
932.0,932.0,0.53520393
933.0,933.0,0.7049022
934.0,934.0,0.69790435
935.0,935.0,0.61055154
936.0,936.0,0.5656199
937.0,937.0,0.60750914
938.0,938.0,0.6706211
939.0,939.0,0.7234088
940.0,940.0,0.61350304
941.0,941.0,0.5420406
942.0,942.0,0.8955676
943.0,943.0,0.65570045
944.0,944.0,0.5642024
945.0,945.0,0.6715999
946.0,946.0,0.3948626
947.0,947.0,0.50945896
948.0,948.0,0.6039088
949.0,949.0,0.5103932
950.0,950.0,0.40560624
951.0,951.0,0.6486951
952.0,952.0,0.621583
953.0,953.0,0.6262485
954.0,954.0,0.3600554
955.0,955.0,0.5976572
956.0,956.0,0.5639481
957.0,957.0,0.26569593
958.0,958.0,0.528936
959.0,959.0,0.38043737
960.0,960.0,0.6379301
961.0,961.0,0.5854315
962.0,962.0,0.6885327
963.0,963.0,0.61530066
964.0,964.0,0.6086038
965.0,965.0,0.58007824
966.0,966.0,0.5853899
967.0,967.0,0.7144146
968.0,968.0,0.6538019
969.0,969.0,0.8502005
970.0,970.0,0.34675917
971.0,971.0,0.67676216
972.0,972.0,0.66352123
973.0,973.0,0.68336064
974.0,974.0,0.2659892
975.0,975.0,0.52773666
976.0,976.0,0.47482553
977.0,977.0,0.5400531
978.0,978.0,0.53632164
979.0,979.0,0.5716413
980.0,980.0,0.6917905
981.0,981.0,0.5761303
982.0,982.0,0.7224894
983.0,983.0,0.57735777
984.0,984.0,0.6762902
985.0,985.0,0.6871233
986.0,986.0,0.71117884
987.0,987.0,0.5989814
988.0,988.0,0.69024694
989.0,989.0,0.6295127
990.0,990.0,0.5420339
991.0,991.0,0.54710615
992.0,992.0,0.50664073
993.0,993.0,0.65822464
994.0,994.0,0.5561164
995.0,995.0,0.6611517
996.0,996.0,0.69556564
997.0,997.0,0.7220295
998.0,998.0,0.65759
999.0,999.0,0.35357445
1000.0,1000.0,0.64168376
1001.0,1001.0,0.5988274
1002.0,1002.0,0.5687175
1003.0,1003.0,0.7211091
1004.0,1004.0,0.58087814
1005.0,1005.0,0.71964765
1006.0,1006.0,0.5291979
1007.0,1007.0,0.5455013
1008.0,1008.0,0.6706211
1009.0,1009.0,0.54593056
1010.0,1010.0,0.5486051
1011.0,1011.0,0.5978382
1012.0,1012.0,0.65872604
1013.0,1013.0,0.68763506
1014.0,1014.0,0.66920227
1015.0,1015.0,0.5137477
1016.0,1016.0,0.6777058
1017.0,1017.0,0.7141857
1018.0,1018.0,0.58462393
1019.0,1019.0,0.34514278
1020.0,1020.0,0.38847938
1021.0,1021.0,0.64905304
1022.0,1022.0,0.57454944
1023.0,1023.0,0.35508645
1024.0,1024.0,0.4940996
1025.0,1025.0,0.7008761
1026.0,1026.0,0.58767855
1027.0,1027.0,0.57821727
1028.0,1028.0,0.5528168
1029.0,1029.0,0.52656883
1030.0,1030.0,0.43239397
1031.0,1031.0,0.68603265
1032.0,1032.0,0.6015384
1033.0,1033.0,0.68336064
1034.0,1034.0,0.6364536
1035.0,1035.0,0.50702083
1036.0,1036.0,0.5295449
1037.0,1037.0,0.7268082
1038.0,1038.0,0.6880216
1039.0,1039.0,0.27895406
1040.0,1040.0,0.6414493
1041.0,1041.0,0.66446865
1042.0,1042.0,0.6673095
1043.0,1043.0,0.50967276
1044.0,1044.0,0.63691074
1045.0,1045.0,0.54550934
1046.0,1046.0,0.5439314
1047.0,1047.0,0.24426846
1048.0,1048.0,0.6983717
1049.0,1049.0,0.67718613
1050.0,1050.0,0.58115387
1051.0,1051.0,0.5050723
1052.0,1052.0,0.5175827
1053.0,1053.0,0.56596106
1054.0,1054.0,0.6861832
1055.0,1055.0,0.6273289
1056.0,1056.0,0.7067634
1057.0,1057.0,0.61788386
1058.0,1058.0,0.6067547
1059.0,1059.0,0.61197597
1060.0,1060.0,0.65925515
1061.0,1061.0,0.62813485
1062.0,1062.0,0.5243596
1063.0,1063.0,0.3212182
1064.0,1064.0,0.5495218
1065.0,1065.0,0.643128
1066.0,1066.0,0.6012649
1067.0,1067.0,0.3252035
1068.0,1068.0,0.58064616
1069.0,1069.0,0.67175776
1070.0,1070.0,0.59669584
1071.0,1071.0,0.5499468
1072.0,1072.0,0.6753461
1073.0,1073.0,0.90243953
1074.0,1074.0,0.54066646
1075.0,1075.0,0.6244688
1076.0,1076.0,0.6796528
1077.0,1077.0,0.89575744
1078.0,1078.0,0.617822
1079.0,1079.0,0.6583066
1080.0,1080.0,0.69369256
1081.0,1081.0,0.63717014
1082.0,1082.0,0.70955104
1083.0,1083.0,0.6366946
1084.0,1084.0,0.530233
1085.0,1085.0,0.7141857
1086.0,1086.0,0.64462703
1087.0,1087.0,0.6625736
1088.0,1088.0,0.57603484
1089.0,1089.0,0.62309
1090.0,1090.0,0.4792136
1091.0,1091.0,0.33590698
1092.0,1092.0,0.58098036
1093.0,1093.0,0.61265624
1094.0,1094.0,0.68798786
1095.0,1095.0,0.6874835
1096.0,1096.0,0.6450857
1097.0,1097.0,0.30888382
1098.0,1098.0,0.6036406
1099.0,1099.0,0.72616285
1100.0,1100.0,0.6996853
1101.0,1101.0,0.59106815
1102.0,1102.0,0.7321081
1103.0,1103.0,0.6687292
1104.0,1104.0,0.5052158
1105.0,1105.0,0.5367493
1106.0,1106.0,0.58215564
1107.0,1107.0,0.6663628
1108.0,1108.0,0.41874444
1109.0,1109.0,0.56278056
1110.0,1110.0,0.6604438
1111.0,1111.0,0.5220527
1112.0,1112.0,0.66136473
1113.0,1113.0,0.5670391
1114.0,1114.0,0.6481367
1115.0,1115.0,0.6954298
1116.0,1116.0,0.71047914
1117.0,1117.0,0.3472356
1118.0,1118.0,0.60553217
1119.0,1119.0,0.60023516
1120.0,1120.0,0.6668829
1121.0,1121.0,0.5865723
1122.0,1122.0,0.7065354
1123.0,1123.0,0.71788263
1124.0,1124.0,0.49713987
1125.0,1125.0,0.60535324
1126.0,1126.0,0.6863191
1127.0,1127.0,0.62426835
1128.0,1128.0,0.67251194
1129.0,1129.0,0.51646227
1130.0,1130.0,0.42058024
1131.0,1131.0,0.63883114
1132.0,1132.0,0.6615347
1133.0,1133.0,0.58113796
1134.0,1134.0,0.7243275
1135.0,1135.0,0.65182
1136.0,1136.0,0.6602035
1137.0,1137.0,0.66920227
1138.0,1138.0,0.61536384
1139.0,1139.0,0.5859774
1140.0,1140.0,0.5303326
1141.0,1141.0,0.66349417
1142.0,1142.0,0.66209966
1143.0,1143.0,0.67676216
1144.0,1144.0,0.5920701
1145.0,1145.0,0.5802708
1146.0,1146.0,0.6663628
1147.0,1147.0,0.6696753
1148.0,1148.0,0.67526346
1149.0,1149.0,0.38280636
1150.0,1150.0,0.529344
1151.0,1151.0,0.5822379
1152.0,1152.0,0.24932005
1153.0,1153.0,0.6286104
1154.0,1154.0,0.69985443
1155.0,1155.0,0.72279674
1156.0,1156.0,0.670421
1157.0,1157.0,0.70117354
1158.0,1158.0,0.5983232
1159.0,1159.0,0.6140201
1160.0,1160.0,0.71299887
1161.0,1161.0,0.529344
1162.0,1162.0,0.56124955
1163.0,1163.0,0.5648337
1164.0,1164.0,0.72064865
1165.0,1165.0,0.5783267
1166.0,1166.0,0.6870889
1167.0,1167.0,0.48259005
1168.0,1168.0,0.5936678
1169.0,1169.0,0.20856944
1170.0,1170.0,0.72524554
1171.0,1171.0,0.62682515
1172.0,1172.0,0.6459615
1173.0,1173.0,0.698839
1174.0,1174.0,0.59379184
1175.0,1175.0,0.640023
1176.0,1176.0,0.6997732
1177.0,1177.0,0.7211091
1178.0,1178.0,0.5286239
1179.0,1179.0,0.5586508
1180.0,1180.0,0.65972936
1181.0,1181.0,0.53667253
1182.0,1182.0,0.68100595
1183.0,1183.0,0.55192786
1184.0,1184.0,0.67489374
1185.0,1185.0,0.5649841
1186.0,1186.0,0.5418263
1187.0,1187.0,0.71834403
1188.0,1188.0,0.62452316
1189.0,1189.0,0.555291
1190.0,1190.0,0.6192259
1191.0,1191.0,0.6200525
1192.0,1192.0,0.693224
1193.0,1193.0,0.29314375
1194.0,1194.0,0.7002401
1195.0,1195.0,0.70769316
1196.0,1196.0,0.7220295
1197.0,1197.0,0.5544614
1198.0,1198.0,0.6230834
1199.0,1199.0,0.5831203
1200.0,1200.0,0.5596803
1201.0,1201.0,0.4312883
1202.0,1202.0,0.7164974
1203.0,1203.0,0.66399497
1204.0,1204.0,0.32060793
1205.0,1205.0,0.6370485
1206.0,1206.0,0.59743017
1207.0,1207.0,0.71047914
1208.0,1208.0,0.5948613
1209.0,1209.0,0.6028992
1210.0,1210.0,0.37636152
1211.0,1211.0,0.57593936
1212.0,1212.0,0.5736781
1213.0,1213.0,0.54892987
1214.0,1214.0,0.596008
1215.0,1215.0,0.51841927
1216.0,1216.0,0.5122376
1217.0,1217.0,0.6144673
1218.0,1218.0,0.8742383
1219.0,1219.0,0.6105797
1220.0,1220.0,0.6922866
1221.0,1221.0,0.58122575
1222.0,1222.0,0.6777058
1223.0,1223.0,0.33750075
1224.0,1224.0,0.6071112
1225.0,1225.0,0.6444333
1226.0,1226.0,0.5516103
1227.0,1227.0,0.6410274
1228.0,1228.0,0.53912205
1229.0,1229.0,0.5764487
1230.0,1230.0,0.71880525
1231.0,1231.0,0.6636707
1232.0,1232.0,0.64097387
1233.0,1233.0,0.5300641
1234.0,1234.0,0.59254295
1235.0,1235.0,0.68194807
1236.0,1236.0,0.5622524
1237.0,1237.0,0.6079521
1238.0,1238.0,0.6053649
1239.0,1239.0,0.587196
1240.0,1240.0,0.7229492
1241.0,1241.0,0.28556296
1242.0,1242.0,0.5227523
1243.0,1243.0,0.6677828
1244.0,1244.0,0.5383698
1245.0,1245.0,0.5179103
1246.0,1246.0,0.5267254
1247.0,1247.0,0.28784513
1248.0,1248.0,0.5364944
1249.0,1249.0,0.5885512
1250.0,1250.0,0.55069894
1251.0,1251.0,0.7186323
1252.0,1252.0,0.72386825
1253.0,1253.0,0.5935087
1254.0,1254.0,0.6919533
1255.0,1255.0,0.6210787
1256.0,1256.0,0.59507847
1257.0,1257.0,0.65902126
1258.0,1258.0,0.5985316
1259.0,1259.0,0.5407686
1260.0,1260.0,0.6677828
1261.0,1261.0,0.63941675
1262.0,1262.0,0.67479235
1263.0,1263.0,0.8500784
1264.0,1264.0,0.5510286
1265.0,1265.0,0.6739294
1266.0,1266.0,0.53313917
1267.0,1267.0,0.589116
1268.0,1268.0,0.7211091
1269.0,1269.0,0.69828373
1270.0,1270.0,0.7002401
1271.0,1271.0,0.6633069
1272.0,1272.0,0.66446865
1273.0,1273.0,0.6805348
1274.0,1274.0,0.5246518
1275.0,1275.0,0.698839
1276.0,1276.0,0.6838313
1277.0,1277.0,0.52744466
1278.0,1278.0,0.7141857
1279.0,1279.0,0.6107157
1280.0,1280.0,0.6243303
1281.0,1281.0,0.6423796
1282.0,1282.0,0.70722836
1283.0,1283.0,0.61923224
1284.0,1284.0,0.70722836
1285.0,1285.0,0.5318317
1286.0,1286.0,0.6904105
1287.0,1287.0,0.5947339
1288.0,1288.0,0.6177879
1289.0,1289.0,0.4996326
1290.0,1290.0,0.36270818
1291.0,1291.0,0.51272774
1292.0,1292.0,0.59572995
1293.0,1293.0,0.5994564
1294.0,1294.0,0.552491
1295.0,1295.0,0.5762578
1296.0,1296.0,0.5864433
1297.0,1297.0,0.5953049
1298.0,1298.0,0.6719834
1299.0,1299.0,0.5506191
1300.0,1300.0,0.5744863
1301.0,1301.0,0.65018964
1302.0,1302.0,0.71279687
1303.0,1303.0,0.5874406
1304.0,1304.0,0.26234448
1305.0,1305.0,0.57954884
1306.0,1306.0,0.5098925
1307.0,1307.0,0.65925515
1308.0,1308.0,0.6835518
1309.0,1309.0,0.6979186
1310.0,1310.0,0.38120475
1311.0,1311.0,0.6965149
1312.0,1312.0,0.58166236
1313.0,1313.0,0.59588283
1314.0,1314.0,0.46454757
1315.0,1315.0,0.6960336
1316.0,1316.0,0.87933666
1317.0,1317.0,0.347234
1318.0,1318.0,0.5983567
1319.0,1319.0,0.6908797
1320.0,1320.0,0.57480025
1321.0,1321.0,0.6658893
1322.0,1322.0,0.3704334
1323.0,1323.0,0.7044366
1324.0,1324.0,0.50808936
1325.0,1325.0,0.57567483
1326.0,1326.0,0.65545994
1327.0,1327.0,0.6677828
1328.0,1328.0,0.67233294
1329.0,1329.0,0.5837607
1330.0,1330.0,0.6625736
1331.0,1331.0,0.68571943
1332.0,1332.0,0.64525187
1333.0,1333.0,0.54794014
1334.0,1334.0,0.4001889
1335.0,1335.0,0.5919865
1336.0,1336.0,0.55358505
1337.0,1337.0,0.68828833
1338.0,1338.0,0.2960137
1339.0,1339.0,0.7135199
1340.0,1340.0,0.60627913
1341.0,1341.0,0.6899884
1342.0,1342.0,0.59753287
1343.0,1343.0,0.5400164
1344.0,1344.0,0.68436956
1345.0,1345.0,0.5776447
1346.0,1346.0,0.6758182
1347.0,1347.0,0.6913488
1348.0,1348.0,0.64339876
1349.0,1349.0,0.6346953
1350.0,1350.0,0.6840978
1351.0,1351.0,0.5772823
1352.0,1352.0,0.61077124
1353.0,1353.0,0.7118702
1354.0,1354.0,0.5858056
1355.0,1355.0,0.65044284
1356.0,1356.0,0.61806315
1357.0,1357.0,0.6578139
1358.0,1358.0,0.5638936
1359.0,1359.0,0.65118724
1360.0,1360.0,0.68430185
1361.0,1361.0,0.6961556
1362.0,1362.0,0.62338006
1363.0,1363.0,0.6526118
1364.0,1364.0,0.6411169
1365.0,1365.0,0.44123843
1366.0,1366.0,0.5272986
1367.0,1367.0,0.53393906
1368.0,1368.0,0.5318317
1369.0,1369.0,0.7201881
1370.0,1370.0,0.7077345
1371.0,1371.0,0.5231877
1372.0,1372.0,0.68212515
1373.0,1373.0,0.70321494
1374.0,1374.0,0.52309966
1375.0,1375.0,0.5465156
1376.0,1376.0,0.5799158
1377.0,1377.0,0.67912066
1378.0,1378.0,0.5225866
1379.0,1379.0,0.5655456
1380.0,1380.0,0.59822625
1381.0,1381.0,0.5248105
1382.0,1382.0,0.6583066
1383.0,1383.0,0.53938913
1384.0,1384.0,0.6687292
1385.0,1385.0,0.66314954
1386.0,1386.0,0.69165426
1387.0,1387.0,0.607951
1388.0,1388.0,0.6185364
1389.0,1389.0,0.6656001
1390.0,1390.0,0.5959313
1391.0,1391.0,0.6899412
1392.0,1392.0,0.3635034
1393.0,1393.0,0.67487395
1394.0,1394.0,0.6922866
1395.0,1395.0,0.67109394
1396.0,1396.0,0.6687292
1397.0,1397.0,0.710943
1398.0,1398.0,0.5583937
1399.0,1399.0,0.71041894
1400.0,1400.0,0.60934025
1401.0,1401.0,0.6556603
1402.0,1402.0,0.6605535
1403.0,1403.0,0.7205691
1404.0,1404.0,0.3042371
1405.0,1405.0,0.5831338
1406.0,1406.0,0.86815107
1407.0,1407.0,0.7130391
1408.0,1408.0,0.5454019
1409.0,1409.0,0.57955223
1410.0,1410.0,0.6687292
1411.0,1411.0,0.44940752
1412.0,1412.0,0.68762004
1413.0,1413.0,0.672374
1414.0,1414.0,0.67203933
1415.0,1415.0,0.6904105
1416.0,1416.0,0.6452314
1417.0,1417.0,0.39433742
1418.0,1418.0,0.6832312
1419.0,1419.0,0.3657477
1420.0,1420.0,0.66209966
1421.0,1421.0,0.57420784
1422.0,1422.0,0.3621436
1423.0,1423.0,0.6866533
1424.0,1424.0,0.71140665
1425.0,1425.0,0.5652417
1426.0,1426.0,0.52715266
1427.0,1427.0,0.6029925
1428.0,1428.0,0.6599697
1429.0,1429.0,0.69397736
1430.0,1430.0,0.39048886
1431.0,1431.0,0.6706211
1432.0,1432.0,0.6383557
1433.0,1433.0,0.6401542
1434.0,1434.0,0.5927533
1435.0,1435.0,0.6602035
1436.0,1436.0,0.67320937
1437.0,1437.0,0.67109394
1438.0,1438.0,0.6018847
1439.0,1439.0,0.58945507
1440.0,1440.0,0.69181776
1441.0,1441.0,0.67156667
1442.0,1442.0,0.515925
1443.0,1443.0,0.7177896
1444.0,1444.0,0.7062983
1445.0,1445.0,0.86258703
1446.0,1446.0,0.71279687
1447.0,1447.0,0.71117884
1448.0,1448.0,0.6001168
1449.0,1449.0,0.6096207
1450.0,1450.0,0.57242984
1451.0,1451.0,0.4392726
1452.0,1452.0,0.5647127
1453.0,1453.0,0.6013795
1454.0,1454.0,0.59044135
1455.0,1455.0,0.60307616
1456.0,1456.0,0.5851218
1457.0,1457.0,0.52671474
1458.0,1458.0,0.5694459
1459.0,1459.0,0.69163394
1460.0,1460.0,0.59512645
1461.0,1461.0,0.6452458
1462.0,1462.0,0.50823283
1463.0,1463.0,0.46801063
1464.0,1464.0,0.6595775
1465.0,1465.0,0.6974368
1466.0,1466.0,0.59538144
1467.0,1467.0,0.64691186
1468.0,1468.0,0.57021385
1469.0,1469.0,0.6067547
1470.0,1470.0,0.693224
1471.0,1471.0,0.68194807
1472.0,1472.0,0.54827213
1473.0,1473.0,0.6545605
1474.0,1474.0,0.6494175
1475.0,1475.0,0.5359346
1476.0,1476.0,0.6050644
1477.0,1477.0,0.35876352
1478.0,1478.0,0.58102965
1479.0,1479.0,0.5268607
1480.0,1480.0,0.64120835
1481.0,1481.0,0.6944457
1482.0,1482.0,0.67109394
1483.0,1483.0,0.56946707
1484.0,1484.0,0.5787757
1485.0,1485.0,0.58975637
1486.0,1486.0,0.6839878
1487.0,1487.0,0.7062983
1488.0,1488.0,0.5524798
1489.0,1489.0,0.67951065
1490.0,1490.0,0.43682757
1491.0,1491.0,0.5264229
1492.0,1492.0,0.5807486
1493.0,1493.0,0.6204859
1494.0,1494.0,0.46844417
1495.0,1495.0,0.71356237
1496.0,1496.0,0.5958078
1497.0,1497.0,0.5297827
1498.0,1498.0,0.58193123
1499.0,1499.0,0.62439936
1500.0,1500.0,0.52642834
1501.0,1501.0,0.54561603
1502.0,1502.0,0.63146365
1503.0,1503.0,0.47279736
1504.0,1504.0,0.65602565
1505.0,1505.0,0.47271675
1506.0,1506.0,0.60583925
1507.0,1507.0,0.6108437
1508.0,1508.0,0.57286775
1509.0,1509.0,0.56453013
1510.0,1510.0,0.656409
1511.0,1511.0,0.71047914
1512.0,1512.0,0.6369896
1513.0,1513.0,0.6079295
1514.0,1514.0,0.6097998
1515.0,1515.0,0.5717565
1516.0,1516.0,0.49849072
1517.0,1517.0,0.5828879
1518.0,1518.0,0.57100105
1519.0,1519.0,0.34126702
1520.0,1520.0,0.5906605
1521.0,1521.0,0.52458346
1522.0,1522.0,0.579939
1523.0,1523.0,0.5340938
1524.0,1524.0,0.53953636
1525.0,1525.0,0.24747661
1526.0,1526.0,0.67109394
1527.0,1527.0,0.630797
1528.0,1528.0,0.58592886
1529.0,1529.0,0.49492985
1530.0,1530.0,0.6441087
1531.0,1531.0,0.69369256
1532.0,1532.0,0.7090868
1533.0,1533.0,0.6616257
1534.0,1534.0,0.54574573
1535.0,1535.0,0.5395486
1536.0,1536.0,0.51475096
1537.0,1537.0,0.7013295
1538.0,1538.0,0.6497624
1539.0,1539.0,0.60925615
1540.0,1540.0,0.6786491
1541.0,1541.0,0.6567812
1542.0,1542.0,0.70117354
1543.0,1543.0,0.7100152
1544.0,1544.0,0.68387234
1545.0,1545.0,0.71464837
1546.0,1546.0,0.6029605
1547.0,1547.0,0.35290617
1548.0,1548.0,0.26987323
1549.0,1549.0,0.6181869
1550.0,1550.0,0.6815102
1551.0,1551.0,0.381332
1552.0,1552.0,0.65383565
1553.0,1553.0,0.5565474
1554.0,1554.0,0.53240144
1555.0,1555.0,0.49931774
1556.0,1556.0,0.64067084
1557.0,1557.0,0.63786656
1558.0,1558.0,0.68147707
1559.0,1559.0,0.5650529
1560.0,1560.0,0.58403605
1561.0,1561.0,0.8104555
1562.0,1562.0,0.5891937
1563.0,1563.0,0.60207343
1564.0,1564.0,0.708037
1565.0,1565.0,0.58725643
1566.0,1566.0,0.600069
1567.0,1567.0,0.531092
1568.0,1568.0,0.5793762
1569.0,1569.0,0.6573579
1570.0,1570.0,0.68147707
1571.0,1571.0,0.3321176
1572.0,1572.0,0.55463207
1573.0,1573.0,0.49564108
1574.0,1574.0,0.37705073
1575.0,1575.0,0.5141805
1576.0,1576.0,0.69369256
1577.0,1577.0,0.5755646
1578.0,1578.0,0.6331886
1579.0,1579.0,0.710943
1580.0,1580.0,0.6528524
1581.0,1581.0,0.60311013
1582.0,1582.0,0.64310986
1583.0,1583.0,0.5763324
1584.0,1584.0,0.58700967
1585.0,1585.0,0.58610654
1586.0,1586.0,0.64120835
1587.0,1587.0,0.61236006
1588.0,1588.0,0.5455922
1589.0,1589.0,0.59425783
1590.0,1590.0,0.5601604
1591.0,1591.0,0.6440605
1592.0,1592.0,0.4711982
1593.0,1593.0,0.695179
1594.0,1594.0,0.67676216
1595.0,1595.0,0.68430185
1596.0,1596.0,0.5929189
1597.0,1597.0,0.6729845
1598.0,1598.0,0.608859
1599.0,1599.0,0.5861423
1600.0,1600.0,0.6549853
1601.0,1601.0,0.6604438
1602.0,1602.0,0.31553698
1603.0,1603.0,0.6116169
1604.0,1604.0,0.50650805
1605.0,1605.0,0.58158875
1606.0,1606.0,0.58452004
1607.0,1607.0,0.50328374
1608.0,1608.0,0.6959658
1609.0,1609.0,0.7037416
1610.0,1610.0,0.6791956
1611.0,1611.0,0.6200241
1612.0,1612.0,0.7100152
1613.0,1613.0,0.56303227
1614.0,1614.0,0.5678144
1615.0,1615.0,0.6303468
1616.0,1616.0,0.5441864
1617.0,1617.0,0.6971388
1618.0,1618.0,0.693224
1619.0,1619.0,0.58088547
1620.0,1620.0,0.68870926
1621.0,1621.0,0.6428002
1622.0,1622.0,0.5853899
1623.0,1623.0,0.7032554
1624.0,1624.0,0.6988674
1625.0,1625.0,0.59443504
1626.0,1626.0,0.5622462
1627.0,1627.0,0.6687292
1628.0,1628.0,0.58662665
1629.0,1629.0,0.70993495
1630.0,1630.0,0.6559162
1631.0,1631.0,0.53555936
1632.0,1632.0,0.52757454
1633.0,1633.0,0.56746185
1634.0,1634.0,0.65783226
1635.0,1635.0,0.5996267
1636.0,1636.0,0.6129257
1637.0,1637.0,0.5951879
1638.0,1638.0,0.67203933
1639.0,1639.0,0.2733552
1640.0,1640.0,0.34478456
1641.0,1641.0,0.51746935
1642.0,1642.0,0.6594955
1643.0,1643.0,0.7118702
1644.0,1644.0,0.685713
1645.0,1645.0,0.56634784
1646.0,1646.0,0.4286636
1647.0,1647.0,0.26013002
1648.0,1648.0,0.66321754
1649.0,1649.0,0.6838313
1650.0,1650.0,0.5986004
1651.0,1651.0,0.69854826
1652.0,1652.0,0.6946293
1653.0,1653.0,0.5702283
1654.0,1654.0,0.52857107
1655.0,1655.0,0.5980375
1656.0,1656.0,0.5519601
1657.0,1657.0,0.6691337
1658.0,1658.0,0.5129217
1659.0,1659.0,0.5343722
1660.0,1660.0,0.68900234
1661.0,1661.0,0.53831834
1662.0,1662.0,0.6723196
1663.0,1663.0,0.5792274
1664.0,1664.0,0.68102574
1665.0,1665.0,0.35845843
1666.0,1666.0,0.5453206
1667.0,1667.0,0.56192505
1668.0,1668.0,0.7058331
1669.0,1669.0,0.61985904
1670.0,1670.0,0.60261744
1671.0,1671.0,0.6594955
1672.0,1672.0,0.652137
1673.0,1673.0,0.67301774
1674.0,1674.0,0.36269897
1675.0,1675.0,0.36799222
1676.0,1676.0,0.6955994
1677.0,1677.0,0.28883398
1678.0,1678.0,0.52540195
1679.0,1679.0,0.63969994
1680.0,1680.0,0.56966966
1681.0,1681.0,0.6069708
1682.0,1682.0,0.35259348
1683.0,1683.0,0.66582614
1684.0,1684.0,0.28623438
1685.0,1685.0,0.6502856
1686.0,1686.0,0.6819003
1687.0,1687.0,0.7053677
1688.0,1688.0,0.6589252
1689.0,1689.0,0.5213775
1690.0,1690.0,0.5129217
1691.0,1691.0,0.70815784
1692.0,1692.0,0.69556564
1693.0,1693.0,0.64887893
1694.0,1694.0,0.5395024
1695.0,1695.0,0.55920726
1696.0,1696.0,0.6947444
1697.0,1697.0,0.51169103
1698.0,1698.0,0.6532178
1699.0,1699.0,0.59422386
1700.0,1700.0,0.62220794
1701.0,1701.0,0.5186699
1702.0,1702.0,0.63691074
1703.0,1703.0,0.5291979
1704.0,1704.0,0.6680902
1705.0,1705.0,0.64205533
1706.0,1706.0,0.59005773
1707.0,1707.0,0.6757427
1708.0,1708.0,0.2982821
1709.0,1709.0,0.71788263
1710.0,1710.0,0.36208925
1711.0,1711.0,0.58326066
1712.0,1712.0,0.70257276
1713.0,1713.0,0.6077037
1714.0,1714.0,0.5648075
1715.0,1715.0,0.64525187
1716.0,1716.0,0.6632875
1717.0,1717.0,0.67677486
1718.0,1718.0,0.55746585
1719.0,1719.0,0.527343
1720.0,1720.0,0.6086201
1721.0,1721.0,0.54721326
1722.0,1722.0,0.6838313
1723.0,1723.0,0.5828585
1724.0,1724.0,0.662572
1725.0,1725.0,0.53350717
1726.0,1726.0,0.6927554
1727.0,1727.0,0.54687077
1728.0,1728.0,0.6831281
1729.0,1729.0,0.6983717
1730.0,1730.0,0.710943
1731.0,1731.0,0.6045767
1732.0,1732.0,0.7025527
1733.0,1733.0,0.5861732
1734.0,1734.0,0.5616878
1735.0,1735.0,0.26306024
1736.0,1736.0,0.5897408
1737.0,1737.0,0.5003469
1738.0,1738.0,0.31862092
1739.0,1739.0,0.6366946
1740.0,1740.0,0.6969692
1741.0,1741.0,0.40582582
1742.0,1742.0,0.69751114
1743.0,1743.0,0.59056085
1744.0,1744.0,0.54410607
1745.0,1745.0,0.63692915
1746.0,1746.0,0.71140665
1747.0,1747.0,0.7118975
1748.0,1748.0,0.62385553
1749.0,1749.0,0.5892829
1750.0,1750.0,0.6630253
1751.0,1751.0,0.64691186
1752.0,1752.0,0.8625268
1753.0,1753.0,0.6252819
1754.0,1754.0,0.67974174
1755.0,1755.0,0.5826335
1756.0,1756.0,0.70815784
1757.0,1757.0,0.39715704
1758.0,1758.0,0.59477806
1759.0,1759.0,0.5318317
1760.0,1760.0,0.51769656
1761.0,1761.0,0.61943716
1762.0,1762.0,0.6102481
1763.0,1763.0,0.7270795
1764.0,1764.0,0.647387
1765.0,1765.0,0.6440605
1766.0,1766.0,0.58400875
1767.0,1767.0,0.64691186
1768.0,1768.0,0.57999027
1769.0,1769.0,0.6039564
1770.0,1770.0,0.63283056
1771.0,1771.0,0.6534793
1772.0,1772.0,0.53548634
1773.0,1773.0,0.6713335
1774.0,1774.0,0.7197273
1775.0,1775.0,0.65329194
1776.0,1776.0,0.6385686
1777.0,1777.0,0.67519486
1778.0,1778.0,0.6992385
1779.0,1779.0,0.3092203
1780.0,1780.0,0.60966325
1781.0,1781.0,0.6137378
1782.0,1782.0,0.70722836
1783.0,1783.0,0.5810283
1784.0,1784.0,0.67156667
1785.0,1785.0,0.7000579
1786.0,1786.0,0.64698076
1787.0,1787.0,0.6030627
1788.0,1788.0,0.6687008
1789.0,1789.0,0.6340618
1790.0,1790.0,0.50066173
1791.0,1791.0,0.54026467
1792.0,1792.0,0.6115011
1793.0,1793.0,0.7058331
1794.0,1794.0,0.57171386
1795.0,1795.0,0.5932664
1796.0,1796.0,0.69790435
1797.0,1797.0,0.58569086
1798.0,1798.0,0.69930613
1799.0,1799.0,0.6023543
1800.0,1800.0,0.3913365
1801.0,1801.0,0.51615024
1802.0,1802.0,0.52857715
1803.0,1803.0,0.52285784
1804.0,1804.0,0.7197273
1805.0,1805.0,0.6758182
1806.0,1806.0,0.5993885
1807.0,1807.0,0.7128451
1808.0,1808.0,0.5521762
1809.0,1809.0,0.4810852
1810.0,1810.0,0.6828899
1811.0,1811.0,0.8431556
1812.0,1812.0,0.53815234
1813.0,1813.0,0.64501107
1814.0,1814.0,0.6167253
1815.0,1815.0,0.70815784
1816.0,1816.0,0.66352123
1817.0,1817.0,0.69029474
1818.0,1818.0,0.6067129
1819.0,1819.0,0.70874435
1820.0,1820.0,0.650953
1821.0,1821.0,0.6512981
1822.0,1822.0,0.70411336
1823.0,1823.0,0.5811184
1824.0,1824.0,0.7321081
1825.0,1825.0,0.71263045
1826.0,1826.0,0.5962411
1827.0,1827.0,0.61059296
1828.0,1828.0,0.67849135
1829.0,1829.0,0.5550978
1830.0,1830.0,0.62156236
1831.0,1831.0,0.66494226
1832.0,1832.0,0.51334155
1833.0,1833.0,0.7049022
1834.0,1834.0,0.68217933
1835.0,1835.0,0.84322155
1836.0,1836.0,0.6535732
1837.0,1837.0,0.660032
1838.0,1838.0,0.564333
1839.0,1839.0,0.41541582
1840.0,1840.0,0.8481323
1841.0,1841.0,0.69980067
1842.0,1842.0,0.62785876
1843.0,1843.0,0.5578999
1844.0,1844.0,0.571684
1845.0,1845.0,0.67203933
1846.0,1846.0,0.6762902
1847.0,1847.0,0.5393413
1848.0,1848.0,0.7021065
1849.0,1849.0,0.6058059
1850.0,1850.0,0.5744863
1851.0,1851.0,0.64827526
1852.0,1852.0,0.502567
1853.0,1853.0,0.57904047
1854.0,1854.0,0.65964746
1855.0,1855.0,0.604383
1856.0,1856.0,0.6223254
1857.0,1857.0,0.5615115
1858.0,1858.0,0.56404704
1859.0,1859.0,0.6974368
1860.0,1860.0,0.5848821
1861.0,1861.0,0.6691475
1862.0,1862.0,0.51154673
1863.0,1863.0,0.69951606
1864.0,1864.0,0.50952876
1865.0,1865.0,0.5920204
1866.0,1866.0,0.64605767
1867.0,1867.0,0.5709549
1868.0,1868.0,0.6147075
1869.0,1869.0,0.6943715
1870.0,1870.0,0.7134016
1871.0,1871.0,0.3348647
1872.0,1872.0,0.6190735
1873.0,1873.0,0.59265316
1874.0,1874.0,0.5302303
1875.0,1875.0,0.67631006
1876.0,1876.0,0.6853379
1877.0,1877.0,0.6602035
1878.0,1878.0,0.64881235
1879.0,1879.0,0.613641
1880.0,1880.0,0.6927554
1881.0,1881.0,0.56033665
1882.0,1882.0,0.28789872
1883.0,1883.0,0.5977484
1884.0,1884.0,0.6193631
1885.0,1885.0,0.6078357
1886.0,1886.0,0.58674437
1887.0,1887.0,0.55565774
1888.0,1888.0,0.6800635
1889.0,1889.0,0.28319108
1890.0,1890.0,0.508521
1891.0,1891.0,0.6850388
1892.0,1892.0,0.39952797
1893.0,1893.0,0.5873845
1894.0,1894.0,0.6604438
1895.0,1895.0,0.53280807
1896.0,1896.0,0.6498796
1897.0,1897.0,0.65545994
1898.0,1898.0,0.6070011
1899.0,1899.0,0.5660697
1900.0,1900.0,0.685713
1901.0,1901.0,0.71639824
1902.0,1902.0,0.53007525
1903.0,1903.0,0.58291453
1904.0,1904.0,0.5912634
1905.0,1905.0,0.69049835
1906.0,1906.0,0.68703395
1907.0,1907.0,0.55267465
1908.0,1908.0,0.52238774
1909.0,1909.0,0.59310555
1910.0,1910.0,0.6673095
1911.0,1911.0,0.6002113
1912.0,1912.0,0.69032836
1913.0,1913.0,0.64073294
1914.0,1914.0,0.5605163
1915.0,1915.0,0.6983717
1916.0,1916.0,0.32372835
1917.0,1917.0,0.5185317
1918.0,1918.0,0.7058331
1919.0,1919.0,0.55204695
1920.0,1920.0,0.25239673
1921.0,1921.0,0.6413398
1922.0,1922.0,0.68329155
1923.0,1923.0,0.59262025
1924.0,1924.0,0.58659387
1925.0,1925.0,0.3505462
1926.0,1926.0,0.7090868
1927.0,1927.0,0.61690235
1928.0,1928.0,0.5545765
1929.0,1929.0,0.59936076
1930.0,1930.0,0.6503411
1931.0,1931.0,0.5474553
1932.0,1932.0,0.5714464
1933.0,1933.0,0.5920172
1934.0,1934.0,0.6522282
1935.0,1935.0,0.31437382
1936.0,1936.0,0.6597847
1937.0,1937.0,0.53375167
1938.0,1938.0,0.59869564
1939.0,1939.0,0.6710932
1940.0,1940.0,0.68900234
1941.0,1941.0,0.72156936
1942.0,1942.0,0.6573579
1943.0,1943.0,0.5382455
1944.0,1944.0,0.53139234
1945.0,1945.0,0.682419
1946.0,1946.0,0.29669818
1947.0,1947.0,0.7028298
1948.0,1948.0,0.61045414
1949.0,1949.0,0.38441247
1950.0,1950.0,0.583944
1951.0,1951.0,0.5016337
1952.0,1952.0,0.6687292
1953.0,1953.0,0.58911777
1954.0,1954.0,0.688322
1955.0,1955.0,0.65925515
1956.0,1956.0,0.5473074
1957.0,1957.0,0.54946834
1958.0,1958.0,0.6058059
1959.0,1959.0,0.58508897
1960.0,1960.0,0.6464367
1961.0,1961.0,0.73294127
1962.0,1962.0,0.5322711
1963.0,1963.0,0.54326946
1964.0,1964.0,0.694161
1965.0,1965.0,0.69246286
1966.0,1966.0,0.5661358
1967.0,1967.0,0.56276846
1968.0,1968.0,0.69602674
1969.0,1969.0,0.43453327
1970.0,1970.0,0.6874294
1971.0,1971.0,0.6299217
1972.0,1972.0,0.6753454
1973.0,1973.0,0.6010645
1974.0,1974.0,0.6727574
1975.0,1975.0,0.5397829
1976.0,1976.0,0.48614946
1977.0,1977.0,0.61693436
1978.0,1978.0,0.65570045
1979.0,1979.0,0.68900234
1980.0,1980.0,0.5981731
1981.0,1981.0,0.51958245
1982.0,1982.0,0.5487203
1983.0,1983.0,0.61002064
1984.0,1984.0,0.55514526
1985.0,1985.0,0.529929
1986.0,1986.0,0.6852427
1987.0,1987.0,0.6483303
1988.0,1988.0,0.5412743
