x,y,species median
1.0,1.0,0.56657153
2.0,2.0,0.63497674
3.0,3.0,0.69030315
4.0,4.0,0.6890297
5.0,5.0,0.51074386
6.0,6.0,0.5094033
7.0,7.0,0.57970095
8.0,8.0,0.6502182
9.0,9.0,0.5094393
10.0,10.0,0.5137598
11.0,11.0,0.67216784
12.0,12.0,0.5313389
13.0,13.0,0.5087019
14.0,14.0,0.5748746
15.0,15.0,0.51292497
16.0,16.0,0.7642306
17.0,17.0,0.59744436
18.0,18.0,0.5380269
19.0,19.0,0.6318897
20.0,20.0,0.5367665
21.0,21.0,0.68414956
22.0,22.0,0.6907769
23.0,23.0,0.60357684
24.0,24.0,0.64888835
25.0,25.0,0.5779709
26.0,26.0,0.5226566
27.0,27.0,0.51451665
28.0,28.0,0.6357455
29.0,29.0,0.5148769
30.0,30.0,0.68752813
31.0,31.0,0.51770914
32.0,32.0,0.5075535
33.0,33.0,0.5429181
34.0,34.0,0.69660825
35.0,35.0,0.7167762
36.0,36.0,0.8266418
37.0,37.0,0.66298735
38.0,38.0,0.7183466
39.0,39.0,0.52504736
40.0,40.0,0.5319043
41.0,41.0,0.68663365
42.0,42.0,0.5186766
43.0,43.0,0.68991786
44.0,44.0,0.69906306
45.0,45.0,0.52804035
46.0,46.0,0.6766008
47.0,47.0,0.58186805
48.0,48.0,0.6645493
49.0,49.0,0.66729313
50.0,50.0,0.51883835
51.0,51.0,0.6610721
52.0,52.0,0.6773792
53.0,53.0,0.5195193
54.0,54.0,0.5121787
55.0,55.0,0.5112785
56.0,56.0,0.6054623
57.0,57.0,0.5180226
58.0,58.0,0.69855314
59.0,59.0,0.5304476
60.0,60.0,0.5300215
61.0,61.0,0.5234872
62.0,62.0,0.64359176
63.0,63.0,0.67333186
64.0,64.0,0.5580608
65.0,65.0,0.5994471
66.0,66.0,0.51576734
67.0,67.0,0.5958576
68.0,68.0,0.68401915
69.0,69.0,0.7144907
70.0,70.0,0.5152673
71.0,71.0,0.57091165
72.0,72.0,0.5143442
73.0,73.0,0.5122617
74.0,74.0,0.59672105
75.0,75.0,0.53327364
76.0,76.0,0.6947181
77.0,77.0,0.5240435
78.0,78.0,0.5426985
79.0,79.0,0.60357726
80.0,80.0,0.5128673
81.0,81.0,0.5124239
82.0,82.0,0.5094591
83.0,83.0,0.521259
84.0,84.0,0.52127546
85.0,85.0,0.5408948
86.0,86.0,0.66094595
87.0,87.0,0.58907336
88.0,88.0,0.62178445
89.0,89.0,0.6956913
90.0,90.0,0.51608694
91.0,91.0,0.68408084
92.0,92.0,0.6652639
93.0,93.0,0.650281
94.0,94.0,0.633872
95.0,95.0,0.6999638
96.0,96.0,0.50588536
97.0,97.0,0.65360725
98.0,98.0,0.6431471
99.0,99.0,0.5849371
100.0,100.0,0.52742195
101.0,101.0,0.5303848
102.0,102.0,0.7007855
103.0,103.0,0.6369117
104.0,104.0,0.52638316
105.0,105.0,0.6699687
106.0,106.0,0.57881373
107.0,107.0,0.6941525
108.0,108.0,0.6265237
109.0,109.0,0.594263
110.0,110.0,0.8514352
111.0,111.0,0.52199626
112.0,112.0,0.5384043
113.0,113.0,0.5175582
114.0,114.0,0.72225666
115.0,115.0,0.7955329
116.0,116.0,0.52716976
117.0,117.0,0.7682409
118.0,118.0,0.6775772
119.0,119.0,0.56433094
120.0,120.0,0.6997811
121.0,121.0,0.68358773
122.0,122.0,0.6376082
123.0,123.0,0.6719614
124.0,124.0,0.70260984
125.0,125.0,0.6737493
126.0,126.0,0.6411458
127.0,127.0,0.65478677
128.0,128.0,0.5839274
129.0,129.0,0.7076872
130.0,130.0,0.5143735
131.0,131.0,0.69412726
132.0,132.0,0.54246783
133.0,133.0,0.66328144
134.0,134.0,0.69067955
135.0,135.0,0.6583168
136.0,136.0,0.900836
137.0,137.0,0.5241296
138.0,138.0,0.6682231
139.0,139.0,0.62568533
140.0,140.0,0.58821577
141.0,141.0,0.51993984
142.0,142.0,0.68617547
143.0,143.0,0.7015888
144.0,144.0,0.5160527
145.0,145.0,0.6185503
146.0,146.0,0.64895743
147.0,147.0,0.6834847
148.0,148.0,0.65281314
149.0,149.0,0.7133372
150.0,150.0,0.6344854
151.0,151.0,0.64099956
152.0,152.0,0.51559675
153.0,153.0,0.6193046
154.0,154.0,0.5324201
155.0,155.0,0.52955216
156.0,156.0,0.5116802
157.0,157.0,0.50985295
158.0,158.0,0.58838415
159.0,159.0,0.691942
160.0,160.0,0.6322998
161.0,161.0,0.6177725
162.0,162.0,0.6067643
163.0,163.0,0.5329116
164.0,164.0,0.6286422
165.0,165.0,0.5175415
166.0,166.0,0.5485643
167.0,167.0,0.67351437
168.0,168.0,0.51732063
169.0,169.0,0.5577248
170.0,170.0,0.6808168
171.0,171.0,0.64362425
172.0,172.0,0.53220516
173.0,173.0,0.58811814
174.0,174.0,0.5305623
175.0,175.0,0.52645916
176.0,176.0,0.50762856
177.0,177.0,0.7509146
178.0,178.0,0.52398944
179.0,179.0,0.53575927
180.0,180.0,0.55649257
181.0,181.0,0.7196632
182.0,182.0,0.5422293
183.0,183.0,0.70240664
184.0,184.0,0.56810987
185.0,185.0,0.6502199
186.0,186.0,0.74196094
187.0,187.0,0.6658184
188.0,188.0,0.51480335
189.0,189.0,0.51441526
190.0,190.0,0.65068793
191.0,191.0,0.50513774
192.0,192.0,0.51430947
193.0,193.0,0.7092349
194.0,194.0,0.53268623
195.0,195.0,0.50759023
196.0,196.0,0.6731669
197.0,197.0,0.658208
198.0,198.0,0.577468
199.0,199.0,0.524154
200.0,200.0,0.6732806
201.0,201.0,0.594914
202.0,202.0,0.6922217
203.0,203.0,0.5275289
204.0,204.0,0.5228902
205.0,205.0,0.6039758
206.0,206.0,0.7752612
207.0,207.0,0.7423597
208.0,208.0,0.6841058
209.0,209.0,0.5283166
210.0,210.0,0.6470638
211.0,211.0,0.65984154
212.0,212.0,0.528983
213.0,213.0,0.5176705
214.0,214.0,0.577029
215.0,215.0,0.6570876
216.0,216.0,0.697103
217.0,217.0,0.530777
218.0,218.0,0.5164072
219.0,219.0,0.61861175
220.0,220.0,0.53257185
221.0,221.0,0.6158042
222.0,222.0,0.67379117
223.0,223.0,0.5698208
224.0,224.0,0.56221795
225.0,225.0,0.5148165
226.0,226.0,0.6658759
227.0,227.0,0.65955144
228.0,228.0,0.67255163
229.0,229.0,0.6725543
230.0,230.0,0.5890271
231.0,231.0,0.6014322
232.0,232.0,0.653989
233.0,233.0,0.5141296
234.0,234.0,0.5777485
235.0,235.0,0.53539324
236.0,236.0,0.7010966
237.0,237.0,0.53496647
238.0,238.0,0.5323921
239.0,239.0,0.69923556
240.0,240.0,0.7032083
241.0,241.0,0.5740761
242.0,242.0,0.5765105
243.0,243.0,0.61769265
244.0,244.0,0.5114456
245.0,245.0,0.5700147
246.0,246.0,0.57522994
247.0,247.0,0.580904
248.0,248.0,0.5891373
249.0,249.0,0.5448401
250.0,250.0,0.6643611
251.0,251.0,0.51799875
252.0,252.0,0.5287733
253.0,253.0,0.66634303
254.0,254.0,0.687879
255.0,255.0,0.6999347
256.0,256.0,0.71418774
257.0,257.0,0.5088453
258.0,258.0,0.6959409
259.0,259.0,0.53494424
260.0,260.0,0.53800744
261.0,261.0,0.6618965
262.0,262.0,0.7243866
263.0,263.0,0.6518232
264.0,264.0,0.519604
265.0,265.0,0.64733857
266.0,266.0,0.5291275
267.0,267.0,0.6624565
268.0,268.0,0.6677307
269.0,269.0,0.6507985
270.0,270.0,0.5162523
271.0,271.0,0.68320924
272.0,272.0,0.57403415
273.0,273.0,0.58714616
274.0,274.0,0.7422368
275.0,275.0,0.5130409
276.0,276.0,0.6838798
277.0,277.0,0.69215804
278.0,278.0,0.5227579
279.0,279.0,0.58713543
280.0,280.0,0.6898609
281.0,281.0,0.66225034
282.0,282.0,0.5250823
283.0,283.0,0.6800686
284.0,284.0,0.59057635
285.0,285.0,0.55635273
286.0,286.0,0.65348333
287.0,287.0,0.60265416
288.0,288.0,0.59424603
289.0,289.0,0.5143625
290.0,290.0,0.65458614
291.0,291.0,0.65873516
292.0,292.0,0.60985625
293.0,293.0,0.59081703
294.0,294.0,0.76449466
295.0,295.0,0.6169905
296.0,296.0,0.5413704
297.0,297.0,0.59731466
298.0,298.0,0.6672617
299.0,299.0,0.5275061
300.0,300.0,0.51415706
301.0,301.0,0.6112919
302.0,302.0,0.66662276
303.0,303.0,0.5999688
304.0,304.0,0.77961713
305.0,305.0,0.5148654
306.0,306.0,0.50466967
307.0,307.0,0.5262187
308.0,308.0,0.6455136
309.0,309.0,0.55540484
310.0,310.0,0.51375943
311.0,311.0,0.5195993
312.0,312.0,0.57618123
313.0,313.0,0.69318515
314.0,314.0,0.6217578
315.0,315.0,0.5939869
316.0,316.0,0.65978116
317.0,317.0,0.7086755
318.0,318.0,0.5956531
319.0,319.0,0.51733416
320.0,320.0,0.600724
321.0,321.0,0.5786454
322.0,322.0,0.69755554
323.0,323.0,0.5355577
324.0,324.0,0.7056076
325.0,325.0,0.5330861
326.0,326.0,0.51385623
327.0,327.0,0.7622863
328.0,328.0,0.51028407
329.0,329.0,0.67789394
330.0,330.0,0.6205303
331.0,331.0,0.50847906
332.0,332.0,0.5328364
333.0,333.0,0.6490632
334.0,334.0,0.61879474
335.0,335.0,0.51992816
336.0,336.0,0.5861897
337.0,337.0,0.5183089
338.0,338.0,0.53201425
339.0,339.0,0.57826114
340.0,340.0,0.5381233
341.0,341.0,0.7000346
342.0,342.0,0.6717028
343.0,343.0,0.6482517
344.0,344.0,0.67059916
345.0,345.0,0.5200205
346.0,346.0,0.7451883
347.0,347.0,0.5090274
348.0,348.0,0.5116252
349.0,349.0,0.7072785
350.0,350.0,0.5179256
351.0,351.0,0.5606559
352.0,352.0,0.50706583
353.0,353.0,0.58830154
354.0,354.0,0.64228296
355.0,355.0,0.53632194
356.0,356.0,0.5938027
357.0,357.0,0.6579603
358.0,358.0,0.5204283
359.0,359.0,0.659381
360.0,360.0,0.68324536
361.0,361.0,0.53833413
362.0,362.0,0.66306967
363.0,363.0,0.5617254
364.0,364.0,0.5312398
365.0,365.0,0.587384
366.0,366.0,0.6936387
367.0,367.0,0.50594556
368.0,368.0,0.56927025
369.0,369.0,0.5394908
370.0,370.0,0.5274078
371.0,371.0,0.68160117
372.0,372.0,0.5157706
373.0,373.0,0.5438854
374.0,374.0,0.5235975
375.0,375.0,0.5164353
376.0,376.0,0.74557215
377.0,377.0,0.6590877
378.0,378.0,0.5288492
379.0,379.0,0.6361543
380.0,380.0,0.6001775
381.0,381.0,0.5263025
382.0,382.0,0.5080126
383.0,383.0,0.5090288
384.0,384.0,0.6321413
385.0,385.0,0.57258236
386.0,386.0,0.72529167
387.0,387.0,0.519819
388.0,388.0,0.5959137
389.0,389.0,0.6946594
390.0,390.0,0.6066154
391.0,391.0,0.5099146
392.0,392.0,0.58085203
393.0,393.0,0.5480984
394.0,394.0,0.66004145
395.0,395.0,0.53123343
396.0,396.0,0.5198272
397.0,397.0,0.54478276
398.0,398.0,0.6498353
399.0,399.0,0.67048746
400.0,400.0,0.52082783
401.0,401.0,0.6975559
402.0,402.0,0.7320934
403.0,403.0,0.51646787
404.0,404.0,0.515546
405.0,405.0,0.69387543
406.0,406.0,0.70612407
407.0,407.0,0.66387737
408.0,408.0,0.56383204
409.0,409.0,0.6360668
410.0,410.0,0.5943215
411.0,411.0,0.7038735
412.0,412.0,0.5727837
413.0,413.0,0.6583146
414.0,414.0,0.7367839
415.0,415.0,0.7027234
416.0,416.0,0.6208799
417.0,417.0,0.5145219
418.0,418.0,0.5216802
419.0,419.0,0.688417
420.0,420.0,0.7012238
421.0,421.0,0.6184728
422.0,422.0,0.59778744
423.0,423.0,0.58681357
424.0,424.0,0.6408087
425.0,425.0,0.6743456
426.0,426.0,0.5936608
427.0,427.0,0.648547
428.0,428.0,0.67077494
429.0,429.0,0.51297253
430.0,430.0,0.6162264
431.0,431.0,0.55925864
432.0,432.0,0.51602095
433.0,433.0,0.52769077
434.0,434.0,0.6496054
435.0,435.0,0.5878178
436.0,436.0,0.5130234
437.0,437.0,0.6606738
438.0,438.0,0.5927564
439.0,439.0,0.67027944
440.0,440.0,0.5069231
441.0,441.0,0.51671475
442.0,442.0,0.6355796
443.0,443.0,0.6357104
444.0,444.0,0.6670384
445.0,445.0,0.64822704
446.0,446.0,0.5543052
447.0,447.0,0.6345535
448.0,448.0,0.5126016
449.0,449.0,0.58858067
450.0,450.0,0.9003001
451.0,451.0,0.6584428
452.0,452.0,0.7342369
453.0,453.0,0.58647734
454.0,454.0,0.5372058
455.0,455.0,0.59460694
456.0,456.0,0.65557504
457.0,457.0,0.6477142
458.0,458.0,0.5459605
459.0,459.0,0.5514894
460.0,460.0,0.6926384
461.0,461.0,0.6134391
462.0,462.0,0.771495
463.0,463.0,0.519398
464.0,464.0,0.5812039
465.0,465.0,0.50914264
466.0,466.0,0.5198322
467.0,467.0,0.53510785
468.0,468.0,0.57540023
469.0,469.0,0.65213937
470.0,470.0,0.5497372
471.0,471.0,0.61399966
472.0,472.0,0.5182734
473.0,473.0,0.5369076
474.0,474.0,0.7066014
475.0,475.0,0.6565634
476.0,476.0,0.65240675
477.0,477.0,0.55320853
478.0,478.0,0.5713556
479.0,479.0,0.68966573
480.0,480.0,0.5109865
481.0,481.0,0.5892729
482.0,482.0,0.5757765
483.0,483.0,0.52787215
484.0,484.0,0.58485925
485.0,485.0,0.5218911
486.0,486.0,0.70504403
487.0,487.0,0.5295208
488.0,488.0,0.59960014
489.0,489.0,0.65322274
490.0,490.0,0.525002
491.0,491.0,0.52250874
492.0,492.0,0.6878846
493.0,493.0,0.5895639
494.0,494.0,0.59679663
495.0,495.0,0.53836036
496.0,496.0,0.53367233
497.0,497.0,0.52317727
498.0,498.0,0.51109856
499.0,499.0,0.51941776
500.0,500.0,0.7127001
501.0,501.0,0.6296086
502.0,502.0,0.51245654
503.0,503.0,0.6343005
504.0,504.0,0.60611796
505.0,505.0,0.63971823
506.0,506.0,0.5741793
507.0,507.0,0.65084594
508.0,508.0,0.5050754
509.0,509.0,0.6355976
510.0,510.0,0.6382263
511.0,511.0,0.6594401
512.0,512.0,0.6797916
513.0,513.0,0.59779537
514.0,514.0,0.5107848
515.0,515.0,0.59359264
516.0,516.0,0.6543178
517.0,517.0,0.6609462
518.0,518.0,0.51317143
519.0,519.0,0.5062123
520.0,520.0,0.5235251
521.0,521.0,0.5240281
522.0,522.0,0.53577024
523.0,523.0,0.6541577
524.0,524.0,0.69491595
525.0,525.0,0.7399996
526.0,526.0,0.51374716
527.0,527.0,0.58808
528.0,528.0,0.64066404
529.0,529.0,0.5160735
530.0,530.0,0.7713673
531.0,531.0,0.57443154
532.0,532.0,0.614186
533.0,533.0,0.5929864
534.0,534.0,0.54431117
535.0,535.0,0.53379333
536.0,536.0,0.5887374
537.0,537.0,0.5303697
538.0,538.0,0.65784353
539.0,539.0,0.6504125
540.0,540.0,0.65789723
541.0,541.0,0.51390964
542.0,542.0,0.57216555
543.0,543.0,0.5156855
544.0,544.0,0.5836913
545.0,545.0,0.514127
546.0,546.0,0.6692229
547.0,547.0,0.68017834
548.0,548.0,0.59951174
549.0,549.0,0.6320649
550.0,550.0,0.631755
551.0,551.0,0.53879696
552.0,552.0,0.67720854
553.0,553.0,0.5216963
554.0,554.0,0.52919763
555.0,555.0,0.51675516
556.0,556.0,0.6267791
557.0,557.0,0.94521195
558.0,558.0,0.5494485
559.0,559.0,0.6049573
560.0,560.0,0.6591387
561.0,561.0,0.5103787
562.0,562.0,0.5198371
563.0,563.0,0.5645412
564.0,564.0,0.51847446
565.0,565.0,0.66195536
566.0,566.0,0.6141487
567.0,567.0,0.5085581
568.0,568.0,0.6642876
569.0,569.0,0.6619683
570.0,570.0,0.6576069
571.0,571.0,0.6529746
572.0,572.0,0.59824955
573.0,573.0,0.74997634
574.0,574.0,0.5272402
575.0,575.0,0.68442684
576.0,576.0,0.59353876
577.0,577.0,0.7033291
578.0,578.0,0.6991013
579.0,579.0,0.516815
580.0,580.0,0.5465189
581.0,581.0,0.52542305
582.0,582.0,0.68062043
583.0,583.0,0.5162834
584.0,584.0,0.67033565
585.0,585.0,0.5116603
586.0,586.0,0.5298332
587.0,587.0,0.6847683
588.0,588.0,0.5626917
589.0,589.0,0.6735007
590.0,590.0,0.6758802
591.0,591.0,0.522247
592.0,592.0,0.524638
593.0,593.0,0.5786427
594.0,594.0,0.540531
595.0,595.0,0.5305011
596.0,596.0,0.7092871
597.0,597.0,0.5208498
598.0,598.0,0.5667472
599.0,599.0,0.68162566
600.0,600.0,0.5132312
601.0,601.0,0.6540949
602.0,602.0,0.5101311
603.0,603.0,0.71657825
604.0,604.0,0.64803404
605.0,605.0,0.6561074
606.0,606.0,0.7029635
607.0,607.0,0.5134045
608.0,608.0,0.5637524
609.0,609.0,0.6258958
610.0,610.0,0.51973164
611.0,611.0,0.7333784
612.0,612.0,0.6931351
613.0,613.0,0.6221722
614.0,614.0,0.60979605
615.0,615.0,0.68206507
616.0,616.0,0.52891356
617.0,617.0,0.52712643
618.0,618.0,0.5200664
619.0,619.0,0.54935664
620.0,620.0,0.5945023
621.0,621.0,0.5437551
622.0,622.0,0.6829012
623.0,623.0,0.70219314
624.0,624.0,0.5111427
625.0,625.0,0.5380583
626.0,626.0,0.5188907
627.0,627.0,0.5378381
628.0,628.0,0.55306447
629.0,629.0,0.51470506
630.0,630.0,0.5860758
631.0,631.0,0.6673364
632.0,632.0,0.6665742
633.0,633.0,0.5147743
634.0,634.0,0.672003
635.0,635.0,0.5113628
636.0,636.0,0.5695116
637.0,637.0,0.53185326
638.0,638.0,0.5587847
639.0,639.0,0.791689
640.0,640.0,0.5311527
641.0,641.0,0.5788628
642.0,642.0,0.53483677
643.0,643.0,0.60169023
644.0,644.0,0.65159863
645.0,645.0,0.5895651
646.0,646.0,0.7444969
647.0,647.0,0.53712934
648.0,648.0,0.69536966
649.0,649.0,0.5180941
650.0,650.0,0.66135985
651.0,651.0,0.5302472
652.0,652.0,0.5883067
653.0,653.0,0.5084721
654.0,654.0,0.56817055
655.0,655.0,0.52815115
656.0,656.0,0.6448908
657.0,657.0,0.5104282
658.0,658.0,0.6739173
659.0,659.0,0.6512611
660.0,660.0,0.67830575
661.0,661.0,0.595385
662.0,662.0,0.62228584
663.0,663.0,0.63380456
664.0,664.0,0.69264615
665.0,665.0,0.5304133
666.0,666.0,0.67142475
667.0,667.0,0.5893168
668.0,668.0,0.6483272
669.0,669.0,0.6761621
670.0,670.0,0.649198
671.0,671.0,0.5274029
672.0,672.0,0.7029893
673.0,673.0,0.52391255
674.0,674.0,0.5297344
675.0,675.0,0.51847064
676.0,676.0,0.6816371
677.0,677.0,0.55953926
678.0,678.0,0.6715841
679.0,679.0,0.6015269
680.0,680.0,0.50739324
681.0,681.0,0.793099
682.0,682.0,0.68768287
683.0,683.0,0.5122273
684.0,684.0,0.693153
685.0,685.0,0.51375735
686.0,686.0,0.60637105
687.0,687.0,0.59852964
688.0,688.0,0.5212018
689.0,689.0,0.66482925
690.0,690.0,0.6606231
691.0,691.0,0.51835036
692.0,692.0,0.5339979
693.0,693.0,0.5370122
694.0,694.0,0.5726347
695.0,695.0,0.6935571
696.0,696.0,0.509076
697.0,697.0,0.58571917
698.0,698.0,0.52299935
699.0,699.0,0.6580876
700.0,700.0,0.69788593
701.0,701.0,0.52630204
702.0,702.0,0.5609259
703.0,703.0,0.5133804
704.0,704.0,0.65179944
705.0,705.0,0.5873357
706.0,706.0,0.5550231
707.0,707.0,0.9444271
708.0,708.0,0.6850259
709.0,709.0,0.69360644
710.0,710.0,0.7023126
711.0,711.0,0.6491366
712.0,712.0,0.51132077
713.0,713.0,0.6694112
714.0,714.0,0.51642233
715.0,715.0,0.63544834
716.0,716.0,0.66776186
717.0,717.0,0.59697425
718.0,718.0,0.6359921
719.0,719.0,0.52412355
720.0,720.0,0.6345484
721.0,721.0,0.6756613
722.0,722.0,0.72850966
723.0,723.0,0.516163
724.0,724.0,0.6774696
725.0,725.0,0.54386157
726.0,726.0,0.58450425
727.0,727.0,0.513647
728.0,728.0,0.6138385
729.0,729.0,0.55444926
730.0,730.0,0.6017759
731.0,731.0,0.52392584
732.0,732.0,0.5369926
733.0,733.0,0.654417
734.0,734.0,0.5182528
735.0,735.0,0.5943029
736.0,736.0,0.5694535
737.0,737.0,0.60081124
738.0,738.0,0.60941905
739.0,739.0,0.63242275
740.0,740.0,0.6057569
741.0,741.0,0.51565903
742.0,742.0,0.6392652
743.0,743.0,0.50954616
744.0,744.0,0.62346077
745.0,745.0,0.6451694
746.0,746.0,0.51253855
747.0,747.0,0.6953405
748.0,748.0,0.5106121
749.0,749.0,0.61616826
750.0,750.0,0.507447
751.0,751.0,0.5309491
752.0,752.0,0.51957065
753.0,753.0,0.69282293
754.0,754.0,0.678508
755.0,755.0,0.5928244
756.0,756.0,0.5892888
757.0,757.0,0.6972293
758.0,758.0,0.577475
759.0,759.0,0.63598007
760.0,760.0,0.6966552
761.0,761.0,0.58278453
762.0,762.0,0.6756573
763.0,763.0,0.63588816
764.0,764.0,0.72398955
765.0,765.0,0.6718572
766.0,766.0,0.52318233
767.0,767.0,0.50962895
768.0,768.0,0.66285735
769.0,769.0,0.6126696
770.0,770.0,0.52914625
771.0,771.0,0.5150151
772.0,772.0,0.6085393
773.0,773.0,0.55070275
774.0,774.0,0.68741256
775.0,775.0,0.718015
776.0,776.0,0.5159559
777.0,777.0,0.6058076
778.0,778.0,0.5914487
779.0,779.0,0.65722597
780.0,780.0,0.5087655
781.0,781.0,0.51386046
782.0,782.0,0.5045445
783.0,783.0,0.50439316
784.0,784.0,0.57317764
785.0,785.0,0.5154574
786.0,786.0,0.5188711
787.0,787.0,0.5277974
788.0,788.0,0.5223122
789.0,789.0,0.5905698
790.0,790.0,0.6450578
791.0,791.0,0.51144844
792.0,792.0,0.51608634
793.0,793.0,0.75055754
794.0,794.0,0.6227825
795.0,795.0,0.5310434
796.0,796.0,0.55066454
797.0,797.0,0.69092625
798.0,798.0,0.8051413
799.0,799.0,0.5141023
800.0,800.0,0.66177696
801.0,801.0,0.7341822
802.0,802.0,0.53993845
803.0,803.0,0.5337923
804.0,804.0,0.7645673
805.0,805.0,0.53285724
806.0,806.0,0.6268541
807.0,807.0,0.51963466
808.0,808.0,0.5183564
809.0,809.0,0.57552683
810.0,810.0,0.65419924
811.0,811.0,0.57277
812.0,812.0,0.6539429
813.0,813.0,0.6540689
814.0,814.0,0.5281987
815.0,815.0,0.58016855
816.0,816.0,0.64913285
817.0,817.0,0.61239076
818.0,818.0,0.5400124
819.0,819.0,0.68093526
820.0,820.0,0.5126041
821.0,821.0,0.61243385
822.0,822.0,0.52091664
823.0,823.0,0.58897704
824.0,824.0,0.5130069
825.0,825.0,0.710358
826.0,826.0,0.57532275
827.0,827.0,0.5670442
828.0,828.0,0.65157497
829.0,829.0,0.5158091
830.0,830.0,0.53023434
831.0,831.0,0.6006165
832.0,832.0,0.651286
833.0,833.0,0.5379185
834.0,834.0,0.522283
835.0,835.0,0.6611488
836.0,836.0,0.51495326
837.0,837.0,0.53068405
838.0,838.0,0.64656353
839.0,839.0,0.53355455
840.0,840.0,0.68402606
841.0,841.0,0.5138779
842.0,842.0,0.5144471
843.0,843.0,0.6619492
844.0,844.0,0.6555218
845.0,845.0,0.7124635
846.0,846.0,0.66816735
847.0,847.0,0.5119984
848.0,848.0,0.5084474
849.0,849.0,0.5090878
850.0,850.0,0.5480726
851.0,851.0,0.6330055
852.0,852.0,0.7694302
853.0,853.0,0.5094364
854.0,854.0,0.6415421
855.0,855.0,0.5747052
856.0,856.0,0.63044536
857.0,857.0,0.5998537
858.0,858.0,0.81802213
859.0,859.0,0.69364095
860.0,860.0,0.5254715
861.0,861.0,0.6044799
862.0,862.0,0.6699745
863.0,863.0,0.6433836
864.0,864.0,0.55159044
865.0,865.0,0.6724782
866.0,866.0,0.64626974
867.0,867.0,0.6525908
868.0,868.0,0.68413895
869.0,869.0,0.55922246
870.0,870.0,0.56630105
871.0,871.0,0.5487762
872.0,872.0,0.67206323
873.0,873.0,0.51377803
874.0,874.0,0.6989741
875.0,875.0,0.65511644
876.0,876.0,0.708178
877.0,877.0,0.5405748
878.0,878.0,0.63754153
879.0,879.0,0.6890617
880.0,880.0,0.5884622
881.0,881.0,0.5234893
882.0,882.0,0.6158871
883.0,883.0,0.698869
884.0,884.0,0.6859641
885.0,885.0,0.5723354
886.0,886.0,0.6855012
887.0,887.0,0.5822955
888.0,888.0,0.71740305
889.0,889.0,0.5712143
890.0,890.0,0.7339132
891.0,891.0,0.6817816
892.0,892.0,0.5438129
893.0,893.0,0.53307456
894.0,894.0,0.65609914
895.0,895.0,0.5056124
896.0,896.0,0.61433166
897.0,897.0,0.6609853
898.0,898.0,0.5975049
899.0,899.0,0.5135104
900.0,900.0,0.56996375
901.0,901.0,0.6858446
902.0,902.0,0.65599906
903.0,903.0,0.5239241
904.0,904.0,0.5881321
905.0,905.0,0.6911382
906.0,906.0,0.66620934
907.0,907.0,0.5310039
908.0,908.0,0.6150854
909.0,909.0,0.5060342
910.0,910.0,0.7450321
911.0,911.0,0.63187736
912.0,912.0,0.5407853
913.0,913.0,0.54488206
914.0,914.0,0.5692074
915.0,915.0,0.63367885
916.0,916.0,0.69163424
917.0,917.0,0.63299733
918.0,918.0,0.5110739
919.0,919.0,0.51409703
920.0,920.0,0.70480675
921.0,921.0,0.6038297
922.0,922.0,0.50566596
923.0,923.0,0.6849164
924.0,924.0,0.63496834
925.0,925.0,0.6948665
926.0,926.0,0.51493895
927.0,927.0,0.65310246
928.0,928.0,0.623657
929.0,929.0,0.53185934
930.0,930.0,0.6141187
931.0,931.0,0.5213483
932.0,932.0,0.5733746
933.0,933.0,0.57587403
934.0,934.0,0.5907776
935.0,935.0,0.5998132
936.0,936.0,0.63071245
937.0,937.0,0.5712301
938.0,938.0,0.5331114
939.0,939.0,0.51581675
940.0,940.0,0.5385478
941.0,941.0,0.6450495
942.0,942.0,0.7050448
943.0,943.0,0.9330361
944.0,944.0,0.6901356
945.0,945.0,0.6950464
946.0,946.0,0.50980675
947.0,947.0,0.6473097
948.0,948.0,0.56597763
949.0,949.0,0.5294962
950.0,950.0,0.6921053
951.0,951.0,0.58209985
952.0,952.0,0.53432834
953.0,953.0,0.5514099
954.0,954.0,0.54476845
955.0,955.0,0.54277396
956.0,956.0,0.55983794
957.0,957.0,0.586938
958.0,958.0,0.64302653
959.0,959.0,0.66755253
960.0,960.0,0.5693565
961.0,961.0,0.5440939
962.0,962.0,0.6945853
963.0,963.0,0.55806786
964.0,964.0,0.6296109
965.0,965.0,0.6457469
966.0,966.0,0.5214262
967.0,967.0,0.6503815
968.0,968.0,0.5148506
969.0,969.0,0.66961557
970.0,970.0,0.6588678
971.0,971.0,0.56963646
972.0,972.0,0.6927535
973.0,973.0,0.66636795
974.0,974.0,0.5314202
975.0,975.0,0.7145922
976.0,976.0,0.6429617
977.0,977.0,0.7028553
978.0,978.0,0.5678676
979.0,979.0,0.5980952
980.0,980.0,0.612138
981.0,981.0,0.5996129
982.0,982.0,0.6245973
983.0,983.0,0.7626261
984.0,984.0,0.5300198
985.0,985.0,0.5399183
986.0,986.0,0.5109165
987.0,987.0,0.52875316
988.0,988.0,0.69064826
989.0,989.0,0.53142124
990.0,990.0,0.5324438
991.0,991.0,0.6271419
992.0,992.0,0.5119179
993.0,993.0,0.51459485
994.0,994.0,0.693415
995.0,995.0,0.51700675
996.0,996.0,0.57097995
997.0,997.0,0.6577693
998.0,998.0,0.5067131
999.0,999.0,0.57479656
1000.0,1000.0,0.5957498
1001.0,1001.0,0.57879376
1002.0,1002.0,0.67285633
1003.0,1003.0,0.7358245
1004.0,1004.0,0.7738356
1005.0,1005.0,0.5262297
1006.0,1006.0,0.50883824
1007.0,1007.0,0.58720106
1008.0,1008.0,0.6776921
1009.0,1009.0,0.52122617
1010.0,1010.0,0.6594724
1011.0,1011.0,0.53736275
1012.0,1012.0,0.512727
1013.0,1013.0,0.6551279
1014.0,1014.0,0.55660415
1015.0,1015.0,0.54961556
1016.0,1016.0,0.69163597
1017.0,1017.0,0.63933104
1018.0,1018.0,0.6400747
1019.0,1019.0,0.5143153
1020.0,1020.0,0.5179312
1021.0,1021.0,0.5557794
1022.0,1022.0,0.637141
1023.0,1023.0,0.66486007
1024.0,1024.0,0.51550514
1025.0,1025.0,0.52091193
1026.0,1026.0,0.65876746
1027.0,1027.0,0.51327175
1028.0,1028.0,0.6265285
1029.0,1029.0,0.5103498
1030.0,1030.0,0.638843
1031.0,1031.0,0.7190843
1032.0,1032.0,0.7015068
1033.0,1033.0,0.5096588
1034.0,1034.0,0.68244636
1035.0,1035.0,0.68656987
1036.0,1036.0,0.52202064
1037.0,1037.0,0.5797255
1038.0,1038.0,0.5869149
1039.0,1039.0,0.67111295
1040.0,1040.0,0.6607424
1041.0,1041.0,0.58006805
1042.0,1042.0,0.5858659
1043.0,1043.0,0.5314324
1044.0,1044.0,0.7484144
1045.0,1045.0,0.64164585
1046.0,1046.0,0.5673923
1047.0,1047.0,0.6307344
1048.0,1048.0,0.504105
1049.0,1049.0,0.7044993
1050.0,1050.0,0.51403606
1051.0,1051.0,0.51458436
1052.0,1052.0,0.62098354
1053.0,1053.0,0.653931
1054.0,1054.0,0.62881213
1055.0,1055.0,0.568268
1056.0,1056.0,0.70378524
1057.0,1057.0,0.55673933
1058.0,1058.0,0.51234126
1059.0,1059.0,0.52047557
1060.0,1060.0,0.6576124
1061.0,1061.0,0.505576
1062.0,1062.0,0.6065965
1063.0,1063.0,0.6281671
1064.0,1064.0,0.6363226
1065.0,1065.0,0.5619868
1066.0,1066.0,0.6667609
1067.0,1067.0,0.5346377
1068.0,1068.0,0.658733
1069.0,1069.0,0.6700118
1070.0,1070.0,0.50539315
1071.0,1071.0,0.6945086
1072.0,1072.0,0.51405364
1073.0,1073.0,0.59376764
1074.0,1074.0,0.65331924
1075.0,1075.0,0.7393707
1076.0,1076.0,0.6515377
1077.0,1077.0,0.5803237
1078.0,1078.0,0.50946516
1079.0,1079.0,0.5282884
1080.0,1080.0,0.5164261
1081.0,1081.0,0.7558247
1082.0,1082.0,0.56834483
1083.0,1083.0,0.6849967
1084.0,1084.0,0.510758
1085.0,1085.0,0.71440697
1086.0,1086.0,0.5357104
1087.0,1087.0,0.5063801
1088.0,1088.0,0.6898489
1089.0,1089.0,0.6454106
1090.0,1090.0,0.5674752
1091.0,1091.0,0.5228884
1092.0,1092.0,0.7421006
1093.0,1093.0,0.69963217
1094.0,1094.0,0.5164966
1095.0,1095.0,0.6638374
1096.0,1096.0,0.5976611
1097.0,1097.0,0.54555047
1098.0,1098.0,0.52223545
1099.0,1099.0,0.5043617
1100.0,1100.0,0.5250017
1101.0,1101.0,0.6515545
1102.0,1102.0,0.656321
1103.0,1103.0,0.6385055
1104.0,1104.0,0.6188028
1105.0,1105.0,0.68463975
1106.0,1106.0,0.6952141
1107.0,1107.0,0.5076668
1108.0,1108.0,0.7681955
1109.0,1109.0,0.58754927
1110.0,1110.0,0.52300334
1111.0,1111.0,0.6870043
1112.0,1112.0,0.65993035
1113.0,1113.0,0.52511656
1114.0,1114.0,0.698057
1115.0,1115.0,0.6896874
1116.0,1116.0,0.64920104
1117.0,1117.0,0.66027176
1118.0,1118.0,0.80831987
1119.0,1119.0,0.63232285
1120.0,1120.0,0.71490836
1121.0,1121.0,0.68271637
1122.0,1122.0,0.6132777
1123.0,1123.0,0.58732677
1124.0,1124.0,0.65685517
1125.0,1125.0,0.5415963
1126.0,1126.0,0.8016325
1127.0,1127.0,0.53609186
1128.0,1128.0,0.6747591
1129.0,1129.0,0.53818685
1130.0,1130.0,0.6485667
1131.0,1131.0,0.5177431
1132.0,1132.0,0.52172357
1133.0,1133.0,0.5363915
1134.0,1134.0,0.5398996
1135.0,1135.0,0.6971513
1136.0,1136.0,0.62808377
1137.0,1137.0,0.6871557
1138.0,1138.0,0.6368911
1139.0,1139.0,0.5940961
1140.0,1140.0,0.51697004
1141.0,1141.0,0.5029051
1142.0,1142.0,0.6844946
1143.0,1143.0,0.68628335
1144.0,1144.0,0.66529226
1145.0,1145.0,0.5244593
1146.0,1146.0,0.8037882
1147.0,1147.0,0.66837263
1148.0,1148.0,0.52008253
1149.0,1149.0,0.52496207
1150.0,1150.0,0.6823597
1151.0,1151.0,0.5881079
1152.0,1152.0,0.512251
1153.0,1153.0,0.56070864
1154.0,1154.0,0.6877371
1155.0,1155.0,0.5259186
1156.0,1156.0,0.59360516
1157.0,1157.0,0.542969
1158.0,1158.0,0.69145626
1159.0,1159.0,0.58578193
1160.0,1160.0,0.64118266
1161.0,1161.0,0.5745296
1162.0,1162.0,0.5128887
1163.0,1163.0,0.5143442
1164.0,1164.0,0.6089295
1165.0,1165.0,0.50573677
1166.0,1166.0,0.5849097
1167.0,1167.0,0.526722
1168.0,1168.0,0.68447983
1169.0,1169.0,0.58070445
1170.0,1170.0,0.54672664
1171.0,1171.0,0.66022164
1172.0,1172.0,0.5580717
1173.0,1173.0,0.6770672
1174.0,1174.0,0.6509144
1175.0,1175.0,0.57412
1176.0,1176.0,0.6885491
1177.0,1177.0,0.57857746
1178.0,1178.0,0.76045245
1179.0,1179.0,0.5119654
1180.0,1180.0,0.5884236
1181.0,1181.0,0.7046443
1182.0,1182.0,0.63793314
1183.0,1183.0,0.67598575
1184.0,1184.0,0.5149913
1185.0,1185.0,0.8172643
1186.0,1186.0,0.70990103
1187.0,1187.0,0.51707035
1188.0,1188.0,0.5247915
1189.0,1189.0,0.57679
1190.0,1190.0,0.5405779
1191.0,1191.0,0.5189024
1192.0,1192.0,0.5423082
1193.0,1193.0,0.58034307
1194.0,1194.0,0.7048315
1195.0,1195.0,0.604619
1196.0,1196.0,0.6055671
1197.0,1197.0,0.5143221
1198.0,1198.0,0.588107
1199.0,1199.0,0.58722615
1200.0,1200.0,0.65325063
1201.0,1201.0,0.63976145
1202.0,1202.0,0.9620168
1203.0,1203.0,0.51168025
1204.0,1204.0,0.5463213
1205.0,1205.0,0.701464
1206.0,1206.0,0.6515231
1207.0,1207.0,0.6234239
1208.0,1208.0,0.5747598
1209.0,1209.0,0.5243584
1210.0,1210.0,0.6520154
1211.0,1211.0,0.634917
1212.0,1212.0,0.6728247
1213.0,1213.0,0.5585704
1214.0,1214.0,0.70555174
1215.0,1215.0,0.6156288
1216.0,1216.0,0.58970463
1217.0,1217.0,0.5386943
1218.0,1218.0,0.69274926
1219.0,1219.0,0.7487859
1220.0,1220.0,0.52701813
1221.0,1221.0,0.6429377
1222.0,1222.0,0.5855661
1223.0,1223.0,0.5091189
1224.0,1224.0,0.5462527
1225.0,1225.0,0.5381426
1226.0,1226.0,0.52034545
1227.0,1227.0,0.53817886
1228.0,1228.0,0.6714865
1229.0,1229.0,0.6683082
1230.0,1230.0,0.715478
1231.0,1231.0,0.67986697
1232.0,1232.0,0.6110426
1233.0,1233.0,0.5556195
1234.0,1234.0,0.6955955
1235.0,1235.0,0.5254072
1236.0,1236.0,0.614676
1237.0,1237.0,0.745796
1238.0,1238.0,0.63573223
1239.0,1239.0,0.712699
1240.0,1240.0,0.6453876
1241.0,1241.0,0.5166795
1242.0,1242.0,0.5158011
1243.0,1243.0,0.647361
1244.0,1244.0,0.6857852
1245.0,1245.0,0.5661496
1246.0,1246.0,0.65285105
1247.0,1247.0,0.772739
1248.0,1248.0,0.54015905
1249.0,1249.0,0.6038512
1250.0,1250.0,0.6733457
1251.0,1251.0,0.6980419
1252.0,1252.0,0.5256067
1253.0,1253.0,0.5407724
1254.0,1254.0,0.54512244
1255.0,1255.0,0.5221326
1256.0,1256.0,0.5090731
1257.0,1257.0,0.52888584
1258.0,1258.0,0.52696806
1259.0,1259.0,0.65273964
1260.0,1260.0,0.52254516
1261.0,1261.0,0.51451105
1262.0,1262.0,0.656578
1263.0,1263.0,0.6183452
1264.0,1264.0,0.67173016
1265.0,1265.0,0.5385494
1266.0,1266.0,0.65566033
1267.0,1267.0,0.5834884
1268.0,1268.0,0.52786297
1269.0,1269.0,0.61918086
1270.0,1270.0,0.67447823
1271.0,1271.0,0.62460655
1272.0,1272.0,0.57455784
1273.0,1273.0,0.6526402
1274.0,1274.0,0.5116037
1275.0,1275.0,0.5853196
1276.0,1276.0,0.5701146
1277.0,1277.0,0.69704175
1278.0,1278.0,0.7560877
1279.0,1279.0,0.5368825
1280.0,1280.0,0.60300815
1281.0,1281.0,0.5813173
1282.0,1282.0,0.5434893
1283.0,1283.0,0.6409161
1284.0,1284.0,0.704083
1285.0,1285.0,0.6327219
1286.0,1286.0,0.64104086
1287.0,1287.0,0.50608236
1288.0,1288.0,0.66707414
1289.0,1289.0,0.6936105
1290.0,1290.0,0.5125078
1291.0,1291.0,0.51393616
1292.0,1292.0,0.54428333
1293.0,1293.0,0.51569426
1294.0,1294.0,0.5042403
1295.0,1295.0,0.67379713
1296.0,1296.0,0.6646388
1297.0,1297.0,0.66852903
1298.0,1298.0,0.66122854
1299.0,1299.0,0.51461345
1300.0,1300.0,0.5297889
1301.0,1301.0,0.5189644
1302.0,1302.0,0.54424304
1303.0,1303.0,0.5269117
1304.0,1304.0,0.5141472
1305.0,1305.0,0.69642454
1306.0,1306.0,0.51821303
1307.0,1307.0,0.6646717
1308.0,1308.0,0.57925546
1309.0,1309.0,0.65099585
1310.0,1310.0,0.51118654
1311.0,1311.0,0.6972234
1312.0,1312.0,0.5875715
1313.0,1313.0,0.5986384
1314.0,1314.0,0.56559277
1315.0,1315.0,0.70617163
1316.0,1316.0,0.50887865
1317.0,1317.0,0.530241
1318.0,1318.0,0.6782665
1319.0,1319.0,0.6197407
1320.0,1320.0,0.6383765
1321.0,1321.0,0.51509637
1322.0,1322.0,0.50754356
1323.0,1323.0,0.5811552
1324.0,1324.0,0.50998163
1325.0,1325.0,0.6444287
1326.0,1326.0,0.6830102
1327.0,1327.0,0.634201
1328.0,1328.0,0.5345044
1329.0,1329.0,0.5608354
1330.0,1330.0,0.62263167
1331.0,1331.0,0.59397256
1332.0,1332.0,0.54261434
1333.0,1333.0,0.6515932
1334.0,1334.0,0.6845477
1335.0,1335.0,0.68606734
1336.0,1336.0,0.5759202
1337.0,1337.0,0.6785174
1338.0,1338.0,0.59929687
1339.0,1339.0,0.66595984
1340.0,1340.0,0.51618433
1341.0,1341.0,0.5322112
1342.0,1342.0,0.5358496
1343.0,1343.0,0.5144998
1344.0,1344.0,0.51814264
1345.0,1345.0,0.5140206
1346.0,1346.0,0.51478314
1347.0,1347.0,0.690441
1348.0,1348.0,0.7110912
1349.0,1349.0,0.5179903
1350.0,1350.0,0.71712935
1351.0,1351.0,0.5125429
1352.0,1352.0,0.5941708
1353.0,1353.0,0.6529371
1354.0,1354.0,0.64912236
1355.0,1355.0,0.6944968
1356.0,1356.0,0.54172343
1357.0,1357.0,0.52647287
1358.0,1358.0,0.52733576
1359.0,1359.0,0.5434033
1360.0,1360.0,0.6903839
1361.0,1361.0,0.6589514
1362.0,1362.0,0.5120636
1363.0,1363.0,0.6885134
1364.0,1364.0,0.6644579
1365.0,1365.0,0.69418037
1366.0,1366.0,0.5300362
1367.0,1367.0,0.7100286
1368.0,1368.0,0.5134463
1369.0,1369.0,0.5375697
1370.0,1370.0,0.5149214
1371.0,1371.0,0.6626993
1372.0,1372.0,0.7710953
1373.0,1373.0,0.52948
1374.0,1374.0,0.53530383
1375.0,1375.0,0.63469225
1376.0,1376.0,0.6829979
1377.0,1377.0,0.6678966
1378.0,1378.0,0.50813556
1379.0,1379.0,0.56439835
1380.0,1380.0,0.5425696
1381.0,1381.0,0.52005816
1382.0,1382.0,0.7008978
1383.0,1383.0,0.68678004
1384.0,1384.0,0.5178951
1385.0,1385.0,0.59370726
1386.0,1386.0,0.6879843
1387.0,1387.0,0.5279347
1388.0,1388.0,0.6774965
1389.0,1389.0,0.5164724
1390.0,1390.0,0.58690315
1391.0,1391.0,0.6767707
1392.0,1392.0,0.5381049
1393.0,1393.0,0.59422207
1394.0,1394.0,0.5244246
1395.0,1395.0,0.58567715
1396.0,1396.0,0.5825997
1397.0,1397.0,0.7044832
1398.0,1398.0,0.64750683
1399.0,1399.0,0.7099476
1400.0,1400.0,0.5720763
1401.0,1401.0,0.5246879
1402.0,1402.0,0.68951595
1403.0,1403.0,0.75734025
1404.0,1404.0,0.50985694
1405.0,1405.0,0.57800955
1406.0,1406.0,0.52727133
1407.0,1407.0,0.51968026
1408.0,1408.0,0.5077542
1409.0,1409.0,0.6650291
1410.0,1410.0,0.9506521
1411.0,1411.0,0.698788
1412.0,1412.0,0.6864273
1413.0,1413.0,0.6594224
1414.0,1414.0,0.5870044
1415.0,1415.0,0.6996572
1416.0,1416.0,0.5756104
1417.0,1417.0,0.51495355
1418.0,1418.0,0.5285688
1419.0,1419.0,0.72733194
1420.0,1420.0,0.5415993
1421.0,1421.0,0.51897746
1422.0,1422.0,0.60471004
1423.0,1423.0,0.5902413
1424.0,1424.0,0.70806634
1425.0,1425.0,0.6626123
1426.0,1426.0,0.7143675
1427.0,1427.0,0.5176098
1428.0,1428.0,0.5180092
1429.0,1429.0,0.642082
1430.0,1430.0,0.58991593
1431.0,1431.0,0.52819633
1432.0,1432.0,0.60348624
1433.0,1433.0,0.5998036
1434.0,1434.0,0.74131316
1435.0,1435.0,0.61871636
1436.0,1436.0,0.699205
1437.0,1437.0,0.52402633
1438.0,1438.0,0.69389397
1439.0,1439.0,0.5322044
1440.0,1440.0,0.51608133
1441.0,1441.0,0.6632478
1442.0,1442.0,0.65582293
1443.0,1443.0,0.66224927
1444.0,1444.0,0.6134544
1445.0,1445.0,0.6584787
1446.0,1446.0,0.6594501
1447.0,1447.0,0.73194736
1448.0,1448.0,0.5418474
1449.0,1449.0,0.51939094
1450.0,1450.0,0.6434851
1451.0,1451.0,0.5155452
1452.0,1452.0,0.5660591
1453.0,1453.0,0.5114895
1454.0,1454.0,0.52890867
1455.0,1455.0,0.58128417
1456.0,1456.0,0.5238762
1457.0,1457.0,0.5685978
1458.0,1458.0,0.6550373
1459.0,1459.0,0.57657874
1460.0,1460.0,0.59401864
1461.0,1461.0,0.5095421
1462.0,1462.0,0.52626705
1463.0,1463.0,0.5329077
1464.0,1464.0,0.5144107
1465.0,1465.0,0.53048223
1466.0,1466.0,0.53150177
1467.0,1467.0,0.56532764
1468.0,1468.0,0.63863254
1469.0,1469.0,0.5982418
1470.0,1470.0,0.67946756
1471.0,1471.0,0.6962713
1472.0,1472.0,0.5817068
1473.0,1473.0,0.5934327
1474.0,1474.0,0.56942326
1475.0,1475.0,0.6229037
1476.0,1476.0,0.5337561
1477.0,1477.0,0.51386815
1478.0,1478.0,0.7675222
1479.0,1479.0,0.59968424
1480.0,1480.0,0.5842268
1481.0,1481.0,0.6371795
1482.0,1482.0,0.6611444
1483.0,1483.0,0.774532
1484.0,1484.0,0.5035096
1485.0,1485.0,0.57526654
1486.0,1486.0,0.50693023
1487.0,1487.0,0.5198458
1488.0,1488.0,0.68138415
1489.0,1489.0,0.65467405
1490.0,1490.0,0.63377213
1491.0,1491.0,0.6790431
1492.0,1492.0,0.59156865
1493.0,1493.0,0.5338686
1494.0,1494.0,0.65791017
1495.0,1495.0,0.67677003
1496.0,1496.0,0.65877146
1497.0,1497.0,0.5169324
1498.0,1498.0,0.58746403
1499.0,1499.0,0.67239046
1500.0,1500.0,0.5127836
1501.0,1501.0,0.89711845
1502.0,1502.0,0.5185811
1503.0,1503.0,0.6390338
1504.0,1504.0,0.6752947
1505.0,1505.0,0.63766986
1506.0,1506.0,0.66996425
1507.0,1507.0,0.6514144
1508.0,1508.0,0.64684016
1509.0,1509.0,0.68617713
1510.0,1510.0,0.57927465
1511.0,1511.0,0.5931772
1512.0,1512.0,0.67264915
1513.0,1513.0,0.7347668
1514.0,1514.0,0.69546264
1515.0,1515.0,0.6543822
1516.0,1516.0,0.5330446
1517.0,1517.0,0.57457715
1518.0,1518.0,0.65331185
1519.0,1519.0,0.6370568
1520.0,1520.0,0.5094452
1521.0,1521.0,0.7229637
1522.0,1522.0,0.6057063
1523.0,1523.0,0.5201857
1524.0,1524.0,0.55645543
1525.0,1525.0,0.5312692
1526.0,1526.0,0.6942228
1527.0,1527.0,0.6494671
1528.0,1528.0,0.5690207
1529.0,1529.0,0.69614375
1530.0,1530.0,0.7049273
1531.0,1531.0,0.6907966
1532.0,1532.0,0.51851094
1533.0,1533.0,0.51336765
1534.0,1534.0,0.52620304
1535.0,1535.0,0.68547124
1536.0,1536.0,0.5123367
1537.0,1537.0,0.50932145
1538.0,1538.0,0.6645182
1539.0,1539.0,0.52389675
1540.0,1540.0,0.5366726
1541.0,1541.0,0.694044
1542.0,1542.0,0.8321744
1543.0,1543.0,0.6631333
1544.0,1544.0,0.6758866
1545.0,1545.0,0.6575933
1546.0,1546.0,0.60103244
1547.0,1547.0,0.51898813
1548.0,1548.0,0.73929846
1549.0,1549.0,0.68675786
1550.0,1550.0,0.6935473
1551.0,1551.0,0.7100751
1552.0,1552.0,0.5133388
1553.0,1553.0,0.59900594
1554.0,1554.0,0.578137
1555.0,1555.0,0.68138975
1556.0,1556.0,0.51896507
1557.0,1557.0,0.6696691
1558.0,1558.0,0.6756281
1559.0,1559.0,0.6884564
1560.0,1560.0,0.5134898
1561.0,1561.0,0.5527319
1562.0,1562.0,0.70072806
1563.0,1563.0,0.6866206
1564.0,1564.0,0.5877521
1565.0,1565.0,0.6240913
1566.0,1566.0,0.5122356
1567.0,1567.0,0.6526389
1568.0,1568.0,0.51459485
1569.0,1569.0,0.6091987
1570.0,1570.0,0.51294446
1571.0,1571.0,0.63353246
1572.0,1572.0,0.5089866
1573.0,1573.0,0.64675003
1574.0,1574.0,0.515493
1575.0,1575.0,0.58005536
1576.0,1576.0,0.51109195
1577.0,1577.0,0.5489351
1578.0,1578.0,0.5131001
1579.0,1579.0,0.5129117
1580.0,1580.0,0.52473783
1581.0,1581.0,0.51388586
1582.0,1582.0,0.5138793
1583.0,1583.0,0.6947791
1584.0,1584.0,0.6618862
1585.0,1585.0,0.52162987
1586.0,1586.0,0.6530802
1587.0,1587.0,0.6988348
1588.0,1588.0,0.6613572
1589.0,1589.0,0.51501566
1590.0,1590.0,0.5857853
1591.0,1591.0,0.6974108
1592.0,1592.0,0.6886714
1593.0,1593.0,0.6393856
1594.0,1594.0,0.65385216
1595.0,1595.0,0.59143424
1596.0,1596.0,0.54926306
1597.0,1597.0,0.55829746
1598.0,1598.0,0.5091379
1599.0,1599.0,0.56325126
1600.0,1600.0,0.66607916
1601.0,1601.0,0.59159315
1602.0,1602.0,0.74408954
1603.0,1603.0,0.59777844
1604.0,1604.0,0.5145171
1605.0,1605.0,0.5487801
1606.0,1606.0,0.60642254
1607.0,1607.0,0.5194744
1608.0,1608.0,0.5256369
1609.0,1609.0,0.51570666
1610.0,1610.0,0.58088917
1611.0,1611.0,0.68965524
1612.0,1612.0,0.6939495
1613.0,1613.0,0.66026765
1614.0,1614.0,0.656617
1615.0,1615.0,0.5963487
1616.0,1616.0,0.762177
1617.0,1617.0,0.5755333
1618.0,1618.0,0.6256121
1619.0,1619.0,0.52388245
1620.0,1620.0,0.50615805
1621.0,1621.0,0.6683042
1622.0,1622.0,0.6354598
1623.0,1623.0,0.6724613
1624.0,1624.0,0.6392631
1625.0,1625.0,0.52898186
1626.0,1626.0,0.5348559
1627.0,1627.0,0.6200102
1628.0,1628.0,0.5186756
1629.0,1629.0,0.6640349
1630.0,1630.0,0.606256
1631.0,1631.0,0.6681072
1632.0,1632.0,0.51505125
1633.0,1633.0,0.5155993
1634.0,1634.0,0.70618206
1635.0,1635.0,0.57958996
1636.0,1636.0,0.5385638
1637.0,1637.0,0.6063418
1638.0,1638.0,0.64573324
1639.0,1639.0,0.68021816
1640.0,1640.0,0.5449131
1641.0,1641.0,0.5283851
1642.0,1642.0,0.91893977
1643.0,1643.0,0.6937572
1644.0,1644.0,0.5572494
1645.0,1645.0,0.6567288
1646.0,1646.0,0.6477964
1647.0,1647.0,0.79318154
1648.0,1648.0,0.51397955
1649.0,1649.0,0.5237639
1650.0,1650.0,0.6981469
1651.0,1651.0,0.6345262
1652.0,1652.0,0.51522136
1653.0,1653.0,0.704224
1654.0,1654.0,0.69297975
1655.0,1655.0,0.52977216
1656.0,1656.0,0.54107475
1657.0,1657.0,0.51306003
1658.0,1658.0,0.54824346
1659.0,1659.0,0.5408081
1660.0,1660.0,0.5531347
1661.0,1661.0,0.6577132
1662.0,1662.0,0.69260484
1663.0,1663.0,0.6210397
1664.0,1664.0,0.5130287
1665.0,1665.0,0.67055035
1666.0,1666.0,0.5539265
1667.0,1667.0,0.6112057
1668.0,1668.0,0.64112234
1669.0,1669.0,0.6403676
1670.0,1670.0,0.5877936
1671.0,1671.0,0.66607416
1672.0,1672.0,0.5337631
1673.0,1673.0,0.63825893
1674.0,1674.0,0.80590284
1675.0,1675.0,0.50845796
1676.0,1676.0,0.6905712
1677.0,1677.0,0.654947
1678.0,1678.0,0.5920732
1679.0,1679.0,0.6392979
1680.0,1680.0,0.58951116
1681.0,1681.0,0.5205927
1682.0,1682.0,0.69214165
1683.0,1683.0,0.69198734
1684.0,1684.0,0.517012
1685.0,1685.0,0.7216587
1686.0,1686.0,0.580386
1687.0,1687.0,0.5889385
1688.0,1688.0,0.6791713
1689.0,1689.0,0.52725846
1690.0,1690.0,0.6288483
1691.0,1691.0,0.68373007
1692.0,1692.0,0.6635484
1693.0,1693.0,0.5161576
1694.0,1694.0,0.5864903
1695.0,1695.0,0.60349023
1696.0,1696.0,0.66429925
1697.0,1697.0,0.5086421
1698.0,1698.0,0.6130362
1699.0,1699.0,0.5279794
1700.0,1700.0,0.5451945
1701.0,1701.0,0.9578223
1702.0,1702.0,0.7523187
1703.0,1703.0,0.5716838
1704.0,1704.0,0.52914625
1705.0,1705.0,0.67922384
1706.0,1706.0,0.6152313
1707.0,1707.0,0.593993
1708.0,1708.0,0.5408943
1709.0,1709.0,0.5205524
1710.0,1710.0,0.6111079
1711.0,1711.0,0.67656076
1712.0,1712.0,0.69562066
1713.0,1713.0,0.66940045
1714.0,1714.0,0.5482323
1715.0,1715.0,0.5196402
1716.0,1716.0,0.69242644
1717.0,1717.0,0.5740851
1718.0,1718.0,0.57732844
1719.0,1719.0,0.6254739
1720.0,1720.0,0.6625388
1721.0,1721.0,0.6519894
1722.0,1722.0,0.6689903
1723.0,1723.0,0.5275074
1724.0,1724.0,0.6435365
1725.0,1725.0,0.7019247
1726.0,1726.0,0.51550066
1727.0,1727.0,0.64486206
1728.0,1728.0,0.69155663
1729.0,1729.0,0.62869304
1730.0,1730.0,0.70739675
1731.0,1731.0,0.5181516
1732.0,1732.0,0.5127348
1733.0,1733.0,0.5311352
1734.0,1734.0,0.63601726
1735.0,1735.0,0.69287187
1736.0,1736.0,0.532597
1737.0,1737.0,0.57636744
1738.0,1738.0,0.6305504
1739.0,1739.0,0.5087201
1740.0,1740.0,0.514453
1741.0,1741.0,0.6622209
1742.0,1742.0,0.5745745
1743.0,1743.0,0.5156731
1744.0,1744.0,0.6568021
1745.0,1745.0,0.7175714
1746.0,1746.0,0.57956785
1747.0,1747.0,0.6719694
1748.0,1748.0,0.5890389
1749.0,1749.0,0.9652864
1750.0,1750.0,0.6117232
1751.0,1751.0,0.57909936
1752.0,1752.0,0.5113593
1753.0,1753.0,0.6771401
1754.0,1754.0,0.6412584
1755.0,1755.0,0.51434857
1756.0,1756.0,0.61601895
1757.0,1757.0,0.5912136
1758.0,1758.0,0.66031635
1759.0,1759.0,0.65665644
1760.0,1760.0,0.64593905
1761.0,1761.0,0.690846
1762.0,1762.0,0.6329377
1763.0,1763.0,0.76799977
1764.0,1764.0,0.6575459
1765.0,1765.0,0.64864844
1766.0,1766.0,0.5973118
1767.0,1767.0,0.6459133
1768.0,1768.0,0.6620566
1769.0,1769.0,0.6813016
1770.0,1770.0,0.68186635
1771.0,1771.0,0.5186248
1772.0,1772.0,0.61924624
1773.0,1773.0,0.5154628
1774.0,1774.0,0.52754235
1775.0,1775.0,0.6908679
1776.0,1776.0,0.5150581
1777.0,1777.0,0.5143605
1778.0,1778.0,0.52800906
1779.0,1779.0,0.69208354
1780.0,1780.0,0.69354916
1781.0,1781.0,0.6237085
1782.0,1782.0,0.5971223
1783.0,1783.0,0.6413594
1784.0,1784.0,0.55581033
1785.0,1785.0,0.69524086
1786.0,1786.0,0.5294739
1787.0,1787.0,0.5414065
1788.0,1788.0,0.517382
1789.0,1789.0,0.5263359
1790.0,1790.0,0.69803864
1791.0,1791.0,0.6031006
1792.0,1792.0,0.5210218
1793.0,1793.0,0.66239256
1794.0,1794.0,0.6758664
1795.0,1795.0,0.5689233
1796.0,1796.0,0.51551086
1797.0,1797.0,0.510691
1798.0,1798.0,0.5183871
1799.0,1799.0,0.6742771
1800.0,1800.0,0.7017264
1801.0,1801.0,0.5330724
1802.0,1802.0,0.6484292
1803.0,1803.0,0.7838037
1804.0,1804.0,0.51072145
1805.0,1805.0,0.616678
1806.0,1806.0,0.53006727
1807.0,1807.0,0.59228176
1808.0,1808.0,0.7088379
1809.0,1809.0,0.53789884
1810.0,1810.0,0.63645875
1811.0,1811.0,0.5163518
1812.0,1812.0,0.6566703
1813.0,1813.0,0.6516718
1814.0,1814.0,0.5179761
1815.0,1815.0,0.53254783
1816.0,1816.0,0.6440419
1817.0,1817.0,0.76550436
1818.0,1818.0,0.6911215
1819.0,1819.0,0.5113629
1820.0,1820.0,0.66638637
1821.0,1821.0,0.72238094
1822.0,1822.0,0.61087525
1823.0,1823.0,0.57777137
1824.0,1824.0,0.661335
1825.0,1825.0,0.61174035
1826.0,1826.0,0.62427825
1827.0,1827.0,0.53817236
1828.0,1828.0,0.5164884
1829.0,1829.0,0.6343439
1830.0,1830.0,0.7392342
1831.0,1831.0,0.7119322
1832.0,1832.0,0.69907993
1833.0,1833.0,0.59538496
1834.0,1834.0,0.63580185
1835.0,1835.0,0.5419471
1836.0,1836.0,0.6714571
1837.0,1837.0,0.6733765
1838.0,1838.0,0.5218181
1839.0,1839.0,0.5260424
1840.0,1840.0,0.54890674
1841.0,1841.0,0.5146921
1842.0,1842.0,0.5307756
1843.0,1843.0,0.6916635
1844.0,1844.0,0.50492376
1845.0,1845.0,0.5207624
1846.0,1846.0,0.5132789
1847.0,1847.0,0.7055329
1848.0,1848.0,0.5101849
1849.0,1849.0,0.5149519
1850.0,1850.0,0.68406373
1851.0,1851.0,0.65558606
1852.0,1852.0,0.76006895
1853.0,1853.0,0.5317408
1854.0,1854.0,0.5962712
1855.0,1855.0,0.65286016
1856.0,1856.0,0.6949145
1857.0,1857.0,0.59652025
1858.0,1858.0,0.50853866
1859.0,1859.0,0.5111523
1860.0,1860.0,0.6028518
1861.0,1861.0,0.6345255
1862.0,1862.0,0.517817
1863.0,1863.0,0.6049876
1864.0,1864.0,0.52754015
1865.0,1865.0,0.68973935
1866.0,1866.0,0.64686376
1867.0,1867.0,0.6243803
1868.0,1868.0,0.51590395
1869.0,1869.0,0.5579146
1870.0,1870.0,0.5101759
1871.0,1871.0,0.6675265
1872.0,1872.0,0.66039115
1873.0,1873.0,0.6686221
1874.0,1874.0,0.6835053
1875.0,1875.0,0.6663373
1876.0,1876.0,0.6314212
1877.0,1877.0,0.53761834
1878.0,1878.0,0.61276674
1879.0,1879.0,0.7535332
1880.0,1880.0,0.69727486
1881.0,1881.0,0.6410904
1882.0,1882.0,0.57184285
1883.0,1883.0,0.66726494
1884.0,1884.0,0.55164397
1885.0,1885.0,0.6744324
1886.0,1886.0,0.52368045
1887.0,1887.0,0.5820933
1888.0,1888.0,0.71133333
1889.0,1889.0,0.68206716
1890.0,1890.0,0.6278984
1891.0,1891.0,0.6489501
1892.0,1892.0,0.54132015
1893.0,1893.0,0.5265583
1894.0,1894.0,0.62910604
1895.0,1895.0,0.67727906
1896.0,1896.0,0.6058364
1897.0,1897.0,0.70113117
1898.0,1898.0,0.5811101
1899.0,1899.0,0.68466717
1900.0,1900.0,0.5139912
1901.0,1901.0,0.6976415
1902.0,1902.0,0.76669174
1903.0,1903.0,0.51185524
1904.0,1904.0,0.5300838
1905.0,1905.0,0.5215003
1906.0,1906.0,0.5909355
1907.0,1907.0,0.6990879
1908.0,1908.0,0.528376
1909.0,1909.0,0.8312995
1910.0,1910.0,0.6460356
1911.0,1911.0,0.5121093
1912.0,1912.0,0.6041084
1913.0,1913.0,0.516727
1914.0,1914.0,0.6359839
1915.0,1915.0,0.51343435
1916.0,1916.0,0.6344536
1917.0,1917.0,0.6121229
1918.0,1918.0,0.5217774
1919.0,1919.0,0.52975255
1920.0,1920.0,0.5117889
1921.0,1921.0,0.58209985
1922.0,1922.0,0.59478664
1923.0,1923.0,0.65268564
1924.0,1924.0,0.51806706
1925.0,1925.0,0.56511766
1926.0,1926.0,0.507012
1927.0,1927.0,0.6654405
1928.0,1928.0,0.70208514
1929.0,1929.0,0.5760814
1930.0,1930.0,0.5253808
1931.0,1931.0,0.5147861
1932.0,1932.0,0.59245205
1933.0,1933.0,0.52706015
1934.0,1934.0,0.7316636
1935.0,1935.0,0.5954424
1936.0,1936.0,0.66872054
1937.0,1937.0,0.5122083
1938.0,1938.0,0.51481
1939.0,1939.0,0.6622316
1940.0,1940.0,0.6799582
1941.0,1941.0,0.61302036
1942.0,1942.0,0.6959522
1943.0,1943.0,0.68402594
1944.0,1944.0,0.69854796
1945.0,1945.0,0.667267
1946.0,1946.0,0.6789194
1947.0,1947.0,0.51148784
1948.0,1948.0,0.6920794
1949.0,1949.0,0.5746356
1950.0,1950.0,0.527705
1951.0,1951.0,0.5232086
1952.0,1952.0,0.6599078
1953.0,1953.0,0.66240597
1954.0,1954.0,0.5632372
1955.0,1955.0,0.69699067
1956.0,1956.0,0.69389206
1957.0,1957.0,0.6535104
1958.0,1958.0,0.6480019
1959.0,1959.0,0.6066337
1960.0,1960.0,0.5924414
1961.0,1961.0,0.523679
1962.0,1962.0,0.58665115
1963.0,1963.0,0.63732153
1964.0,1964.0,0.53611606
1965.0,1965.0,0.51894814
1966.0,1966.0,0.65784085
1967.0,1967.0,0.53365403
1968.0,1968.0,0.72188514
1969.0,1969.0,0.5053579
1970.0,1970.0,0.6398996
1971.0,1971.0,0.7110219
1972.0,1972.0,0.6674029
1973.0,1973.0,0.6580004
1974.0,1974.0,0.507558
1975.0,1975.0,0.69604325
1976.0,1976.0,0.5737762
1977.0,1977.0,0.60458535
1978.0,1978.0,0.57647514
1979.0,1979.0,0.52161586
1980.0,1980.0,0.52561927
1981.0,1981.0,0.5097676
1982.0,1982.0,0.6569936
1983.0,1983.0,0.52861416
1984.0,1984.0,0.6581504
