<?xml version="1.0" encoding="utf-8"?>
<eml:eml xmlns:eml="eml://ecoinformatics.org/eml-2.1.1" xmlns:xsi="http://www.w3.org/2001/XMLSchema-instance"
         xsi:schemaLocation="eml://ecoinformatics.org/eml-2.1.1 http://rs.gbif.org/schema/eml-gbif-profile/1.1/eml.xsd"
        packageId="1580d4ee-042d-4809-8c80-1c3261150e00"  system="http://gbif.org" scope="system"
  xml:lang="fr">

<dataset>
      <alternateIdentifier>10.15468/j4fnjr</alternateIdentifier>
        <alternateIdentifier>1580d4ee-042d-4809-8c80-1c3261150e00</alternateIdentifier>
        <alternateIdentifier>http://ipt-cotedivoire.gbif.fr/resource?r=publicnf</alternateIdentifier>
    <title>Occurrences portant sur 941 espèces de plantes appartenant à 45 familles de l&apos;herbier du Centre National de Floristique, en Côte d&apos;Ivoire</title>
    <creator>
    <individualName>
<givenName>Emma Ablan</givenName>          <surName>AKE-ASSI</surName>
    </individualName>
<organizationName>Université Felix Houphouet Boigny</organizationName><positionName>Researcher</positionName>    <address>
<deliveryPoint>22 BP 582 22 Abidjan 22</deliveryPoint><city>Abidjan</city><administrativeArea>District Autonome</administrativeArea><postalCode>225</postalCode><country>CÔTE_DIVOIRE</country>    </address>
<phone>+225 07464294</phone><electronicMailAddress>emmaaak@yahoo.fr</electronicMailAddress>    </creator>
    <creator>
    <individualName>
<givenName>Akossoua Faustine</givenName>          <surName>KOUASSI</surName>
    </individualName>
<organizationName>Université Felix Houphouet Boigny</organizationName><positionName>Researcher</positionName>    <address>
<deliveryPoint>22 BP 582 22 Abidjan 22</deliveryPoint><city>Abidjan</city><administrativeArea>District Autonome</administrativeArea><postalCode>225</postalCode><country>CÔTE_DIVOIRE</country>    </address>
<phone>+225 47589664</phone><electronicMailAddress>akossouafifi@yahoo.fr</electronicMailAddress>    </creator>
    <creator>
    <individualName>
<givenName>Konan</givenName>          <surName>YAO</surName>
    </individualName>
<organizationName>Université Felix Houphouet Boigny</organizationName><positionName>Researcher</positionName>    <address>
<deliveryPoint>22 BP 582 22 Abidjan 22</deliveryPoint><city>Abidjan</city><administrativeArea>District Autonome</administrativeArea><postalCode>225</postalCode><country>CÔTE_DIVOIRE</country>    </address>
<phone>+225 08017956</phone><electronicMailAddress>yao83konan@gmail.com</electronicMailAddress>    </creator>
    <creator>
    <individualName>
<givenName>Boli Francis</givenName>          <surName>TRA BI</surName>
    </individualName>
<organizationName>Université Felix Houphouet Boigny</organizationName><positionName>Researcher</positionName>    <address>
<deliveryPoint>22 BP 582 22 Abidjan 22</deliveryPoint><city>Abidjan</city><administrativeArea>District Autonome</administrativeArea><postalCode>225</postalCode><country>CÔTE_DIVOIRE</country>    </address>
<phone>+225 49500736</phone><electronicMailAddress>bolitbf@gmail.com</electronicMailAddress>    </creator>
    <creator>
    <individualName>
<givenName>Bertin</givenName>          <surName>AKPATOU</surName>
    </individualName>
<organizationName>Université Felix Houphouet Boigny</organizationName><positionName>Researcher</positionName>    <address>
<deliveryPoint>22 BP 582 22 Abidjan 22</deliveryPoint><city>Abidjan</city><administrativeArea>District Autonome</administrativeArea><postalCode>225</postalCode><country>CÔTE_DIVOIRE</country>    </address>
<phone>+225 57961799</phone><electronicMailAddress>bertinakpatou@yahoo.fr</electronicMailAddress>    </creator>
    <creator>
    <individualName>
<givenName>Sabas Sadaiou Yao</givenName>          <surName>BARIMA</surName>
    </individualName>
<organizationName>Université Jean Lorougnon Guédé</organizationName><positionName>Researcher</positionName>    <address>
<deliveryPoint>BP 130 Daloa</deliveryPoint><city>Daloa</city><postalCode>225</postalCode>    </address>
<phone>+225 49648867</phone><electronicMailAddress>byssabas@yahoo.fr</electronicMailAddress>    </creator>
    <creator>
    <individualName>
<givenName>Adama</givenName>          <surName>BAKAYOKO</surName>
    </individualName>
<organizationName>Université Nangui Abrogoua</organizationName><positionName>Researcher</positionName>    <address>
<city>Abidjan</city><administrativeArea>District Autonome</administrativeArea><postalCode>225</postalCode><country>CÔTE_DIVOIRE</country>    </address>
<phone>+225 57961799</phone><electronicMailAddress>bakadamaci@yahoo.fr</electronicMailAddress>    </creator>
    <creator>
    <individualName>
<givenName>Marie Solange</givenName>          <surName>TIEBRE</surName>
    </individualName>
<organizationName>Université Felix Houphouet Boigny</organizationName><positionName>Researcher</positionName>    <address>
<deliveryPoint>22 BP 582 22 Abidjan 22</deliveryPoint><city>Abidjan</city><administrativeArea>District Autonome</administrativeArea><postalCode>225</postalCode><country>CÔTE_DIVOIRE</country>    </address>
<phone>+225 07578737</phone><electronicMailAddress>tiebre.ms@skynet.be</electronicMailAddress>    </creator>
    <creator>
    <individualName>
<givenName>Djakalia</givenName>          <surName>OUATTARA</surName>
    </individualName>
<organizationName>Université Felix Houphouet Boigny</organizationName><positionName>Researcher</positionName>    <address>
<deliveryPoint>22 BP 582 22 Abidjan 22</deliveryPoint><city>Abidjan</city><administrativeArea>District Autonome</administrativeArea><postalCode>225</postalCode><country>CÔTE_DIVOIRE</country>    </address>
<phone>+225 48111175</phone><electronicMailAddress>xylopia2002@yahoo.fr</electronicMailAddress>    </creator>
    <metadataProvider>
    <individualName>
<givenName>Béranger</givenName>          <surName>N&apos;Goran</surName>
    </individualName>
<organizationName>Université Félix Houphouët Boigny, Centre National de Floristique (CNF)</organizationName><positionName>Resource Creator</positionName>    <address>
<deliveryPoint>22 BP 582 Abidjan 22</deliveryPoint><city>Abidjan</city><administrativeArea>District Autonome</administrativeArea><postalCode>225</postalCode><country>CÔTE_DIVOIRE</country>    </address>
<phone>+225 58415317</phone><electronicMailAddress>kouaberanger@yahoo.fr</electronicMailAddress>    </metadataProvider>
    <associatedParty>
    <individualName>
<givenName>Koua Serge Beranger</givenName>          <surName>N&apos;GORAN</surName>
    </individualName>
<organizationName>Université Felix Houphouet Boigny</organizationName><positionName>Resource creator</positionName>    <address>
<deliveryPoint>22 BP 582 22 Abidjan 22</deliveryPoint><city>Abidjan</city><administrativeArea>District Autonome</administrativeArea><postalCode>225</postalCode><country>CÔTE_DIVOIRE</country>    </address>
<phone>+225 58415317</phone><electronicMailAddress>kouaberanger@yahoo.fr</electronicMailAddress>    <role>PUBLISHER</role>
    </associatedParty>
      <pubDate>
      2018-04-12
      </pubDate>
    <language>FRENCH</language>
    <abstract>
        <para>Ce jeux de données est relatif à 941 espèces de plantes qui sont dans l&amp;#39;herbier du CNF correspondant à 45 familles (Acanthaceae, Amaranthaceae, Apocynaceae, Aponogetonaceae, Araceae, Araliaceae, Araucariaceae, Aristolochiaceae, AsteraceaeConvolvulaceae, Balanophoraceae, Balsaminaceae, Basellaceae, Begoniaceae, Bignoniaceae, Bixaceae, Boraginaceae, Brassicaceae, Bromeliaceae, Burmanniaceae, Burseraceae, CactaceConvolvulaceaeae, Calycanthaceae, Campanulaceae, Cannabaceae, Cannaceae, Capparaceae, Caprifoliaceae, Caricaceae, Caryophyllaceae, Casuarinaceae, Celastraceae, Ceratophyllaceae, Cleomaceae, Combretaceae, Commelinaceae, Connaraceae, Convolvulaceae, Crassulaceae, Cucurbitaceae, Cyperaceae, Dichapetalaceae, Ehretiaceae, Heliotropiaceae, Malvaceae, Zygophyllaceae).</para>
    </abstract>
        <keywordSet>
              <keyword>occurrences</keyword>
              <keyword>plantes</keyword>
              <keyword>CNF</keyword>
              <keyword>Côte d&apos;Ivoire.</keyword>
              <keywordThesaurus>GBIF Dataset Type Vocabulary: http://rs.gbif.org/vocabulary/gbif/dataset_type.xml</keywordThesaurus>
        </keywordSet>
        <keywordSet>
              <keyword>Specimen</keyword>
              <keywordThesaurus>GBIF Dataset Subtype Vocabulary: http://rs.gbif.org/vocabulary/gbif/dataset_subtype.xml</keywordThesaurus>
        </keywordSet>
      <intellectualRights>
        <para>This work is licensed under a <ulink url="http://creativecommons.org/licenses/by/4.0/legalcode"><citetitle>Creative Commons Attribution (CC-BY) 4.0 License</citetitle></ulink>.</para>
      </intellectualRights>
      <distribution scope="document">
          <online>
              <url function="information">http://spreadsheets</url>
          </online>
      </distribution>
      <coverage>
            <geographicCoverage>
                  <geographicDescription>Espèces collectées en Afrique, Europe et en Amérique</geographicDescription>
                  <boundingCoordinates>
                      <westBoundingCoordinate>-123.75</westBoundingCoordinate>
                      <eastBoundingCoordinate>57.656</eastBoundingCoordinate>
                      <northBoundingCoordinate>51.618</northBoundingCoordinate>
                      <southBoundingCoordinate>-29.535</southBoundingCoordinate>
                  </boundingCoordinates>
            </geographicCoverage>
          <temporalCoverage>
            <rangeOfDates>
              <beginDate>
                <calendarDate>      1905-07-01
</calendarDate>
              </beginDate>
              <endDate>
                <calendarDate>      2017-09-04
</calendarDate>
              </endDate>
            </rangeOfDates>
          </temporalCoverage>
              <taxonomicCoverage>
                    <generalTaxonomicCoverage>les espèces ont été identifiées à partir de la classe, l&apos;ordre, la famille, le genre et l&apos;espèce.</generalTaxonomicCoverage>
                    <taxonomicClassification>
                          <taxonRankName>Species</taxonRankName>
                        <taxonRankValue>Pereskia grandifolia</taxonRankValue>
                    </taxonomicClassification>
                    <taxonomicClassification>
                          <taxonRankName>Species</taxonRankName>
                        <taxonRankValue>Kyllinga nemoralis</taxonRankValue>
                    </taxonomicClassification>
              </taxonomicCoverage>
      </coverage>
      <maintenance>
          <description>
              <para></para>
          </description>
          <maintenanceUpdateFrequency>unkown</maintenanceUpdateFrequency>
      </maintenance>
      <contact>
    <individualName>
<givenName>Joseph Ipou</givenName>          <surName>IPOU</surName>
    </individualName>
<organizationName>Université Felix Houphouet Boigny</organizationName><positionName>Coordonnateur</positionName>    <address>
<deliveryPoint>22 BP 582 22 Abidjan 22</deliveryPoint><city>Abidjan</city><administrativeArea>District Autonome</administrativeArea><postalCode>225</postalCode><country>CÔTE_DIVOIRE</country>    </address>
<phone>+225 07546039</phone><electronicMailAddress>ipoujoseph@yahoo.fr</electronicMailAddress>      </contact>
      <methods>
            <methodStep>
                <description>
                    <para>collecte de plantes, sechage, collage, identification et conservation à l&apos;herbier</para>
                </description>
            </methodStep>
            <sampling>
                <studyExtent>
                    <description>
                        <para>Africa, Europa, America</para>
                    </description>
                </studyExtent>
                <samplingDescription>
                    <para>Collecte d&apos;échantillons de plantes, collage et conservation à l&apos;herbier.</para>
                </samplingDescription>
            </sampling>
      </methods>

      <project id="BID-AF2015-0025-NAC">
          <title>Occurrences portant sur 941 espèces de plantes appartenant à 45 familles de l&apos;herbier du Centre National de Floristique, en Côte d&apos;Ivoire.</title>
          <personnel>
    <individualName>
<givenName>Joseph Ipou</givenName>          <surName>IPOU</surName>
    </individualName>
    <role>POINT_OF_CONTACT</role>
          </personnel>
          <abstract>
              <para>The project BID- AF2015-0025-NAC was executed by four major players who are involved in the management of the ivorian plant biodiversity</para>
          </abstract>
          <funding>
              <para>BID</para>
          </funding>
            <studyAreaDescription>
                <descriptor name="generic" citableClassificationSystem="false">
                    <descriptorValue>Herbarium Centre national de Floristique</descriptorValue>
                </descriptor>
            </studyAreaDescription>
      </project>
</dataset>

<additionalMetadata>
    <metadata>
      <gbif>
        <dateStamp>2018-10-09T09:43:19Z</dateStamp>
      <citation>AKE-ASSI E A, KOUASSI A F, YAO K, TRA BI B F, AKPATOU B, BARIMA S S Y, BAKAYOKO A, TIEBRE M S, OUATTARA D, N&apos;Goran B (2018). Occurrences portant sur 941 espèces de plantes appartenant à 45 familles de l&apos;herbier du Centre National de Floristique, en Côte d&apos;Ivoire. Version 1.1. Centre National de Floristique. Occurrence dataset https://doi.org/10.15468/j4fnjr accessed via GBIF.org on 2018-10-09.</citation>
              <bibliography>
      <citation>Aké-Assi L., 2001. Flore de la Côte d&apos;Ivoire: catalogue systématique, biogéographie et écologie, I. Boisisiera, volume 57. Mémoires de botanique systématique, Génève, Belgique, 396p.</citation>
      <citation>Aké-Assi L., 2002. Flore de la Côte d&apos;Ivoire: catalogue systématique, biogéographie et écologie, II. Boisisiera, volume 58. Mémoires de botanique systématique, Génève, Belgique, 401p.</citation>
      <citation>Aké-Assi L., 1984. Flore de la Côte d&apos;Ivoire: étude descriptive et biogéographie avec quelqus notes ethnobotaniques. Tome IA: flore des Angiospermes: liste commentée des espèces recensées (Acanthaceae à Casuarinaceae). Thèse de Doctorat, Faculté des Sciences de l&apos;Université d&apos;Abidjan, Abidjan, Côte d&apos;Ivoire, 176p.</citation>
      <citation>Aké-Assi L., 1984. Flore de la Côte d&apos;Ivoire: étude descriptive et biogéographie avec quelqus notes ethnobotaniques. Tome IB: flore des Angiospermes: liste commentée des espèces recensées (Cecropiaceae à Leguminosae). Thèse de Doctorat, Faculté des Sciences de l&apos;Université d&apos;Abidjan, Abidjan, Côte d&apos;Ivoire, 393p.</citation>
      <citation>Aké-Assi L., 1984. Flore de la Côte d&apos;Ivoire: étude descriptive et biogéographie avec quelqus notes ethnobotaniques. Tome IC: flore des Angiospermes: liste commentée des espèces recensées (Monocotylédones). Thèse de Doctorat, Faculté des Sciences de l&apos;Université d&apos;Abidjan, Abidjan, Côte d&apos;Ivoire, 721p.</citation>
      <citation>Aké-Assi L., 1984. Flore de la Côte d&apos;Ivoire: étude descriptive et biogéographie avec quelqus notes ethnobotaniques. Tome ID: flore des Angiospermes: liste commentée des espèces recensées (Monocotylédones). Thèse de Doctorat, Faculté des Sciences de l&apos;Université d&apos;Abidjan, Abidjan, Côte d&apos;Ivoire, 721p.</citation>
      <citation>Aké-Assi L., 1984. Flore de la Côte d&apos;Ivoire: étude descriptive et biogéographie avec quelqus notes ethnobotaniques. Tome III: Analyse des caractères de la flore ivoirienne, considérations générales. Thèse de Doctorat, Faculté des Sciences de l&apos;Université d&apos;Abidjan, Abidjan, Côte d&apos;Ivoire, 721p.</citation>
      <citation>Aké-Assi A.E., 1996. Contribution à l&apos;étude des plantes ornementales cultivées dans la région d&apos;Abidjan (Côte d&apos;Ivoire). Diplôme d&apos;Etudes Approfondies (D.E.A.) d&apos;Ecologie Tropicale (Option: Végétale), Faculté des Sciences et Techniques, Université de Cocody, Abidjan, 159 pages.</citation>
      <citation>Aké-Assi E.A., 2015. Etude taxinomique des plantes à potentialité décorative de la flore du sud de la Côte d&apos;Ivoire et essai de domestication de Thumbergia atacorensis Akoegninou &amp; Lisowski (Acanthaceae), une espèce nouvellement introduite. Thèse de Doctorat ès Sciences Naturelles. Université Félix Houphouët-Boigny, UFR Biosciences, Laboratoire de Botanique, 216p.</citation>
      <citation>Aké-Assi E.A., 2002. Contribution à l&apos;étude des plantes ornementales cultivées dans les régions d&apos;Abidjan et de San-Pedro, en Côte d&apos;Ivoire. Doctorat de 3ème cycle, UFR Biosciences, Université de Cocody-Abidjan, Côte d&apos;Ivoire, Volume 1 (texte et iconographie) 291p.</citation>
      <citation>Aké-Assi E.A., 2002. Contribution à l&apos;étude des plantes ornementales cultivées dans les régions d&apos;Abidjan et de San-Pedro, en Côte d&apos;Ivoire. Doctorat de 3ème cycle, UFR Biosciences, Université de Cocody-Abidjan, Côte d&apos;Ivoire, Volume 2 (catalogue illustré de 241 espèces et variétés horticoles) 110p.</citation>
              </bibliography>
              <resourceLogoUrl>http://ipt-cotedivoire.gbif.fr/logo.do?r=publicnf</resourceLogoUrl>
              <collection>
                <parentCollectionIdentifier></parentCollectionIdentifier>
                <collectionIdentifier>UCJ</collectionIdentifier>
                <collectionName>Centre National de Floristique</collectionName>
              </collection>
                <specimenPreservationMethod>DRIED_AND_PRESSED</specimenPreservationMethod>
        </gbif>
    </metadata>
</additionalMetadata>

</eml:eml>
