<?xml version="1.0" encoding="utf-8"?>
<eml:eml xmlns:eml="eml://ecoinformatics.org/eml-2.1.1" xmlns:xsi="http://www.w3.org/2001/XMLSchema-instance"
         xsi:schemaLocation="eml://ecoinformatics.org/eml-2.1.1 http://rs.gbif.org/schema/eml-gbif-profile/1.1/eml.xsd"
        packageId="20749d89-7a35-4d64-b57f-a4ed5065f193"  system="http://gbif.org" scope="system"
  xml:lang="fr">

<dataset>
      <alternateIdentifier>10.15468/ekrbpi</alternateIdentifier>
        <alternateIdentifier>http://ipt-cotedivoire.gbif.fr/resource?r=dpublicnf</alternateIdentifier>
    <title>Les Rubiaceae, Orchidaceae, Moraceae, Sapindaceae, Malvaceae, Melastomataceae, Verbenaceae, Loganiaceae, Sapotaceae, Scrophulariaceae, Sterculiaceae, Liliaceae, Meliaceae, Ochnaceae, Tiliaceae, Rosaceae, Solanaceae, Violaceae, Zingiberaceae, Myrtaceae, Rutaceae, Loranthaceae et quelques 71 autres familles de plantes de l&apos;Herbier du Centre National de Floristique en Côte d&apos;Ivoire.</title>
    <creator>
    <individualName>
<givenName>Beranger Koua Serge</givenName>          <surName>N&apos;GORAN</surName>
    </individualName>
<organizationName>Université Felix Houphouet Boigny, Centre National de Floristique</organizationName><positionName>Researcher</positionName>    <address>
<deliveryPoint>22 BP 582 Abidjan 22</deliveryPoint><city>Abidjan</city><administrativeArea>District Autonome</administrativeArea><postalCode>+225</postalCode><country>CÔTE_DIVOIRE</country>    </address>
<phone>0022558415317</phone><electronicMailAddress>kouaberanger@yahoo.fr</electronicMailAddress>    </creator>
    <creator>
    <individualName>
<givenName>Konan</givenName>          <surName>YAO</surName>
    </individualName>
<organizationName>Université Felix Houphouet Boigny, Centre National de Floristique</organizationName><positionName>Researcher</positionName>    <address>
<deliveryPoint>22 BP 582 Abidjan 22</deliveryPoint><city>Abidjan</city><administrativeArea>District Autonome</administrativeArea><postalCode>+225</postalCode><country>CÔTE_DIVOIRE</country>    </address>
<phone>0022508017956</phone><electronicMailAddress>yao83konan@yahoo.fr</electronicMailAddress>    </creator>
    <creator>
    <individualName>
<givenName>Sabas Sadaiou Yao</givenName>          <surName>BARIMA</surName>
    </individualName>
<organizationName>Université Jean Lourougnon Guédé</organizationName><positionName>Researcher</positionName>    <address>
<deliveryPoint>BP 150 Daloa</deliveryPoint><city>Daloa</city><administrativeArea>Haut Sassandra</administrativeArea><postalCode>+225</postalCode><country>CÔTE_DIVOIRE</country>    </address>
<phone>0022549648867</phone><electronicMailAddress>byssabas@yahoo.fr</electronicMailAddress>    </creator>
    <creator>
    <individualName>
<givenName>Faustine Akossoua</givenName>          <surName>KOUASSI</surName>
    </individualName>
<organizationName>Université Felix Houphouet Boigny, Centre National de Floristique</organizationName><positionName>Researcher</positionName>    <address>
<deliveryPoint>22 BP 582 Abidjan 22</deliveryPoint><city>Abidjan</city><administrativeArea>District Autonome</administrativeArea><postalCode>+225</postalCode><country>CÔTE_DIVOIRE</country>    </address>
<phone>0022547589664</phone><electronicMailAddress>akossouafifi@yahoo.fr</electronicMailAddress>    </creator>
    <creator>
    <individualName>
<givenName>Francis Boli</givenName>          <surName>TRA BI</surName>
    </individualName>
<organizationName>Université Felix Houphouet Boigny, Centre National de Floristique</organizationName><positionName>Researcher</positionName>    <address>
<deliveryPoint>22 BP 582 Abidjan 22</deliveryPoint><city>Abidjan</city><administrativeArea>District Autonome</administrativeArea><postalCode>+225</postalCode><country>CÔTE_DIVOIRE</country>    </address>
<phone>0022549500736</phone><electronicMailAddress>bolitbf@gmail.com</electronicMailAddress>    </creator>
    <creator>
    <individualName>
<givenName>Adama</givenName>          <surName>BAKAYOKO</surName>
    </individualName>
<organizationName>Université Nangui Abrogoua</organizationName><positionName>Researcher</positionName>    <address>
<deliveryPoint>01 BP 1303 Abidjan 01</deliveryPoint><city>Abidjan</city><administrativeArea>District Autonome</administrativeArea><postalCode>+225</postalCode><country>CÔTE_DIVOIRE</country>    </address>
<phone>0022557961799</phone><electronicMailAddress>bakadamaci@yahoo.fr</electronicMailAddress>    </creator>
    <creator>
    <individualName>
<givenName>Ablan Emma</givenName>          <surName>AKE-ASSI</surName>
    </individualName>
<organizationName>Université Felix Houphouet Boigny, Centre National de Floristique</organizationName><positionName>Researcher</positionName>    <address>
<deliveryPoint>22 BP 582 Abidjan 22</deliveryPoint><city>Abidjan</city><administrativeArea>District Autonome</administrativeArea><postalCode>+225</postalCode><country>CÔTE_DIVOIRE</country>    </address>
<phone>0022507464294</phone><electronicMailAddress>emmaaak@yahoo.fr</electronicMailAddress>    </creator>
    <creator>
    <individualName>
<givenName>Marie Solange</givenName>          <surName>TIEBRE</surName>
    </individualName>
<organizationName>Université Felix Houphouet Boigny, Centre National de Floristique</organizationName><positionName>Researcher</positionName>    <address>
<deliveryPoint>22 BP 582 Abidjan 22</deliveryPoint><city>Abidjan</city><administrativeArea>District Autonome</administrativeArea><postalCode>+225</postalCode><country>CÔTE_DIVOIRE</country>    </address>
<phone>0022507578737</phone><electronicMailAddress>tiebre.ms@skynet.be</electronicMailAddress>    </creator>
    <creator>
    <individualName>
<givenName>Djakalia</givenName>          <surName>OUATTARA</surName>
    </individualName>
<organizationName>Centre National de Floristique</organizationName><positionName>Director</positionName>    <address>
<deliveryPoint>22 BP 582 Abidjan 22</deliveryPoint><city>Abidjan</city><administrativeArea>District Autonome</administrativeArea><postalCode>+225</postalCode><country>CÔTE_DIVOIRE</country>    </address>
<phone>0022548111175</phone><electronicMailAddress>xylopia2002@yahoo.fr</electronicMailAddress>    </creator>
    <metadataProvider>
    <individualName>
<givenName>Béranger</givenName>          <surName>N&apos;Goran</surName>
    </individualName>
<organizationName>Université Félix Houphouët Boigny, Centre National de Floristique (CNF)</organizationName><positionName>Resource Creator</positionName>    <address>
<deliveryPoint>22 BP 582 Abidjan 22</deliveryPoint><city>Abidjan</city><administrativeArea>District Autonome</administrativeArea><postalCode>+225</postalCode><country>CÔTE_DIVOIRE</country>    </address>
<phone>0022558415317</phone><electronicMailAddress>kouaberanger@yahoo.fr</electronicMailAddress>    </metadataProvider>
    <associatedParty>
    <individualName>
<givenName>Béranger</givenName>          <surName>N&apos;Goran</surName>
    </individualName>
<organizationName>Université Félix Houphouët Boigny, Centre National de Floristique (CNF)</organizationName><positionName>Resource creator</positionName>    <address>
<deliveryPoint>22 BP 582 Abidjan 22</deliveryPoint><city>Abidjan</city><administrativeArea>District Autonome</administrativeArea><postalCode>+225</postalCode><country>CÔTE_DIVOIRE</country>    </address>
<phone>0022558415317</phone><electronicMailAddress>kouaberanger@yahoo.fr</electronicMailAddress>    <role>PUBLISHER</role>
    </associatedParty>
      <pubDate>
      2018-06-18
      </pubDate>
    <language>FRENCH</language>
    <abstract>
        <para>Ce jeux de données comprend 93 familles reparties en 585 genres et 1931 espèces de l&amp;#39;Herbier du Centre National de Floristique. Les cinq premières familles majoritairement rencontrées sont les Rubiaceae, les Orchidaceae, les Moraceae, les Sapindaceae et les Malvaceae. Les Rubiaceae particulièrement constituent numériquement la première famille des Dicotylédones. Certaines Rubiaceae ivoiriennes telle que Coffea canephora sont d&amp;#39;une grande valeur économique et quelques autres introduites sont cultivées en tant que plantes ornementales.  Au delà des ces cinq premières familles, les autres familles sont secondairement et minoritairement representées.</para>
    </abstract>
        <keywordSet>
              <keyword>Herbier</keyword>
              <keyword>Côte d&apos;Ivoire</keyword>
              <keyword>CNF</keyword>
              <keyword>Occurrence</keyword>
              <keywordThesaurus>GBIF Dataset Type Vocabulary: http://rs.gbif.org/vocabulary/gbif/dataset_type.xml</keywordThesaurus>
        </keywordSet>
        <keywordSet>
              <keyword>Specimen</keyword>
              <keywordThesaurus>GBIF Dataset Subtype Vocabulary: http://rs.gbif.org/vocabulary/gbif/dataset_subtype.xml</keywordThesaurus>
        </keywordSet>
      <intellectualRights>
        <para>This work is licensed under a <ulink url="http://creativecommons.org/licenses/by/4.0/legalcode"><citetitle>Creative Commons Attribution (CC-BY) 4.0 License</citetitle></ulink>.</para>
      </intellectualRights>
      <coverage>
            <geographicCoverage>
                  <geographicDescription>Afrique, Europe, Amerique</geographicDescription>
                  <boundingCoordinates>
                      <westBoundingCoordinate>-126.562</westBoundingCoordinate>
                      <eastBoundingCoordinate>50.625</eastBoundingCoordinate>
                      <northBoundingCoordinate>55.777</northBoundingCoordinate>
                      <southBoundingCoordinate>-39.91</southBoundingCoordinate>
                  </boundingCoordinates>
            </geographicCoverage>
          <temporalCoverage>
            <rangeOfDates>
              <beginDate>
                <calendarDate>      1905-01-01
</calendarDate>
              </beginDate>
              <endDate>
                <calendarDate>      2017-11-29
</calendarDate>
              </endDate>
            </rangeOfDates>
          </temporalCoverage>
              <taxonomicCoverage>
                    <generalTaxonomicCoverage>Family</generalTaxonomicCoverage>
                    <taxonomicClassification>
                          <taxonRankName>Species</taxonRankName>
                        <taxonRankValue>Lemna aequinoctialis</taxonRankValue>
                    </taxonomicClassification>
              </taxonomicCoverage>
      </coverage>
      <maintenance>
          <description>
              <para></para>
          </description>
          <maintenanceUpdateFrequency>unkown</maintenanceUpdateFrequency>
      </maintenance>
      <contact>
    <individualName>
<givenName>Joseph Ipou</givenName>          <surName>IPOU</surName>
    </individualName>
<organizationName>Université Felix Houphouet Boigny</organizationName><positionName>Coordonnateur</positionName>    <address>
<deliveryPoint>22 BP 582 Abidjan 22</deliveryPoint><city>Abidjan</city><administrativeArea>District Autonome</administrativeArea><postalCode>+225</postalCode><country>CÔTE_DIVOIRE</country>    </address>
<phone>0022507546039</phone><electronicMailAddress>ipoujoseph@yahoo.fr</electronicMailAddress>      </contact>
      <methods>
            <methodStep>
                <description>
                    <para>Collecte, séchage, collage, identification et rangement</para>
                </description>
            </methodStep>
            <sampling>
                <studyExtent>
                    <description>
                        <para>Afrique, Europe, Amerique</para>
                    </description>
                </studyExtent>
                <samplingDescription>
                    <para>Collecte d&apos;échantillons de plantes, séchage, collage, identification taxonomique des échantillons puis rangement dans les placards du Centre National de Floristique.</para>
                </samplingDescription>
            </sampling>
      </methods>

      <project id="BID-AF2015-0025-NAC">
          <title>Evaluation and development of a funding mechanism and efficient management of data on plant biodiversity in Côte d&apos;Ivoire (Ivory Coast)</title>
          <personnel>
    <individualName>
<givenName>Joseph Ipou</givenName>          <surName>IPOU</surName>
    </individualName>
    <role>POINT_OF_CONTACT</role>
          </personnel>
          <abstract>
              <para>The project BID- AF2015-0025-NAC was executed by four major players who are involved in the management of the ivorian plant biodiversity.</para>
          </abstract>
          <funding>
              <para>BID</para>
          </funding>
      </project>
</dataset>

<additionalMetadata>
    <metadata>
      <gbif>
        <dateStamp>2018-10-09T09:43:15Z</dateStamp>
      <citation>N&apos;GORAN B K S, YAO K, BARIMA S S Y, KOUASSI F A, TRA BI F B, BAKAYOKO A, AKE-ASSI A E, TIEBRE M S, OUATTARA D, N&apos;Goran B (2018). Les Rubiaceae, Orchidaceae, Moraceae, Sapindaceae, Malvaceae, Melastomataceae, Verbenaceae, Loganiaceae, Sapotaceae, Scrophulariaceae, Sterculiaceae, Liliaceae, Meliaceae, Ochnaceae, Tiliaceae, Rosaceae, Solanaceae, Violaceae, Zingiberaceae, Myrtaceae, Rutaceae, Loranthaceae et quelques 71 autres familles de plantes de l&apos;Herbier du Centre National de Floristique en Côte d&apos;Ivoire.. Centre National de Floristique. Occurrence dataset https://doi.org/10.15468/ekrbpi accessed via GBIF.org on 2018-10-09.</citation>
              <bibliography>
      <citation>Aké-Assi L., 2001. Flore de la Côte d&apos;Ivoire: catalogue systématique, biogéographie et écologie, I. Boisisiera, volume 57. Mémoires de botanique systématique, Génève, Belgique, 396p.</citation>
      <citation>Aké-Assi L., 2002. Flore de la Côte d&apos;Ivoire: catalogue systématique, biogéographie et écologie, II. Boisisiera, volume 58. Mémoires de botanique systématique, Génève, Belgique, 401p.</citation>
      <citation>Aké-Assi L., 1984. Flore de la Côte d&apos;Ivoire: étude descriptive et biogéographie avec quelqus notes ethnobotaniques. Tome IA: flore des Angiospermes: liste commentée des espèces recensées (Acanthaceae à Casuarinaceae). Thèse de Doctorat, Faculté des Sciences de l&apos;Université d&apos;Abidjan, Abidjan, Côte d&apos;Ivoire, 176p.</citation>
      <citation>Aké-Assi L., 1984. Flore de la Côte d&apos;Ivoire: étude descriptive et biogéographie avec quelqus notes ethnobotaniques. Tome IB: flore des Angiospermes: liste commentée des espèces recensées (Cecropiaceae à Leguminosae). Thèse de Doctorat, Faculté des Sciences de l&apos;Université d&apos;Abidjan, Abidjan, Côte d&apos;Ivoire, 393p.</citation>
      <citation>Aké-Assi L., 1984. Flore de la Côte d&apos;Ivoire: étude descriptive et biogéographie avec quelqus notes ethnobotaniques. Tome IC: flore des Angiospermes: liste commentée des espèces recensées (Monocotylédones). Thèse de Doctorat, Faculté des Sciences de l&apos;Université d&apos;Abidjan, Abidjan, Côte d&apos;Ivoire, 721p.</citation>
      <citation>Aké-Assi L., 1984. Flore de la Côte d&apos;Ivoire: étude descriptive et biogéographie avec quelqus notes ethnobotaniques. Tome ID: flore des Angiospermes: liste commentée des espèces recensées (Monocotylédones). Thèse de Doctorat, Faculté des Sciences de l&apos;Université d&apos;Abidjan, Abidjan, Côte d&apos;Ivoire, 721p.</citation>
      <citation>Aké-Assi L., 1984. Flore de la Côte d&apos;Ivoire: étude descriptive et biogéographie avec quelqus notes ethnobotaniques. Tome III: Analyse des caractères de la flore ivoirienne, considérations générales. Thèse de Doctorat, Faculté des Sciences de l&apos;Université d&apos;Abidjan, Abidjan, Côte d&apos;Ivoire, 721p.</citation>
      <citation>Aké-Assi A.E., 1996. Contribution à l&apos;étude des plantes ornementales cultivées dans la région d&apos;Abidjan (Côte d&apos;Ivoire). Diplôme d&apos;Etudes Approfondies (D.E.A.) d&apos;Ecologie Tropicale (Option: Végétale), Faculté des Sciences et Techniques, Université de Cocody, Abidjan, 159 pages.</citation>
      <citation>Aké-Assi E.A., 2015. Etude taxinomique des plantes à potentialité décorative de la flore du sud de la Côte d&apos;Ivoire et essai de domestication de Thumbergia atacorensis Akoegninou &amp; Lisowski (Acanthaceae), une espèce nouvellement introduite. Thèse de Doctorat ès Sciences Naturelles. Université Félix Houphouët-Boigny, UFR Biosciences, Laboratoire de Botanique, 216p.</citation>
      <citation>Aké-Assi E.A., 2002. Contribution à l&apos;étude des plantes ornementales cultivées dans les régions d&apos;Abidjan et de San-Pedro, en Côte d&apos;Ivoire. Doctorat de 3ème cycle, UFR Biosciences, Université de Cocody-Abidjan, Côte d&apos;Ivoire, Volume 1 (texte et iconographie) 291p.</citation>
      <citation>Aké-Assi E.A., 2002. Contribution à l&apos;étude des plantes ornementales cultivées dans les régions d&apos;Abidjan et de San-Pedro, en Côte d&apos;Ivoire. Doctorat de 3ème cycle, UFR Biosciences, Université de Cocody-Abidjan, Côte d&apos;Ivoire, Volume 2 (catalogue illustré de 241 espèces et variétés horticoles) 110p.</citation>
              </bibliography>
              <resourceLogoUrl>http://ipt-cotedivoire.gbif.fr/logo.do?r=dpublicnf</resourceLogoUrl>
        </gbif>
    </metadata>
</additionalMetadata>

</eml:eml>
