<?xml version="1.0" encoding="utf-8"?>
<eml:eml xmlns:eml="eml://ecoinformatics.org/eml-2.1.1" xmlns:xsi="http://www.w3.org/2001/XMLSchema-instance"
         xsi:schemaLocation="eml://ecoinformatics.org/eml-2.1.1 http://rs.gbif.org/schema/eml-gbif-profile/1.1/eml.xsd"
        packageId="447944f5-3897-46ec-ad05-9b9d7a3ae39c"  system="http://gbif.org" scope="system"
  xml:lang="fr">

<dataset>
      <alternateIdentifier>10.15468/3vxxjd</alternateIdentifier>
        <alternateIdentifier>http://ipt-cotedivoire.gbif.fr/resource?r=poaceae</alternateIdentifier>
    <title>Les Poaceae, les Fabaceae, les Euphorbiaceae, les Caesalpiniaceae, les Cyperaceae, les Mimosaceae, les Hippocrateaeceae, les Lamiaceae, les Dioscoreaceae, les Ebenaceae et quelque 28 autres autres familles de l&apos;herbier du Centre National de Floristique, en Côte d&apos;Ivoire.</title>
    <creator>
    <individualName>
<givenName>Konan</givenName>          <surName>YAO</surName>
    </individualName>
<organizationName>Université Felix Houphouet Boigny, Centre National de Floristique</organizationName><positionName>Researcher</positionName>    <address>
<deliveryPoint>22 BP 582 Abidjan 22</deliveryPoint><city>Abidjan</city><administrativeArea>District Autonome</administrativeArea><postalCode>+225</postalCode><country>CÔTE_DIVOIRE</country>    </address>
<phone>+225 08017956</phone><electronicMailAddress>yao83konan@gmail.com</electronicMailAddress>    </creator>
    <creator>
    <individualName>
<givenName>Akossoua Faustine</givenName>          <surName>KOUASSI</surName>
    </individualName>
<organizationName>Université Felix Houphouet Boigny, Centre National de Floristique</organizationName><positionName>Researcher</positionName>    <address>
<deliveryPoint>22 BP 582 Abidjan 22</deliveryPoint><city>Abidjan</city><administrativeArea>District Autonome</administrativeArea><postalCode>+225</postalCode><country>CÔTE_DIVOIRE</country>    </address>
<phone>+225 47589664</phone><electronicMailAddress>akossouafifi@yahoo.fr</electronicMailAddress>    </creator>
    <creator>
    <individualName>
<givenName>Francis Boli</givenName>          <surName>TRA BI</surName>
    </individualName>
<organizationName>Université Felix Houphouet Boigny, Centre National de Floristique</organizationName><positionName>Researcher</positionName>    <address>
<deliveryPoint>22 BP 582 Abidjan 22</deliveryPoint><city>Abidjan</city><administrativeArea>District Autonome</administrativeArea><postalCode>+225</postalCode><country>CÔTE_DIVOIRE</country>    </address>
<phone>+225 49500736</phone><electronicMailAddress>bolitbf@gmail.com</electronicMailAddress>    </creator>
    <creator>
    <individualName>
<givenName>Sabas Yao Sadaiou</givenName>          <surName>BARIMA</surName>
    </individualName>
<organizationName>Université Jean Lorougnon Guédé</organizationName><positionName>Researcher</positionName>    <address>
<deliveryPoint>BP 150 Daloa</deliveryPoint><city>Daloa</city><administrativeArea>Haut Sassandra</administrativeArea><postalCode>+225</postalCode><country>CÔTE_DIVOIRE</country>    </address>
<phone>+225 49648867</phone><electronicMailAddress>byssabas@yahoo.fr</electronicMailAddress>    </creator>
    <creator>
    <individualName>
<givenName>Kouamé Bertin</givenName>          <surName>AKPATOU</surName>
    </individualName>
<organizationName>Université Felix Houphouet Boigny</organizationName><positionName>Researcher</positionName>    <address>
<deliveryPoint>22 BP 582 Abidjan 22</deliveryPoint><city>Abidjan</city><administrativeArea>District Autonome</administrativeArea><postalCode>+225</postalCode><country>CÔTE_DIVOIRE</country>    </address>
<phone>+225 58511128</phone><electronicMailAddress>bertinakpatou@yahoo.fr</electronicMailAddress>    </creator>
    <creator>
    <individualName>
<givenName>Adama</givenName>          <surName>BAKAYOKO</surName>
    </individualName>
<organizationName>Université Nangui Abrogoua</organizationName><positionName>Researcher</positionName>    <address>
<deliveryPoint>01 BP 1303 Abidjan 01</deliveryPoint><city>Abidjan</city><administrativeArea>District Autonome</administrativeArea><postalCode>+225</postalCode><country>CÔTE_DIVOIRE</country>    </address>
<phone>+225 57961799</phone><electronicMailAddress>bakadamaci@yahoo.fr</electronicMailAddress>    </creator>
    <creator>
    <individualName>
<givenName>Ablan Emma</givenName>          <surName>AKE-ASSI</surName>
    </individualName>
<organizationName>Université Felix Houphouet Boigny, Centre National de Floristique</organizationName><positionName>Researcher</positionName>    <address>
<deliveryPoint>22 BP 582 Abidjan 22</deliveryPoint><city>Abidjan</city><administrativeArea>District Autonome</administrativeArea><postalCode>+225</postalCode><country>CÔTE_DIVOIRE</country>    </address>
<phone>+225 07464294</phone><electronicMailAddress>emmaaak@yahoo.fr</electronicMailAddress>    </creator>
    <creator>
    <individualName>
<givenName>Marie Solange</givenName>          <surName>TIEBRE</surName>
    </individualName>
<organizationName>Université Felix Houphouet Boigny, Centre National de Floristique</organizationName><positionName>Researcher</positionName>    <address>
<deliveryPoint>22 BP 582 Abidjan 22</deliveryPoint><city>Abidjan</city><administrativeArea>District Autonome</administrativeArea><postalCode>+225</postalCode><country>CÔTE_DIVOIRE</country>    </address>
<phone>+225 07578737</phone><electronicMailAddress>tiebre.ms@skynet.be</electronicMailAddress>    </creator>
    <creator>
    <individualName>
<givenName>Djakalia</givenName>          <surName>OUATTARA</surName>
    </individualName>
<organizationName>Centre National de Floristique</organizationName><positionName>Director</positionName>    <address>
<deliveryPoint>22 BP 582 Abidjan 22</deliveryPoint><city>Abidjan</city><administrativeArea>District Autonome</administrativeArea><postalCode>+225</postalCode><country>CÔTE_DIVOIRE</country>    </address>
<phone>+225 48111175</phone><electronicMailAddress>xylopia2002@yahoo.fr</electronicMailAddress>    </creator>
    <metadataProvider>
    <individualName>
<givenName>Béranger</givenName>          <surName>N&apos;GORAN</surName>
    </individualName>
<organizationName>Université Félix Houphouët Boigny, Centre National de Floristique (CNF)</organizationName><positionName>Metadata Author</positionName>    <address>
<deliveryPoint>22 BP 582 Abidjan 22</deliveryPoint><city>Abidjan</city><administrativeArea>District Autonome</administrativeArea><postalCode>+225</postalCode><country>CÔTE_DIVOIRE</country>    </address>
<phone>+225 58415317</phone><electronicMailAddress>kouaberanger@yahoo.fr</electronicMailAddress>    </metadataProvider>
    <associatedParty>
    <individualName>
<givenName>Joseph Ipou</givenName>          <surName>IPOU</surName>
    </individualName>
<organizationName>Université Felix Houphouet Boigny</organizationName><positionName>Coordonnateur</positionName>    <address>
<deliveryPoint>22 BP 582 Abidjan 22</deliveryPoint><city>Abidjan</city><administrativeArea>District Autonome</administrativeArea><postalCode>+225</postalCode><country>CÔTE_DIVOIRE</country>    </address>
<phone>+225 07546039</phone><electronicMailAddress>ipoujoseph@yahoo.fr</electronicMailAddress>    <role>POINT_OF_CONTACT</role>
    </associatedParty>
      <pubDate>
      2018-05-19
      </pubDate>
    <language>FRENCH</language>
    <abstract>
        <para>Cette Liste de 38 familles, 433 genres et 1919 espèces est majoritairement composée de Poaceae, Fabaceae, Euphorbiaceae, Caesalpiniaceae, Cyperaceae, Mimosaceae, Hippocrateaeceae, Lamiaceae et Dioscoreaceae. Les taxons ont pour la plupart été collectés en Afrique et en Europe. Les pays africains où les collectes ont été les plus importantes sont la Côte d&amp;#39;Ivoire, le Niger, le Burkina Faso et le Togo. En Europe, les collectes ont été faites en France et au Royaume Uni.</para>
    </abstract>
        <keywordSet>
              <keyword>Herbier</keyword>
              <keyword>Côte d&apos;Ivoire</keyword>
              <keyword>CNF</keyword>
              <keywordThesaurus>GBIF Dataset Type Vocabulary: http://rs.gbif.org/vocabulary/gbif/dataset_type.xml</keywordThesaurus>
        </keywordSet>
        <keywordSet>
              <keyword>Specimen</keyword>
              <keywordThesaurus>GBIF Dataset Subtype Vocabulary: http://rs.gbif.org/vocabulary/gbif/dataset_subtype.xml</keywordThesaurus>
        </keywordSet>
      <intellectualRights>
        <para>This work is licensed under a <ulink url="http://creativecommons.org/licenses/by/4.0/legalcode"><citetitle>Creative Commons Attribution (CC-BY) 4.0 License</citetitle></ulink>.</para>
      </intellectualRights>
      <coverage>
            <geographicCoverage>
                  <geographicDescription>Africa, Europe</geographicDescription>
                  <boundingCoordinates>
                      <westBoundingCoordinate>-14.062</westBoundingCoordinate>
                      <eastBoundingCoordinate>47.812</eastBoundingCoordinate>
                      <northBoundingCoordinate>52.483</northBoundingCoordinate>
                      <southBoundingCoordinate>-35.461</southBoundingCoordinate>
                  </boundingCoordinates>
            </geographicCoverage>
          <temporalCoverage>
            <rangeOfDates>
              <beginDate>
                <calendarDate>      1900-08-10
</calendarDate>
              </beginDate>
              <endDate>
                <calendarDate>      2017-01-18
</calendarDate>
              </endDate>
            </rangeOfDates>
          </temporalCoverage>
              <taxonomicCoverage>
                    <generalTaxonomicCoverage>Caesalpiniaceae, Cyperaceae, Dillenniaceae, Dioncophyllaceae, Dioscoreaceae, Dipterocarpaceae, Droseraceae, Ebenaceae, Elatinaceae, Eriocaulaceae, Erythroxylaceae, Euphorbiaceae, Fabaceae, Ficoidaceae, Flacourtiaceae, Clusiaceae, Haemodoraceae, Haloragaceae, Hernandiaceae, Hippocrateaceae, Hoplestigmataceae, Humiriaceae, Hydrocharitaceae, Hydrophyllaceae, Hypericaceae, Hypoxidaceae, Icacinaceae, Iridaceae, Irvingiaceae, Ixonanthaceae, Lamiaceae, Lauraceae, Lecythidaceae, Mimosaceae, Poaceae.</generalTaxonomicCoverage>
                    <taxonomicClassification>
                          <taxonRankName>Species</taxonRankName>
                        <taxonRankValue>Kyllinga Nemoralis</taxonRankValue>
                    </taxonomicClassification>
              </taxonomicCoverage>
      </coverage>
      <maintenance>
          <description>
              <para></para>
          </description>
          <maintenanceUpdateFrequency>unkown</maintenanceUpdateFrequency>
      </maintenance>
      <contact>
    <individualName>
<givenName>Joseph Ipou</givenName>          <surName>IPOU</surName>
    </individualName>
<organizationName>Université Felix Houphouet Boigny</organizationName><positionName>Coordonnateur</positionName>    <address>
<deliveryPoint>22 BP 582 Abidjan 22</deliveryPoint><city>Abidjan</city><administrativeArea>District Autonome</administrativeArea><postalCode>+225</postalCode><country>CÔTE_DIVOIRE</country>    </address>
<phone>+225 07546039</phone><electronicMailAddress>ipoujoseph@yahoo.fr</electronicMailAddress>      </contact>
      <methods>
            <methodStep>
                <description>
                    <para>Collecte d&apos;échantillons, séchage, collage et identification de l’échantillon</para>
                </description>
            </methodStep>
            <sampling>
                <studyExtent>
                    <description>
                        <para>Afrique et Europe</para>
                    </description>
                </studyExtent>
                <samplingDescription>
                    <para>Collecte d&apos;échantillons, séchage, collage et identification de l’échantillon</para>
                </samplingDescription>
            </sampling>
      </methods>

      <project id="BID-AF2015-0025-NAC">
          <title>Evaluation and development of a funding mechanism and efficient management of data on plant biodiversity in Côte d&apos;Ivoire (Ivory Coast)</title>
          <personnel>
    <individualName>
<givenName>Joseph Ipou</givenName>          <surName>IPOU</surName>
    </individualName>
    <role>POINT_OF_CONTACT</role>
          </personnel>
          <abstract>
              <para>The project BID- AF2015-0025-NAC was executed by four major players who are involved in the management of the ivorian plant biodiversity.</para>
          </abstract>
          <funding>
              <para>BID</para>
          </funding>
      </project>
</dataset>

<additionalMetadata>
    <metadata>
      <gbif>
        <dateStamp>2018-10-09T09:43:15Z</dateStamp>
      <citation>YAO K, KOUASSI A F, TRA BI F B, BARIMA S Y S, AKPATOU K B, BAKAYOKO A, AKE-ASSI A E, TIEBRE M S, OUATTARA D, N&apos;GORAN B (2018). Les Poaceae, les Fabaceae, les Euphorbiaceae, les Caesalpiniaceae, les Cyperaceae, les Mimosaceae, les Hippocrateaeceae, les Lamiaceae, les Dioscoreaceae, les Ebenaceae et quelque 28 autres autres familles de l&apos;herbier du Centre National de Floristique, en Côte d&apos;Ivoire.. Centre National de Floristique. Occurrence dataset https://doi.org/10.15468/3vxxjd accessed via GBIF.org on 2018-10-09.</citation>
              <bibliography>
      <citation>Aké-Assi L., 2001. Flore de la Côte d&apos;Ivoire: catalogue systématique, biogéographie et écologie, I. Boisisiera, volume 57. Mémoires de botanique systématique, Génève, Belgique, 396p.</citation>
      <citation>Aké-Assi L., 2002. Flore de la Côte d&apos;Ivoire: catalogue systématique, biogéographie et écologie, II. Boisisiera, volume 58. Mémoires de botanique systématique, Génève, Belgique, 401p.</citation>
      <citation>Aké-Assi L., 1984. Flore de la Côte d&apos;Ivoire: étude descriptive et biogéographie avec quelqus notes ethnobotaniques. Tome IA: flore des Angiospermes: liste commentée des espèces recensées (Acanthaceae à Casuarinaceae). Thèse de Doctorat, Faculté des Sciences de l&apos;Université d&apos;Abidjan, Abidjan, Côte d&apos;Ivoire, 176p.</citation>
      <citation>Aké-Assi L., 1984. Flore de la Côte d&apos;Ivoire: étude descriptive et biogéographie avec quelqus notes ethnobotaniques. Tome IB: flore des Angiospermes: liste commentée des espèces recensées (Cecropiaceae à Leguminosae). Thèse de Doctorat, Faculté des Sciences de l&apos;Université d&apos;Abidjan, Abidjan, Côte d&apos;Ivoire, 393p.</citation>
      <citation>Aké-Assi L., 1984. Flore de la Côte d&apos;Ivoire: étude descriptive et biogéographie avec quelqus notes ethnobotaniques. Tome IC: flore des Angiospermes: liste commentée des espèces recensées (Monocotylédones). Thèse de Doctorat, Faculté des Sciences de l&apos;Université d&apos;Abidjan, Abidjan, Côte d&apos;Ivoire, 721p.</citation>
      <citation>Aké-Assi L., 1984. Flore de la Côte d&apos;Ivoire: étude descriptive et biogéographie avec quelqus notes ethnobotaniques. Tome ID: flore des Angiospermes: liste commentée des espèces recensées (Monocotylédones). Thèse de Doctorat, Faculté des Sciences de l&apos;Université d&apos;Abidjan, Abidjan, Côte d&apos;Ivoire, 721p.</citation>
      <citation>Aké-Assi L., 1984. Flore de la Côte d&apos;Ivoire: étude descriptive et biogéographie avec quelqus notes ethnobotaniques. Tome III: Analyse des caractères de la flore ivoirienne, considérations générales. Thèse de Doctorat, Faculté des Sciences de l&apos;Université d&apos;Abidjan, Abidjan, Côte d&apos;Ivoire, 721p.</citation>
      <citation>Aké-Assi A.E., 1996. Contribution à l&apos;étude des plantes ornementales cultivées dans la région d&apos;Abidjan (Côte d&apos;Ivoire). Diplôme d&apos;Etudes Approfondies (D.E.A.) d&apos;Ecologie Tropicale (Option: Végétale), Faculté des Sciences et Techniques, Université de Cocody, Abidjan, 159 pages.</citation>
      <citation>Aké-Assi E.A., 2015. Etude taxinomique des plantes à potentialité décorative de la flore du sud de la Côte d&apos;Ivoire et essai de domestication de Thumbergia atacorensis Akoegninou &amp; Lisowski (Acanthaceae), une espèce nouvellement introduite. Thèse de Doctorat ès Sciences Naturelles. Université Félix Houphouët-Boigny, UFR Biosciences, Laboratoire de Botanique, 216p.</citation>
      <citation>Aké-Assi E.A., 2002. Contribution à l&apos;étude des plantes ornementales cultivées dans les régions d&apos;Abidjan et de San-Pedro, en Côte d&apos;Ivoire. Doctorat de 3ème cycle, UFR Biosciences, Université de Cocody-Abidjan, Côte d&apos;Ivoire, Volume 1 (texte et iconographie) 291p.</citation>
      <citation>Aké-Assi E.A., 2002. Contribution à l&apos;étude des plantes ornementales cultivées dans les régions d&apos;Abidjan et de San-Pedro, en Côte d&apos;Ivoire. Doctorat de 3ème cycle, UFR Biosciences, Université de Cocody-Abidjan, Côte d&apos;Ivoire, Volume 2 (catalogue illustré de 241 espèces et variétés horticoles) 110p.</citation>
              </bibliography>
              <resourceLogoUrl>http://ipt-cotedivoire.gbif.fr/logo.do?r=poaceae</resourceLogoUrl>
              <collection>
                <parentCollectionIdentifier></parentCollectionIdentifier>
                <collectionIdentifier>UCJ</collectionIdentifier>
                <collectionName>Centre National de Floristique</collectionName>
              </collection>
        </gbif>
    </metadata>
</additionalMetadata>

</eml:eml>
