<?xml version="1.0" encoding="utf-8"?>
<eml:eml xmlns:eml="eml://ecoinformatics.org/eml-2.1.1" xmlns:xsi="http://www.w3.org/2001/XMLSchema-instance"
         xsi:schemaLocation="eml://ecoinformatics.org/eml-2.1.1 http://rs.gbif.org/schema/eml-gbif-profile/1.1/eml.xsd"
        packageId="4ce8e3f9-2546-4af1-b28d-e2eadf05dfd4"  system="http://gbif.org" scope="system"
  xml:lang="en">

<dataset>
      <alternateIdentifier>10.15468/rhzrxw</alternateIdentifier>
        <alternateIdentifier>https://collections.ala.org.au/public/show/dr376</alternateIdentifier>
        <alternateIdentifier>http://collections.ala.org.au/public/show/dr376</alternateIdentifier>
        <alternateIdentifier>4ce8e3f9-2546-4af1-b28d-e2eadf05dfd4</alternateIdentifier>
        <alternateIdentifier>urn:lsid:biocol.org:col:15596</alternateIdentifier>
        <alternateIdentifier>57f201e3-6562-37ec-94d8-bf9b12293f12</alternateIdentifier>
    <title>Australia&apos;s Virtual Herbarium</title>
    <creator>
<organizationName>Australia&apos;s Virtual Herbarium</organizationName><onlineUrl>http://avh.rbg.vic.gov.au</onlineUrl>    </creator>
    <creator>
<organizationName>State Herbarium of South Australia</organizationName>    <address>
<deliveryPoint>Plant Biodiversity Centre, Hackney Road</deliveryPoint><city>Adelaide</city><administrativeArea>South Australia</administrativeArea><postalCode>5000</postalCode><country>AUSTRALIA</country>    </address>
<phone>(08) 8222 9311</phone><electronicMailAddress>stateherbsa@sa.gov.au</electronicMailAddress><onlineUrl>http://www.environment.sa.gov.au/Science/Science_research/State_Herbarium</onlineUrl>    </creator>
    <creator>
<organizationName>National Herbarium of Victoria</organizationName>    <address>
<deliveryPoint>Birdwood Avenue</deliveryPoint><city>Melbourne</city><administrativeArea>Victoria</administrativeArea><postalCode>3004</postalCode><country>AUSTRALIA</country>    </address>
<phone>(03) 9252 2300</phone><electronicMailAddress>rbg@rbg.vic.gov.au</electronicMailAddress><onlineUrl>http://www.rbg.vic.gov.au/science/herbarium-and-resources</onlineUrl>    </creator>
    <creator>
<organizationName>National Herbarium of New South Wales</organizationName>    <address>
<deliveryPoint>The Royal Botanic Garden, Sydney</deliveryPoint><city>Sydney</city><administrativeArea>New South Wales</administrativeArea><postalCode>2000</postalCode><country>AUSTRALIA</country>    </address>
<phone>(02) 9231 8111</phone><electronicMailAddress>feedback@rbgsyd.nsw.gov.au</electronicMailAddress><onlineUrl>http://www.rbgsyd.nsw.gov.au/science/Herbarium_and_resources/nsw_herbarium</onlineUrl>    </creator>
    <creator>
<organizationName>Queensland Herbarium</organizationName>    <address>
<deliveryPoint>Queensland Herbarium, Brisbane Botanic Gardens, Mt Coot-tha, Mt Coot-tha Road</deliveryPoint><city>Toowong</city><administrativeArea>Queensland</administrativeArea><postalCode>4066</postalCode><country>AUSTRALIA</country>    </address>
<phone>(07) 3896 9325</phone><electronicMailAddress>queensland.herbarium@qld.gov.au</electronicMailAddress><onlineUrl>http://www.qld.gov.au/environment/plants-animals/plants/herbarium/</onlineUrl>    </creator>
    <creator>
<organizationName>Western Australian Herbarium</organizationName>    <address>
<deliveryPoint>Keiran McNamara Conservation Science Centre, 17 Dick Perry Avenue</deliveryPoint><city>Kensington</city><administrativeArea>Western Australia</administrativeArea><postalCode>6151</postalCode><country>AUSTRALIA</country>    </address>
<phone>(08) 9219 8000</phone><electronicMailAddress>herbarium@dpaw.wa.gov.au</electronicMailAddress><onlineUrl>http://www.dpaw.wa.gov.au/plants-and-animals/wa-herbarium</onlineUrl>    </creator>
    <creator>
<organizationName>Australian National Herbarium</organizationName>    <address>
<deliveryPoint>Black Mountain Laboratories, Clunies Ross Street</deliveryPoint><city>Acton</city><administrativeArea>Australian Capital Territory</administrativeArea><postalCode>2601</postalCode><country>AUSTRALIA</country>    </address>
<phone>(02) 6246 5084</phone><electronicMailAddress>canbr-info@anbg.gov.au</electronicMailAddress><onlineUrl>http://www.anbg.gov.au/cpbr/</onlineUrl>    </creator>
    <creator>
<organizationName>Tasmanian Herbarium</organizationName>    <address>
<deliveryPoint>University of Tasmania, College Road</deliveryPoint><city>Sandy Bay</city><administrativeArea>Tasmania</administrativeArea><postalCode>7001</postalCode><country>AUSTRALIA</country>    </address>
<phone>(03) 6226 2635</phone><electronicMailAddress>herbarium@tmag.tas.gov.au</electronicMailAddress><onlineUrl>http://www.tmag.tas.gov.au/index.aspx?base=1273</onlineUrl>    </creator>
    <creator>
<organizationName>Northern Territory Herbarium (Darwin)</organizationName>    <address>
<deliveryPoint>Herbarium Building, The Boulevard</deliveryPoint><city>Palmerston</city><administrativeArea>Northern Territory</administrativeArea><postalCode>0830</postalCode><country>AUSTRALIA</country>    </address>
<phone>(08) 8999 4516</phone><electronicMailAddress>ian.cowie@nt.gov.au</electronicMailAddress><onlineUrl>https://nt.gov.au/environment/native-plants/native-plants-and-nt-herbarium</onlineUrl>    </creator>
    <creator>
<organizationName>Northern Territory Herbarium (Alice Springs)</organizationName>    <address>
<deliveryPoint>Alice Springs Desert Park</deliveryPoint><city>Alice Springs</city><administrativeArea>Northern Territory</administrativeArea><postalCode>0871</postalCode><country>AUSTRALIA</country>    </address>
<phone>(08) 8951 8792</phone><electronicMailAddress>dave.albrecht@nt.gov.au</electronicMailAddress><onlineUrl>http://lrm.nt.gov.au/herbarium</onlineUrl>    </creator>
    <creator>
<organizationName>N.C.W. Beadle Herbarium</organizationName>    <address>
<deliveryPoint>The University of New England</deliveryPoint><city>Armidale</city><administrativeArea>New South Wales</administrativeArea><postalCode>2351</postalCode><country>AUSTRALIA</country>    </address>
<phone>(02) 6773 2429 or 6773 2875</phone><electronicMailAddress>itelford@une.edu.au</electronicMailAddress><onlineUrl>http://www.une.edu.au/herbarium/</onlineUrl>    </creator>
    <creator>
<organizationName>The University of Melbourne Herbarium</organizationName>    <address>
<deliveryPoint>School of BioSciences, The University of Melbourne</deliveryPoint><city>Melbourne</city><administrativeArea>Victoria</administrativeArea><postalCode>3010</postalCode><country>AUSTRALIA</country>    </address>
<phone>(03) 8344 5040</phone><electronicMailAddress>botany-herbarium@unimelb.edu.au</electronicMailAddress><onlineUrl>http://biosciences.unimelb.edu.au/engage/the-university-of-melbourne-herbarium</onlineUrl>    </creator>
    <creator>
<organizationName>La Trobe University Herbarium</organizationName>    <address>
<deliveryPoint>Department of Ecology, Environment and Evolution, La Trobe University</deliveryPoint><city>Bundoora</city><administrativeArea>Victoria</administrativeArea><postalCode>3086</postalCode><country>AUSTRALIA</country>    </address>
<phone>(03) 9479 2327</phone><electronicMailAddress>a.kellow@latrobe.edu.au</electronicMailAddress><onlineUrl>http://www.latrobe.edu.au/ecology-environment-evolution/about-us/facilities/herbarium</onlineUrl>    </creator>
    <creator>
<organizationName>James Cook University Herbarium</organizationName>    <address>
<deliveryPoint>College of Marine and Environmental Sciences, James Cook University</deliveryPoint><city>Townsville</city><administrativeArea>Qld</administrativeArea><postalCode>4811</postalCode><country>AUSTRALIA</country>    </address>
<phone>(07) 4781 4574</phone><electronicMailAddress>betsy.jackes@jcu.edu.au</electronicMailAddress><onlineUrl>http://www.jcu.edu.au/mtb/research/facilities/JCUPRD_055869.html</onlineUrl>    </creator>
    <metadataProvider>
<organizationName>Australia&apos;s Virtual Herbarium</organizationName><onlineUrl>http://avh.rbg.vic.gov.au</onlineUrl>    </metadataProvider>
    <associatedParty>
<organizationName>Atlas of Living Australia</organizationName>    <address>
<deliveryPoint>CSIRO Ecosystems Services</deliveryPoint><city>Canberra</city><administrativeArea>ACT</administrativeArea><postalCode>2601</postalCode><country>AUSTRALIA</country>    </address>
<electronicMailAddress>info@ala.org.au</electronicMailAddress>    <role>DISTRIBUTOR</role>
    </associatedParty>
      <pubDate>
      2018-05-11
      </pubDate>
    <language>ENGLISH</language>
    <abstract>
        <para>AVH provides access to information obtained from the collections held in Australian herbaria.

Australia’s herbaria house over seven million plant, algae and fungi specimens. The collecting data stored with these specimens provides the most complete picture of the distribution of Australia’s flora to date.</para>
    </abstract>
      <intellectualRights>
        <para>This work is licensed under a <ulink url="http://creativecommons.org/licenses/by/4.0/legalcode"><citetitle>Creative Commons Attribution (CC-BY) 4.0 License</citetitle></ulink>.</para>
      </intellectualRights>
      <distribution scope="document">
          <online>
              <url function="information">https://collections.ala.org.au/public/show/dr376</url>
          </online>
      </distribution>
      <contact>
    <individualName>
<givenName>Niels</givenName>          <surName>Klazenga</surName>
    </individualName>
<positionName>editor</positionName><phone>(03) 9252 2346</phone><electronicMailAddress>niels.klazenga@rbg.vic.gov.au</electronicMailAddress>      </contact>
      <methods>
      </methods>

</dataset>

<additionalMetadata>
    <metadata>
      <gbif>
        <dateStamp>2018-10-09T09:43:08Z</dateStamp>
      <citation>Australia&apos;s Virtual Herbarium (2018). Australia&apos;s Virtual Herbarium. Occurrence dataset https://doi.org/10.15468/rhzrxw accessed via GBIF.org on 2018-10-09.</citation>
              <resourceLogoUrl>https://collections.ala.org.au/data/dataResource/avh_logo_green_transparent.png</resourceLogoUrl>
        </gbif>
    </metadata>
</additionalMetadata>

</eml:eml>
