<?xml version="1.0" encoding="utf-8"?>
<eml:eml xmlns:eml="eml://ecoinformatics.org/eml-2.1.1" xmlns:xsi="http://www.w3.org/2001/XMLSchema-instance"
         xsi:schemaLocation="eml://ecoinformatics.org/eml-2.1.1 http://rs.gbif.org/schema/eml-gbif-profile/1.1/eml.xsd"
        packageId="6638025e-8f15-45e7-9fc4-2afe55b20d1e"  system="http://gbif.org" scope="system"
  xml:lang="fr">

<dataset>
      <alternateIdentifier>10.15468/jck3cq</alternateIdentifier>
        <alternateIdentifier>6638025e-8f15-45e7-9fc4-2afe55b20d1e</alternateIdentifier>
        <alternateIdentifier>http://ipt-cotedivoire.gbif.fr/resource?r=liste_cnf</alternateIdentifier>
    <title>Diversité à partir d&apos;une liste d&apos;occurrences d&apos;espèces appartenant à quelques familles de l&apos;Herbier du Centre National de Floristique (CNF) en Côte d&apos;Ivoire.</title>
    <creator>
    <individualName>
<givenName>Beranger Koua Serge</givenName>          <surName>N&apos;GORAN</surName>
    </individualName>
<organizationName>Centre National de Floristique</organizationName><positionName>Gestionnaire de base de données</positionName>    <address>
<deliveryPoint>22 BP 582 Abidjan 22</deliveryPoint><city>Abidjan</city><administrativeArea>District Autonome D&apos;Abidjan</administrativeArea><postalCode>225</postalCode><country>CÔTE_DIVOIRE</country>    </address>
<phone>(+225)58415317</phone><electronicMailAddress>kouaberanger@yahoo.fr</electronicMailAddress><onlineUrl>http://cnf-ufhb.ci</onlineUrl>    </creator>
    <creator>
    <individualName>
<givenName>Konan</givenName>          <surName>Yao</surName>
    </individualName>
<organizationName>Centre National de Floristique</organizationName><positionName>Gestionnaire de base de données</positionName>    <address>
<deliveryPoint>22 BP 582 Abidjan 22</deliveryPoint><city>Abidjan</city><administrativeArea>District Autonome D&apos;Abidjan</administrativeArea><postalCode>225</postalCode><country>CÔTE_DIVOIRE</country>    </address>
<phone>(+225)08017956</phone><electronicMailAddress>yao83konan@gmail.com</electronicMailAddress><onlineUrl>http://cnf-ufhb.ci</onlineUrl>    </creator>
    <creator>
    <individualName>
<givenName>Faustine Akossoua</givenName>          <surName>Kouassi</surName>
    </individualName>
<organizationName>Centre National de Floristique</organizationName><positionName>Gestionnaire de base de données</positionName>    <address>
<deliveryPoint>22 BP 582 Abidjan 22</deliveryPoint><city>Abidjan</city><administrativeArea>District Autonome D&apos;Abidjan</administrativeArea><postalCode>225</postalCode><country>CÔTE_DIVOIRE</country>    </address>
<phone>(+225)47589664</phone><electronicMailAddress>akossouafifi@yahoo.fr</electronicMailAddress><onlineUrl>http://cnf-ufhb.ci</onlineUrl>    </creator>
    <metadataProvider>
    <individualName>
<givenName>Beranger Koua Serge</givenName>          <surName>N&apos;GORAN</surName>
    </individualName>
<organizationName>Centre National de Floristique</organizationName><positionName>Gestionnaire de base de données</positionName>    <address>
<deliveryPoint>22 BP 582 Abidjan 22</deliveryPoint><city>Abidjan</city><administrativeArea>District Autonome D&apos;Abidjan</administrativeArea><postalCode>225</postalCode><country>CÔTE_DIVOIRE</country>    </address>
<phone>(+225)58415317</phone><electronicMailAddress>kouaberanger@yahoo.fr</electronicMailAddress><onlineUrl>http://cnf-ufhb.ci</onlineUrl>    </metadataProvider>
    <associatedParty>
    <individualName>
<givenName>Joseph Ipou</givenName>          <surName>IPOU</surName>
    </individualName>
<organizationName>Centre National de Floristique</organizationName><positionName>Directeur</positionName>    <address>
<deliveryPoint>22 BP 582 Abidjan 22</deliveryPoint><city>Abidjan</city><administrativeArea>District Autonome D&apos;Abidjan</administrativeArea><postalCode>225</postalCode><country>CÔTE_DIVOIRE</country>    </address>
<phone>(+225)07546039</phone><electronicMailAddress>ipoujoseph@yahoo.fr</electronicMailAddress><onlineUrl>http://cnf-ufhb.ci</onlineUrl>    <role>POINT_OF_CONTACT</role>
    </associatedParty>
    <associatedParty>
    <individualName>
<givenName>Yao Sabas Sadaïou</givenName>          <surName>BARIMA</surName>
    </individualName>
<organizationName>Université Jean Lorougnon Guédé</organizationName><positionName>Enseignant-chercheur</positionName>    <address>
<city>Daloa</city><administrativeArea>Haut Sassandra</administrativeArea><postalCode>225</postalCode><country>CÔTE_DIVOIRE</country>    </address>
<phone>(+225)49648867</phone><electronicMailAddress>byssabas@yahoo.fr</electronicMailAddress><onlineUrl>http://griepe.net</onlineUrl>    <role>AUTHOR</role>
    </associatedParty>
    <associatedParty>
    <individualName>
<givenName>Bertin</givenName>          <surName>AKPATOU</surName>
    </individualName>
<organizationName>Centre suisse de Recherche Scientifique</organizationName><positionName>Gestionnaire de base de données</positionName>    <address>
<deliveryPoint>22 BP 582 Abidjan 22</deliveryPoint><city>Abidjan</city><administrativeArea>District Autonome D&apos;Abidjan</administrativeArea><postalCode>225</postalCode><country>CÔTE_DIVOIRE</country>    </address>
<phone>(+225)58511128</phone><electronicMailAddress>bertinakpatou@yahoo.fr</electronicMailAddress><onlineUrl>http://cnf-ufhb.ci</onlineUrl>    <role>AUTHOR</role>
    </associatedParty>
      <pubDate>
      2017-07-11
      </pubDate>
    <language>FRENCH</language>
    <abstract>
        <para>Données d&amp;#39;occurrence des espèces des familles : Acanthaceae, Agavaceae, Alangiaceae, Alismataceae, Amaranthaceae, Amaryllidaceae, Ampelidaceae, Anacardiaceae, Ancistrocladaceae, Anonaceae, Apocynaceae, presents dans l&amp;#39;herbier du Centre National de Floristique en Côte d&amp;#39;Ivoire collectées depuis les années 1930 à 2000 en Côte d&amp;#39;Ivoire, en Afrique et en France.</para>
    </abstract>
        <keywordSet>
              <keyword>Occurrence</keyword>
              <keywordThesaurus>GBIF Dataset Type Vocabulary: http://rs.gbif.org/vocabulary/gbif/dataset_type.xml</keywordThesaurus>
        </keywordSet>
        <keywordSet>
              <keyword>Specimen</keyword>
              <keywordThesaurus>GBIF Dataset Subtype Vocabulary: http://rs.gbif.org/vocabulary/gbif/dataset_subtype.xml</keywordThesaurus>
        </keywordSet>
        <keywordSet>
              <keyword>Côte-d&apos;Ivoire</keyword>
              <keyword>Herbier</keyword>
              <keyword>CNF</keyword>
              <keywordThesaurus>n/a</keywordThesaurus>
        </keywordSet>
      <intellectualRights>
        <para>This work is licensed under a <ulink url="http://creativecommons.org/licenses/by/4.0/legalcode"><citetitle>Creative Commons Attribution (CC-BY) 4.0 License</citetitle></ulink>.</para>
      </intellectualRights>
      <distribution scope="document">
          <online>
              <url function="information">http://cnf-ufhb.ci/</url>
          </online>
      </distribution>
      <coverage>
            <geographicCoverage>
                  <geographicDescription>Collecte réalisée dans plusieurs pays d&apos;Afrique et en France.</geographicDescription>
                  <boundingCoordinates>
                      <westBoundingCoordinate>-17.578</westBoundingCoordinate>
                      <eastBoundingCoordinate>50.625</eastBoundingCoordinate>
                      <northBoundingCoordinate>52.052</northBoundingCoordinate>
                      <southBoundingCoordinate>-34.886</southBoundingCoordinate>
                  </boundingCoordinates>
            </geographicCoverage>
          <temporalCoverage>
            <rangeOfDates>
              <beginDate>
                <calendarDate>      1930-01-01
</calendarDate>
              </beginDate>
              <endDate>
                <calendarDate>      2000-01-01
</calendarDate>
              </endDate>
            </rangeOfDates>
          </temporalCoverage>
              <taxonomicCoverage>
                    <taxonomicClassification>
                          <taxonRankName>Family</taxonRankName>
                        <taxonRankValue>Acanthaceae</taxonRankValue>
                    </taxonomicClassification>
                    <taxonomicClassification>
                          <taxonRankName>Family</taxonRankName>
                        <taxonRankValue>Agavaceae</taxonRankValue>
                    </taxonomicClassification>
                    <taxonomicClassification>
                          <taxonRankName>Family</taxonRankName>
                        <taxonRankValue>Alangiaceae</taxonRankValue>
                    </taxonomicClassification>
                    <taxonomicClassification>
                          <taxonRankName>Family</taxonRankName>
                        <taxonRankValue>Alismataceae</taxonRankValue>
                    </taxonomicClassification>
                    <taxonomicClassification>
                          <taxonRankName>Family</taxonRankName>
                        <taxonRankValue>Ampelidaceae</taxonRankValue>
                    </taxonomicClassification>
                    <taxonomicClassification>
                          <taxonRankName>Family</taxonRankName>
                        <taxonRankValue>Anacardiaceae</taxonRankValue>
                    </taxonomicClassification>
                    <taxonomicClassification>
                          <taxonRankName>Family</taxonRankName>
                        <taxonRankValue>Ancistrocladaceae</taxonRankValue>
                    </taxonomicClassification>
                    <taxonomicClassification>
                          <taxonRankName>Family</taxonRankName>
                        <taxonRankValue>Anonaceae</taxonRankValue>
                    </taxonomicClassification>
                    <taxonomicClassification>
                          <taxonRankName>Family</taxonRankName>
                        <taxonRankValue>Apocynaceae</taxonRankValue>
                    </taxonomicClassification>
                    <taxonomicClassification>
                          <taxonRankName>Family</taxonRankName>
                        <taxonRankValue>Amaryllidaceae</taxonRankValue>
                    </taxonomicClassification>
                    <taxonomicClassification>
                          <taxonRankName>Family</taxonRankName>
                        <taxonRankValue>Amaranthaceae</taxonRankValue>
                    </taxonomicClassification>
              </taxonomicCoverage>
      </coverage>
      <maintenance>
          <description>
              <para></para>
          </description>
          <maintenanceUpdateFrequency>irregular</maintenanceUpdateFrequency>
      </maintenance>
      <contact>
    <individualName>
<givenName>Beranger Koua Serge</givenName>          <surName>N&apos;GORAN</surName>
    </individualName>
<organizationName>Centre National de Floristique</organizationName><positionName>Gestionnaire de base de données</positionName>    <address>
<deliveryPoint>22 BP 582 Abidjan 22</deliveryPoint><city>Abidjan</city><administrativeArea>District Autonome D&apos;Abidjan</administrativeArea><postalCode>225</postalCode><country>CÔTE_DIVOIRE</country>    </address>
<phone>(+225)58415317</phone><electronicMailAddress>kouaberanger@yahoo.fr</electronicMailAddress><onlineUrl>http://cnf-ufhb.ci</onlineUrl>      </contact>
      <contact>
    <individualName>
<givenName>Konan</givenName>          <surName>Yao</surName>
    </individualName>
<organizationName>Centre National de Floristique</organizationName><positionName>Gestionnaire de base de données</positionName>    <address>
<deliveryPoint>22 BP 582 Abidjan 22</deliveryPoint><city>Abidjan</city><administrativeArea>District Autonome D&apos;Abidjan</administrativeArea><postalCode>225</postalCode><country>CÔTE_DIVOIRE</country>    </address>
<phone>(+225)08017956</phone><electronicMailAddress>yao83konan@gmail.com</electronicMailAddress><onlineUrl>http://cnf-ufhb.ci</onlineUrl>      </contact>
      <contact>
    <individualName>
<givenName>Faustine Akossoua</givenName>          <surName>Kouassi</surName>
    </individualName>
<organizationName>Centre National de Floristique</organizationName><positionName>Conservatrice</positionName>    <address>
<deliveryPoint>22 BP 582 Abidjan 22</deliveryPoint><city>Abidjan</city><administrativeArea>District Autonome D&apos;Abidjan</administrativeArea><postalCode>225</postalCode><country>CÔTE_DIVOIRE</country>    </address>
<phone>(+225)47589664</phone><electronicMailAddress>akossouafifi@yahoo.fr</electronicMailAddress><onlineUrl>http://cnf-ufhb.ci</onlineUrl>      </contact>
      <contact>
    <individualName>
<givenName>Jean</givenName>          <surName>Assi</surName>
    </individualName>
<organizationName>Centre National de Floristique</organizationName><positionName>Conservateur</positionName>    <address>
<deliveryPoint>22 BP 582 Abidjan 22</deliveryPoint><city>Abidjan</city><administrativeArea>District Autonome D&apos;Abidjan</administrativeArea><postalCode>225</postalCode><country>CÔTE_DIVOIRE</country>    </address>
<phone>(+225)07720500</phone><electronicMailAddress>jeanassiyap@yahoo.fr</electronicMailAddress><onlineUrl>http://cnf-ufhb.ci</onlineUrl>      </contact>
      <contact>
    <individualName>
<givenName>Ablan Emma</givenName>          <surName>Aké-Assi</surName>
    </individualName>
<organizationName>Institut Botanique Aké Assi d&apos;Andokoi</organizationName><positionName>Directrice</positionName>    <address>
<deliveryPoint>22 BP 582 Abidjan 22</deliveryPoint><city>Abidjan</city><administrativeArea>District Autonome D&apos;Abidjan</administrativeArea><postalCode>225</postalCode><country>CÔTE_DIVOIRE</country>    </address>
<phone>(+225)07464294</phone><electronicMailAddress>emmaaak@yahoo.fr</electronicMailAddress><onlineUrl>http://cnf-ufhb.ci</onlineUrl>      </contact>

      <project id="BID-AF2015-0025-NAC">
          <title>Evaluation and development of a funding mechanism and efficient management of data on plant biodiversity in Côte d&apos;Ivoire (Ivory Coast)</title>
          <personnel>
    <individualName>
<givenName>IPOU</givenName>          <surName>Joseph Ipou</surName>
    </individualName>
    <role>POINT_OF_CONTACT</role>
          </personnel>
          <personnel>
    <individualName>
<givenName>BASSIROU</givenName>          <surName>Bonfo</surName>
    </individualName>
    <role>POINT_OF_CONTACT</role>
          </personnel>
          <abstract>
              <para>This project revitalizes the Centre National de Floristique (CNF), the state institution responsible for plant biodiversity studies and host of the national herbarium, by setting up a mechanism for plant data management in Côte d’Ivoire. Agreements for collaboration and research are being developed between the four project partners – the CNF; the Swiss Center for Scientific Research, a leading research institute in the country; the Jean Lorougnon Guédé University which surveys plant biodiversity in protected areas in the country and the Institut Botanique Aké-Assi d’Andokoi, which has significant holdings of academic and research data.

Following training workshops, over 75,000 data records held by the four partner organizations will be mobilized and a database and management tool will be developed. Data papers and policy briefs will also be produced towards the goal of applying the mobilized data in response to national priorities.</para>
          </abstract>
          <funding>
              <para>Funding € 59,131
Co Funding € 124,130
Type Of Grant National grant
Financed by the BID Programme</para>
          </funding>
      </project>
</dataset>

<additionalMetadata>
    <metadata>
      <gbif>
        <dateStamp>2018-10-09T09:43:07Z</dateStamp>
      <citation>N&apos;GORAN B K S, Yao K, Kouassi F A (2017). Diversité à partir d&apos;une liste d&apos;occurrences d&apos;espèces appartenant à quelques familles de l&apos;Herbier du Centre National de Floristique (CNF) en Côte d&apos;Ivoire.. Version 1.1. Centre National de Floristique. Occurrence dataset https://doi.org/10.15468/jck3cq accessed via GBIF.org on 2018-10-09.</citation>
              <bibliography>
      <citation>Aké-Assi L., 2001. Flore de la Côte d&apos;Ivoire: catalogue systématique, biogéographie et écologie, I. Boisisiera, volume 57. Mémoires de botanique systématique, Génève, Belgique, 396p.</citation>
      <citation>Aké-Assi L., 2002. Flore de la Côte d&apos;Ivoire: catalogue systématique, biogéographie et écologie, II. Boisisiera, volume 58. Mémoires de botanique systématique, Génève, Belgique, 401p.</citation>
      <citation>Aké-Assi L., 1984. Flore de la Côte d&apos;Ivoire: étude descriptive et biogéographie avec quelqus notes ethnobotaniques. Tome IA: flore des Angiospermes: liste commentée des espèces recensées (Acanthaceae à Casuarinaceae). Thèse de Doctorat, Faculté des Sciences de l&apos;Université d&apos;Abidjan, Abidjan, Côte d&apos;Ivoire, 176p.</citation>
      <citation>Aké-Assi L., 1984. Flore de la Côte d&apos;Ivoire: étude descriptive et biogéographie avec quelqus notes ethnobotaniques. Tome IB: flore des Angiospermes: liste commentée des espèces recensées (Cecropiaceae à Leguminosae). Thèse de Doctorat, Faculté des Sciences de l&apos;Université d&apos;Abidjan, Abidjan, Côte d&apos;Ivoire, 393p.</citation>
      <citation>Aké-Assi L., 1984. Flore de la Côte d&apos;Ivoire: étude descriptive et biogéographie avec quelqus notes ethnobotaniques. Tome IC: flore des Angiospermes: liste commentée des espèces recensées (Monocotylédones). Thèse de Doctorat, Faculté des Sciences de l&apos;Université d&apos;Abidjan, Abidjan, Côte d&apos;Ivoire, 721p.</citation>
      <citation>Aké-Assi L., 1984. Flore de la Côte d&apos;Ivoire: étude descriptive et biogéographie avec quelqus notes ethnobotaniques. Tome ID: flore des Angiospermes: liste commentée des espèces recensées (Monocotylédones). Thèse de Doctorat, Faculté des Sciences de l&apos;Université d&apos;Abidjan, Abidjan, Côte d&apos;Ivoire, 721p.</citation>
      <citation>Aké-Assi L., 1984. Flore de la Côte d&apos;Ivoire: étude descriptive et biogéographie avec quelqus notes ethnobotaniques. Tome III: Analyse des caractères de la flore ivoirienne, considérations générales. Thèse de Doctorat, Faculté des Sciences de l&apos;Université d&apos;Abidjan, Abidjan, Côte d&apos;Ivoire, 721p.</citation>
      <citation>Aké-Assi A.E., 1996. Contribution à l&apos;étude des plantes ornementales cultivées dans la région d&apos;Abidjan (Côte d&apos;Ivoire). Diplôme d&apos;Etudes Approfondies (D.E.A.) d&apos;Ecologie Tropicale (Option: Végétale), Faculté des Sciences et Techniques, Université de Cocody, Abidjan, 159 pages.</citation>
      <citation>Aké-Assi E.A., 2015. Etude taxinomique des plantes à potentialité décorative de la flore du sud de la Côte d&apos;Ivoire et essai de domestication de Thumbergia atacorensis Akoegninou &amp; Lisowski (Acanthaceae), une espèce nouvellement introduite. Thèse de Doctorat ès Sciences Naturelles. Université Félix Houphouët-Boigny, UFR Biosciences, Laboratoire de Botanique, 216p.</citation>
      <citation>Aké-Assi E.A., 2002. Contribution à l&apos;étude des plantes ornementales cultivées dans les régions d&apos;Abidjan et de San-Pedro, en Côte d&apos;Ivoire. Doctorat de 3ème cycle, UFR Biosciences, Université de Cocody-Abidjan, Côte d&apos;Ivoire, Volume 1 (texte et iconographie) 291p.</citation>
      <citation>Aké-Assi E.A., 2002. Contribution à l&apos;étude des plantes ornementales cultivées dans les régions d&apos;Abidjan et de San-Pedro, en Côte d&apos;Ivoire. Doctorat de 3ème cycle, UFR Biosciences, Université de Cocody-Abidjan, Côte d&apos;Ivoire, Volume 2 (catalogue illustré de 241 espèces et variétés horticoles) 110p.</citation>
              </bibliography>
              <resourceLogoUrl>http://ipt-cotedivoire.gbif.fr/logo.do?r=liste_cnf</resourceLogoUrl>
              <collection>
                <parentCollectionIdentifier></parentCollectionIdentifier>
                <collectionIdentifier>UCJ</collectionIdentifier>
                <collectionName>Centre National de Floristique</collectionName>
              </collection>
                <specimenPreservationMethod>DRIED_AND_PRESSED</specimenPreservationMethod>
                  <jgtiCuratorialUnit>
                      <jgtiUnitType>Armoires et tiroirs</jgtiUnitType>
                      <jgtiUnitRange>
                          <beginRange>10</beginRange>
                          <endRange>15</endRange>
                      </jgtiUnitRange>
                  </jgtiCuratorialUnit>
        </gbif>
    </metadata>
</additionalMetadata>

</eml:eml>
