<?xml version="1.0" encoding="utf-8"?>
<eml:eml xmlns:eml="eml://ecoinformatics.org/eml-2.1.1" xmlns:xsi="http://www.w3.org/2001/XMLSchema-instance"
         xsi:schemaLocation="eml://ecoinformatics.org/eml-2.1.1 http://rs.gbif.org/schema/eml-gbif-profile/1.1/eml.xsd"
        packageId="67c54f85-7910-4cbf-8de4-6f0b136a0e34"  system="http://gbif.org" scope="system"
  xml:lang="en">

<dataset>
      <alternateIdentifier>10.15468/ygwilu</alternateIdentifier>
        <alternateIdentifier>13040</alternateIdentifier>
    <title>Continuous Plankton Recorder Dataset (SAHFOS)</title>
    <language>ENGLISH</language>
    <abstract>
        <para>SAHFOS is unique in having comparable data on the geographical distribution, seasonal cycles and year-to-year changes in abundance of plankton over a large spatial area. There is no other survey in the world with 80 years of marine plankton data.

CPR Data are available in paper form back to 1931 and from January 1946 onwards in a computerised relational database. The database contains results  with 2,629,628 taxonomic abundance entries.</para>
    </abstract>
      <intellectualRights>
        <para>This work is licensed under a <ulink url="http://creativecommons.org/licenses/by/4.0/legalcode"><citetitle>Creative Commons Attribution (CC-BY) 4.0 License</citetitle></ulink>.</para>
      </intellectualRights>
      <maintenance>
          <description>
              <para></para>
          </description>
          <maintenanceUpdateFrequency>unkown</maintenanceUpdateFrequency>
      </maintenance>

</dataset>

<additionalMetadata>
    <metadata>
      <gbif>
        <dateStamp>2018-10-09T09:43:17Z</dateStamp>
      <citation>Sir Alister Hardy Foundation for Ocean Science (SAHFOS). Continuous Plankton Recorder Dataset (SAHFOS). Version 1.0. Occurrence dataset https://doi.org/10.15468/ygwilu accessed via GBIF.org on 2018-10-09.</citation>
              <physical>
                  <objectName>GBIF Occurrence Download</objectName>
                  <characterEncoding>UTF-8</characterEncoding>
                  <dataFormat>
                      <externallyDefinedFormat>
                          <formatName>Darwin Core Archive</formatName>
                      </externallyDefinedFormat>
                  </dataFormat>
                  <distribution>
                      <online>
                          <url function="download">http://api.gbif.org/v1/occurrence/download/request/0012343-180131172636756.zip</url>
                      </online>
                  </distribution>
              </physical>
        </gbif>
    </metadata>
</additionalMetadata>

</eml:eml>
