<?xml version="1.0" encoding="utf-8"?>
<eml:eml xmlns:eml="eml://ecoinformatics.org/eml-2.1.1" xmlns:xsi="http://www.w3.org/2001/XMLSchema-instance"
         xsi:schemaLocation="eml://ecoinformatics.org/eml-2.1.1 http://rs.gbif.org/schema/eml-gbif-profile/1.1/eml.xsd"
        packageId="7b329598-f762-11e1-a439-00145eb45e9a"  system="http://gbif.org" scope="system"
  xml:lang="en">

<dataset>
      <alternateIdentifier>10.15468/dg1xxz</alternateIdentifier>
        <alternateIdentifier>11516</alternateIdentifier>
    <title>Herbaria of the University and ETH Zürich</title>
    <associatedParty>
    <individualName>
          <surName>Reto Nyffeler</surName>
    </individualName>
    <address>
<deliveryPoint>Zollikerstrasse 107, CH-8008 Zürich, Switzerland</deliveryPoint>    </address>
<phone>0041 (0)44 634 84 42</phone><electronicMailAddress>rnyffeler@systbot.unizh.ch</electronicMailAddress>    <role>TECHNICAL_POINT_OF_CONTACT</role>
    </associatedParty>
    <language>en</language>
    <abstract>
        <para></para>
    </abstract>
      <intellectualRights>
        <para>This work is licensed under a <ulink url="http://creativecommons.org/licenses/by-nc/4.0/legalcode"><citetitle>Creative Commons Attribution Non Commercial (CC-BY-NC) 4.0 License</citetitle></ulink>.</para>
      </intellectualRights>
      <contact>
    <individualName>
          <surName>Reto Nyffeler</surName>
    </individualName>
    <address>
<deliveryPoint>Zollikerstrasse 107, CH-8008 Zürich, Switzerland</deliveryPoint>    </address>
<phone>0041 (0)44 634 84 42</phone>      </contact>

</dataset>

<additionalMetadata>
    <metadata>
      <gbif>
        <dateStamp>2018-10-09T09:43:11Z</dateStamp>
      <citation>Herbaria of the University and ETH Zürich (Z+ZT). Herbaria of the University and ETH Zürich. Occurrence dataset https://doi.org/10.15468/dg1xxz accessed via GBIF.org on 2018-10-09.</citation>
        </gbif>
    </metadata>
</additionalMetadata>

</eml:eml>
