<?xml version="1.0" encoding="utf-8"?>
<eml:eml xmlns:eml="eml://ecoinformatics.org/eml-2.1.1" xmlns:xsi="http://www.w3.org/2001/XMLSchema-instance"
         xsi:schemaLocation="eml://ecoinformatics.org/eml-2.1.1 http://rs.gbif.org/schema/eml-gbif-profile/1.1/eml.xsd"
        packageId="7e27d776-24c0-4088-a269-0b49d0afcda6"  system="http://gbif.org" scope="system"
  xml:lang="fr">

<dataset>
      <alternateIdentifier>10.15468/rxo9w7</alternateIdentifier>
        <alternateIdentifier>http://ipt-togo.gbif.fr/resource?r=pays_taxon</alternateIdentifier>
        <alternateIdentifier>7e27d776-24c0-4088-a269-0b49d0afcda6</alternateIdentifier>
    <title>Liste des pays par taxon spécimen TOGO</title>
    <creator>
    <individualName>
<givenName>Raoufou Pierre</givenName>          <surName>Radji</surName>
    </individualName>
<organizationName>GBIF-TOGO</organizationName><positionName>Node Manager</positionName>    <address>
<deliveryPoint>01bp:1515 lome1</deliveryPoint><city>Lomé</city><administrativeArea>Maritim</administrativeArea><postalCode>01BP:1515 Lome1</postalCode><country>TOGO</country>    </address>
<phone>+22890045114</phone><electronicMailAddress>pradji@hotmail.com</electronicMailAddress><onlineUrl>http://Univ-lome.tg</onlineUrl>      <userId directory="http://orcid.org/">http://orcid.org/0000-0001-6597-8438</userId>
    </creator>
    <metadataProvider>
    <individualName>
<givenName>Koudjo</givenName>          <surName>AKPENE</surName>
    </individualName>
<organizationName>UNVERSITE DE LOME</organizationName><positionName>IT GBIF TOGO</positionName>    <address>
<deliveryPoint>01bp:1515 lome1</deliveryPoint><city>Lome</city><administrativeArea>Maritim</administrativeArea><postalCode>01bp:1515</postalCode><country>TOGO</country>    </address>
<phone>+22890038866</phone><electronicMailAddress>koudjoa@yahoo.fr</electronicMailAddress>    </metadataProvider>
    <associatedParty>
    <individualName>
<givenName>Koudjo</givenName>          <surName>AKPENE</surName>
    </individualName>
<electronicMailAddress>koudjoa@yahoo.fr</electronicMailAddress>    <role>USER</role>
    </associatedParty>
      <pubDate>
      2018-08-27
      </pubDate>
    <language>FRENCH</language>
    <abstract>
        <para>Ce dictionnaire multilingue de plantes médicinales répertorie près de 1000 plantes identifiées par leur nom scientifique, leur synonymes scientifiques et leurs indications médicinales dans environs 150 langues (souvent groupes linguistiques) locales de huit pays d’Afrique de l’Ouest : Bénin,Burkina Faso, Côte d’Ivoire,Guinée, Mali, Niger, Sénégal et Togo.
Cet ouvrage de complication, certes incomplète, des données collectées dans la littérature et sur Internet, est conçu comme un guide de lecture complémentaire aux études ethnobotanique dont nous présentons un aperçu non exhaustif dans les références bibliographique,afin d’en rendre la consultation plus accessible même au grand public. Il se veut avant tout être un outil de synthèse pour devenir un outil de dialogue entre les différents acteurs de la santé.
Ce document n’est en aucun cas un ouvrage de recettes médicinales d’où le choix d’une présentation synthétique qui mentionne uniquement les utilisations thérapeutiques sans livrer ni les associations de plantes, ni le mode de préparation, encore moins les posologies, afin d’éviter la tentation d’automédication, pratique dangereuse vu le caractère souvent toxique  des plantes.
Les volumes de ce dictionnaire permettent l’accès aux informations par différentes entrées.
Le volume 1 est une vraie démarche  « Dictionnaire » et contient les index qui renvoient aux noms scientifiques :
•	Noms africains : 25 000 noms de plantes en langues africaines et européennes (français et anglais) classés par ordre alphabétique ; la langue et pays sont indiqués.
•	Lexique des termes médicaux.
•	Indications médicinales : afin de faciliter  la recherche correspondant à une pathologie et de mettre en évidence les propriétés thérapeutiques des espèces, genres ou familles, sont présentées selon les 21 chapitres de la Classification Internationale des Maladies (CIM) version de l’Organisation Mondiale de la Santé (OMS). Une page d’introduction décrit cette classification, suivie d’une explication de la structure des différents chapitres puis l’index renvoie aux pages des propriétés thérapeutiques des plantes.
•	Synonymes scientifiques : les synonymes des noms scientifiques faciliteront la consultation des anciens ouvrages de référence qui se révèle souvent difficile.
L’intérêt de ce volume est de pouvoir mieux exploiter  la littérature dans un contexte de dialogue et d’échanges. En médecine traditionnelle, le nom local correspond à un savoir empirique transmis de génération en génération qui reste à une échelle très locale, celle du guérisseur du village ou de petite région. Au contraire, la nomenclature scientifique est universelle et constitue une référence pour identifier une plante, mais l’évolution des connaissances entraîne régulièrement une révision et une modification de cette classification binomiale. Grâce aux index nous espérons stimuler d’une part la communication entre tradithérapeutes pour qu’ils puissent  élargir  leur  pratique en s’inspirant de leur collègues d’autres régions, d’autres part la collaboration entre tradithérapeutes et scientifiques pour que la médecine traditionnelle puisse se développer et continue à soigner le plus grand nombre de personnes selon les critères d’efficacité et de sûreté actuellement en vigueur.
Le volume2 est une démarche de Monographie » des plantes choisies en raison principalement de la disponibilité de leurs noms locaux africains.Elles sont classées par ordre alphabétique de leur nom scientifique reconnu actuellement.
•	Le genre et l’espèce de la plante sont suivis de la famille à laquelle elle appartient, les synonymes scientifiques sont aussi répertoriés ainsi que les noms vulgaires en français et en anglais. Pour rendre homogène le classement des familles, la nomenclature adopté est celle de la base des données de plantes d’Afrique du Conservatoire et Jardin botanique  de la ville de Genève.
•	Pour son identification, chaque plante est présentée, dans la mesure possible, par une brève description etar sa répartition géographique. Les illustrations sont des dessins tirés d’ouvrages, pour la plupart publiés par certains des auteurs. Le lexique des termes botaniques explique par des figures et des définitions la terminologie scientifique employée.
•	Ensuite, on trouve les noms vernaculaires dans plus de 150 langues africaines classées par pays ainsi que l’utilisation médicinale traditionnelle présentée aussi par pays, avec l’organe et l’indication thérapeutique.
La relation entre le nom scientifique et le nom vernaculaire, permet la conservation des connaissances en médecine traditionnelle pour la préservation des savoir des peuples. Nous espérons que ce choix permettra une meilleure exploitation de la littérature spécialisée, favorisera une prise de conscience des ressources locales et surtout  encouragera un transfert efficace des connaissances entre jeunes instruits à « l’occidentale » et tradipraticiens de la santé, véritables « ethno-médecins » détenteurs de savoirs séculaires en voies de disparition. Ainsi les échanges entre les différents partenaires de santé contribueront à un enrichissement, par échanges entre tradipraticiens pour élargir leur pratique mutuelle et à  la mise au point de médicaments sûrs et efficaces si une collaboration s’instaure entre chercheurs en pharmacopée et praticiens traditionnels.
Cet ouvrage constitue une porte ouverte vers la comparaison entreles floreset la phytothérapie traditionnelle d’autres régions en vue de découvrir les convergences et les divergences dans l’utilisation de la même plante par différentes populations. Outre un enrichissement intellectuel, cela peut constituer  une piste pour le choix des espèces à cultiver à des fins utilitaires.
De plus, une meilleure connaissance par le grand public de l’utilisation des plantes contribuera à garantir une plus grande participationà la protection de la biodiversité. Il sera plus difficile de détruire ou de saccager la forêt et la savane si ces milieux sont considérés comme de véritables &amp;lt; pharmacies vivantes » utiles mais fragiles.</para>
    </abstract>
        <keywordSet>
              <keyword>Occurrence pharmacies vivantes plantes médicinales</keyword>
              <keywordThesaurus>GBIF Dataset Type Vocabulary: http://rs.gbif.org/vocabulary/gbif/dataset_type.xml</keywordThesaurus>
        </keywordSet>
        <keywordSet>
              <keyword>Observation</keyword>
              <keywordThesaurus>GBIF Dataset Subtype Vocabulary: http://rs.gbif.org/vocabulary/gbif/dataset_subtype.xml</keywordThesaurus>
        </keywordSet>
      <intellectualRights>
        <para>This work is licensed under a <ulink url="http://creativecommons.org/licenses/by/4.0/legalcode"><citetitle>Creative Commons Attribution (CC-BY) 4.0 License</citetitle></ulink>.</para>
      </intellectualRights>
      <coverage>
            <geographicCoverage>
                  <geographicDescription>Liste des pays par taxon spécimen</geographicDescription>
                  <boundingCoordinates>
                      <westBoundingCoordinate>-0.044</westBoundingCoordinate>
                      <eastBoundingCoordinate>1.626</eastBoundingCoordinate>
                      <northBoundingCoordinate>10.995</northBoundingCoordinate>
                      <southBoundingCoordinate>5.966</southBoundingCoordinate>
                  </boundingCoordinates>
            </geographicCoverage>
      </coverage>
      <maintenance>
          <description>
              <para></para>
          </description>
          <maintenanceUpdateFrequency>asNeeded</maintenanceUpdateFrequency>
      </maintenance>
      <contact>
    <individualName>
<givenName>Raoufou Pierre</givenName>          <surName>Radji</surName>
    </individualName>
<organizationName>GBIF-TOGO</organizationName><positionName>Node Manager</positionName>    <address>
<deliveryPoint>01bp:1515 lome1</deliveryPoint><city>Lomé</city><administrativeArea>Maritim</administrativeArea><postalCode>01BP:1515 Lome1</postalCode><country>TOGO</country>    </address>
<phone>+22890045114</phone><electronicMailAddress>pradji@hotmail.com</electronicMailAddress><onlineUrl>http://Univ-lome.tg</onlineUrl>      <userId directory="http://orcid.org/">http://orcid.org/0000-0001-6597-8438</userId>
      </contact>

      <project id="BID-AF2015-0004-NAC">
          <title>Strengthening the biodiversity stakeholders network in Togo</title>
          <personnel>
    <individualName>
<givenName>Raoufou Pierre</givenName>          <surName>Radji</surName>
    </individualName>
      <userId directory="http://orcid.org/">http://orcid.org/0000-0001-6597-8438</userId>
    <role>ADMINISTRATIVE_POINT_OF_CONTACT</role>
          </personnel>
          <abstract>
              <para></para>
          </abstract>
          <funding>
              <para></para>
          </funding>
      </project>
</dataset>

<additionalMetadata>
    <metadata>
      <gbif>
        <dateStamp>2018-10-09T09:43:12Z</dateStamp>
      <citation>Radji R P, AKPENE K (2018). Liste des pays par taxon spécimen TOGO. Version 1.7. Université de Lomé. Occurrence dataset https://doi.org/10.15468/rxo9w7 accessed via GBIF.org on 2018-10-09.</citation>
        </gbif>
    </metadata>
</additionalMetadata>

</eml:eml>
