<?xml version="1.0" encoding="utf-8"?>
<eml:eml xmlns:eml="eml://ecoinformatics.org/eml-2.1.1" xmlns:xsi="http://www.w3.org/2001/XMLSchema-instance"
         xsi:schemaLocation="eml://ecoinformatics.org/eml-2.1.1 http://rs.gbif.org/schema/eml-gbif-profile/1.1/eml.xsd"
        packageId="7f5260c2-f762-11e1-a439-00145eb45e9a"  system="http://gbif.org" scope="system"
  xml:lang="en">

<dataset>
      <alternateIdentifier>10.15468/5sl7sh</alternateIdentifier>
        <alternateIdentifier>13042</alternateIdentifier>
    <title>Natural History Museum, Vienna - Herbarium W</title>
    <associatedParty>
    <individualName>
          <surName>Ernst Vitek</surName>
    </individualName>
    <address>
<deliveryPoint>Burgring 7, A-1010 Vienna, Austria</deliveryPoint>    </address>
<phone>+43 (1) 52177-243</phone><electronicMailAddress>ernst.vitek@nhm-wien.ac.at</electronicMailAddress>    <role>TECHNICAL_POINT_OF_CONTACT</role>
    </associatedParty>
    <language>en</language>
    <abstract>
        <para></para>
    </abstract>
      <intellectualRights>
        <para>This work is licensed under a <ulink url="http://creativecommons.org/licenses/by/4.0/legalcode"><citetitle>Creative Commons Attribution (CC-BY) 4.0 License</citetitle></ulink>.</para>
      </intellectualRights>
      <contact>
    <individualName>
          <surName>Ernst Vitek</surName>
    </individualName>
    <address>
<deliveryPoint>Burgring 7, A-1010 Vienna, Austria</deliveryPoint>    </address>
<phone>+43 (1) 52177-243</phone><electronicMailAddress>ernst.vitek@nhm-wien.ac.at</electronicMailAddress>      </contact>

</dataset>

<additionalMetadata>
    <metadata>
      <gbif>
        <dateStamp>2018-10-09T09:43:09Z</dateStamp>
      <citation>Natural History Museum, Vienna - Herbarium W. Natural History Museum, Vienna - Herbarium W. Occurrence dataset https://doi.org/10.15468/5sl7sh accessed via GBIF.org on 2018-10-09.</citation>
        </gbif>
    </metadata>
</additionalMetadata>

</eml:eml>
