<?xml version="1.0" encoding="utf-8"?>
<eml:eml xmlns:eml="eml://ecoinformatics.org/eml-2.1.1" xmlns:xsi="http://www.w3.org/2001/XMLSchema-instance"
         xsi:schemaLocation="eml://ecoinformatics.org/eml-2.1.1 http://rs.gbif.org/schema/eml-gbif-profile/1.1/eml.xsd"
        packageId="85685a84-f762-11e1-a439-00145eb45e9a"  system="http://gbif.org" scope="system"
  xml:lang="en">

<dataset>
      <alternateIdentifier>10.15468/gikfm0</alternateIdentifier>
        <alternateIdentifier>1084</alternateIdentifier>
    <title>Algaterra Types</title>
    <associatedParty>
    <individualName>
          <surName>Botanic Garden and Botanical Museum Berlin-Dahlem</surName>
    </individualName>
    <address>
<deliveryPoint>Königin-Luise-Str. 6-8, 14195 Berlin, Germany</deliveryPoint>    </address>
<electronicMailAddress>biodiversitydata@bgbm.org</electronicMailAddress>    <role>TECHNICAL_POINT_OF_CONTACT</role>
    </associatedParty>
      <pubDate>
      2015
      </pubDate>
    <language>en</language>
    <abstract>
        <para>Nomenclatural types and original material of algal names. Data from B, BHUPM, BRM and other resources (literature, original data).</para>
    </abstract>
      <intellectualRights>
        <para>This work is licensed under a <ulink url="http://creativecommons.org/licenses/by/4.0/legalcode"><citetitle>Creative Commons Attribution (CC-BY) 4.0 License</citetitle></ulink>.</para>
      </intellectualRights>
      <contact>
    <individualName>
          <surName>Dr. Regine Jahn, Wolf-Henning Kusber</surName>
    </individualName>
    <address>
<deliveryPoint>Königin-Luise-Str. 6-8, 14195 Berlin, Germany</deliveryPoint>    </address>
<electronicMailAddress>biodiversitydata@bgbm.org</electronicMailAddress>      </contact>

</dataset>

<additionalMetadata>
    <metadata>
      <gbif>
        <dateStamp>2018-10-09T09:43:18Z</dateStamp>
      <citation>Botanic Garden and Botanical Museum Berlin-Dahlem (2014). Algaterra Types. Occurrence dataset https://doi.org/10.15468/gikfm0 accessed via GBIF.org on 2018-10-09.</citation>
        </gbif>
    </metadata>
</additionalMetadata>

</eml:eml>
