<?xml version="1.0" encoding="utf-8"?>
<eml:eml xmlns:eml="eml://ecoinformatics.org/eml-2.1.1" xmlns:xsi="http://www.w3.org/2001/XMLSchema-instance"
         xsi:schemaLocation="eml://ecoinformatics.org/eml-2.1.1 http://rs.gbif.org/schema/eml-gbif-profile/1.1/eml.xsd"
        packageId="861e6afe-f762-11e1-a439-00145eb45e9a"  system="http://gbif.org" scope="system"
  xml:lang="en">

<dataset>
      <alternateIdentifier>10.15468/o3pvnh</alternateIdentifier>
        <alternateIdentifier>http://firuta.huh.harvard.edu/ipt/resource.do?r=harvard_university_herbaria</alternateIdentifier>
        <alternateIdentifier>861e6afe-f762-11e1-a439-00145eb45e9a</alternateIdentifier>
        <alternateIdentifier>1827</alternateIdentifier>
    <title>Harvard University Herbaria</title>
    <creator>
    <individualName>
          <surName>Harvard University Herbaria</surName>
    </individualName>
<organizationName>Harvard University Herbaria</organizationName>    <address>
<deliveryPoint>22 Divinity Ave</deliveryPoint><city>Cambridge</city><administrativeArea>MA</administrativeArea><postalCode>02138</postalCode><country>UNITED_STATES</country>    </address>
<electronicMailAddress>bdim@oeb.harvard.edu</electronicMailAddress>    </creator>
    <metadataProvider>
    <individualName>
<givenName>Paul J.</givenName>          <surName>Morris</surName>
    </individualName>
<organizationName>Harvard University Herbaria</organizationName><positionName>Biodiversity Informatics Manager</positionName>    <address>
<deliveryPoint>22 Divinity Ave</deliveryPoint><city>Cambridge</city><administrativeArea>MA</administrativeArea><postalCode>02138</postalCode><country>UNITED_STATES</country>    </address>
<phone>1-617-495-2823</phone><electronicMailAddress>bdim@oeb.harvard.edu</electronicMailAddress>    </metadataProvider>
    <associatedParty>
    <individualName>
<givenName>Michaela</givenName>          <surName>Schmull</surName>
    </individualName>
<organizationName>Harvard University Herbaria</organizationName><positionName>Curatorial and Research Associate</positionName>    <address>
<deliveryPoint>22 Divinity Ave</deliveryPoint><city>Cambridge</city><administrativeArea>MA</administrativeArea><postalCode>02138</postalCode><country>UNITED_STATES</country>    </address>
<phone>1 (617) 495-5729</phone><electronicMailAddress>mschmull@oeb.harvard.edu</electronicMailAddress><onlineUrl>http://zacharias.huh.harvard.edu/people/index.php?personid=1171</onlineUrl>    <role>POINT_OF_CONTACT</role>
    </associatedParty>
    <associatedParty>
    <individualName>
<givenName>Gustavo</givenName>          <surName>Romero</surName>
    </individualName>
<organizationName>Harvard University Herbaria</organizationName><positionName>Keeper of the Oakes Ames Orchid Herbarium</positionName>    <address>
<deliveryPoint>22 Divinity Ave</deliveryPoint><city>Cambridge</city><administrativeArea>MA</administrativeArea><postalCode>02138</postalCode><country>UNITED_STATES</country>    </address>
<onlineUrl>http://zacharias.huh.harvard.edu/people/index.php?personid=73</onlineUrl>    <role>CUSTODIAN_STEWARD</role>
    </associatedParty>
    <associatedParty>
    <individualName>
<givenName>Charles</givenName>          <surName>Davis</surName>
    </individualName>
<organizationName>Harvard Unviversity Herbaria</organizationName><positionName>Curator of Vascular Plant Collection</positionName>    <address>
<deliveryPoint>22 Divinity Ave</deliveryPoint><city>Cambridge</city><administrativeArea>MA</administrativeArea><postalCode>02138</postalCode><country>UNITED_STATES</country>    </address>
<onlineUrl>http://zacharias.huh.harvard.edu/people/index.php?personid=721</onlineUrl>    <role>CUSTODIAN_STEWARD</role>
    </associatedParty>
    <associatedParty>
    <individualName>
<givenName>Elizabeth</givenName>          <surName>Kneiper</surName>
    </individualName>
<organizationName>Harvard University Herbaria</organizationName><positionName>Curator for Nonvascular Plants for the New England Botanical Club</positionName>    <address>
<deliveryPoint>22 Divinity Ave</deliveryPoint><city>Cambridge</city><administrativeArea>MA</administrativeArea><postalCode>02138</postalCode><country>UNITED_STATES</country>    </address>
<onlineUrl>http://zacharias.huh.harvard.edu/people/index.php?personid=881</onlineUrl>    <role>CUSTODIAN_STEWARD</role>
    </associatedParty>
    <associatedParty>
    <individualName>
<givenName>Donald H.</givenName>          <surName>Pfister</surName>
    </individualName>
<organizationName>Harvard University Herbaria</organizationName><positionName>Curator of the Farlow Library and Herbarium of Cryptogamic Botany</positionName>    <address>
<deliveryPoint>22 Divinity Ave</deliveryPoint><city>Cambridge</city><administrativeArea>MA</administrativeArea><postalCode>02138</postalCode><country>UNITED_STATES</country>    </address>
<electronicMailAddress>dpfister@oeb.harvard.edu</electronicMailAddress><onlineUrl>http://huh.harvard.edu/people/donald-pfister</onlineUrl>    <role>CUSTODIAN_STEWARD</role>
    </associatedParty>
    <associatedParty>
    <individualName>
<givenName>Anne Marie</givenName>          <surName>Countie</surName>
    </individualName>
<organizationName>Harvard University Herbaria</organizationName><positionName>Digital Imaging Project and Program Manager</positionName>    <address>
<deliveryPoint>22 Divinity Ave</deliveryPoint><city>Cambridge</city><administrativeArea>MA</administrativeArea><postalCode>02138</postalCode><country>UNITED_STATES</country>    </address>
<phone>(617) 496-9763</phone><electronicMailAddress>acountie@oeb.harvard.edu</electronicMailAddress>    <role>POINT_OF_CONTACT</role>
    </associatedParty>
    <associatedParty>
    <individualName>
<givenName>Jonathan</givenName>          <surName>Kennedy</surName>
    </individualName>
<organizationName>Harvard University Herbaria</organizationName><positionName>Biodiversity Informatics Manager</positionName>    <address>
<deliveryPoint>22 Divinity Ave</deliveryPoint><city>Cambridge</city><administrativeArea>MA</administrativeArea><postalCode>02138</postalCode><country>UNITED_STATES</country>    </address>
<phone>617-495-2331</phone><electronicMailAddress>jonathan_kennedy@harvard.edu</electronicMailAddress><onlineUrl>http://huh.harvard.edu/people/johnathan-kennedy</onlineUrl>    <role>POINT_OF_CONTACT</role>
    </associatedParty>
      <pubDate>
      2016-06-01
      </pubDate>
    <language>ENGLISH</language>
    <abstract>
        <para>Specimen records, primarily type specimens from the Harvard University Herbaria. The Harvard University Herbaria, with approximately 5 million specimens, rank eighth in the world in number of specimens and form the world&amp;#39;s largest University Herbaria. Included in the Herbaria are what were once six separate herbarium collections: * Herbarium of the Arnold Arboretum (A) * Economic Herbarium of Oakes Ames (ECON) * Oakes Ames Orchid Herbarium (AMES) * Farlow Herbarium (FH) * Gray Herbarium (GH) * New England Botanical Club Herbarium (NEBC).  DarwinCore data follows the AppleCore guidance https://code.google.com/p/applecore/.</para>
    </abstract>
        <keywordSet>
              <keyword>Occurrence</keyword>
              <keywordThesaurus>GBIF Dataset Type Vocabulary: http://rs.gbif.org/vocabulary/gbif/dataset_type.xml</keywordThesaurus>
        </keywordSet>
        <keywordSet>
              <keyword>Specimen</keyword>
              <keywordThesaurus>GBIF Dataset Subtype Vocabulary: http://rs.gbif.org/vocabulary/gbif/dataset_subtype.xml</keywordThesaurus>
        </keywordSet>
      <intellectualRights>
        <para>This work is licensed under a <ulink url="http://creativecommons.org/licenses/by-nc/4.0/legalcode"><citetitle>Creative Commons Attribution Non Commercial (CC-BY-NC) 4.0 License</citetitle></ulink>.</para>
      </intellectualRights>
      <distribution scope="document">
          <online>
              <url function="information">http://kiki.huh.harvard.edu/databases/</url>
          </online>
      </distribution>
      <coverage>
            <geographicCoverage>
                  <geographicDescription>Global</geographicDescription>
                  <boundingCoordinates>
                      <westBoundingCoordinate>-180</westBoundingCoordinate>
                      <eastBoundingCoordinate>180</eastBoundingCoordinate>
                      <northBoundingCoordinate>90</northBoundingCoordinate>
                      <southBoundingCoordinate>-90</southBoundingCoordinate>
                  </boundingCoordinates>
            </geographicCoverage>
          <temporalCoverage>
            <rangeOfDates>
              <beginDate>
                <calendarDate>      1766-01-01
</calendarDate>
              </beginDate>
              <endDate>
                <calendarDate>      1766-01-01
</calendarDate>
              </endDate>
            </rangeOfDates>
          </temporalCoverage>
              <taxonomicCoverage>
                    <generalTaxonomicCoverage>Vascular Plants, Bryophytes, Mosses, Lichens, Fungi, and other botanical taxa.</generalTaxonomicCoverage>
                    <taxonomicClassification>
                          <taxonRankName>Kingdom</taxonRankName>
                        <taxonRankValue>Plantae</taxonRankValue>
                          <commonName>Plants</commonName>
                    </taxonomicClassification>
                    <taxonomicClassification>
                          <taxonRankName>Kingdom</taxonRankName>
                        <taxonRankValue>Fungi</taxonRankValue>
                          <commonName>Fungi</commonName>
                    </taxonomicClassification>
              </taxonomicCoverage>
      </coverage>
      <purpose>
          <para>Documentation of the holdings of the Harvard University Herbaria.  Data capture is focused on Type Specimens.</para>
      </purpose>
      <contact>
    <individualName>
<givenName>Charles</givenName>          <surName>Davis</surName>
    </individualName>
<organizationName>Harvard University Herbaria</organizationName><positionName>Director, Harvard University Herbaria</positionName>    <address>
<deliveryPoint>22 Divinity Ave</deliveryPoint><city>Cambridge</city><administrativeArea>MA</administrativeArea><postalCode>02138</postalCode><country>UNITED_STATES</country>    </address>
<phone>1-617-496-0515</phone><electronicMailAddress>cdavis@oeb.harvard.edu</electronicMailAddress><onlineUrl>http://huh.harvard.edu/people/charles-davis</onlineUrl>      </contact>

</dataset>

<additionalMetadata>
    <metadata>
      <gbif>
        <dateStamp>2018-10-09T09:43:17Z</dateStamp>
      <citation identifier="Harvard University Herbaria, Index of Botanical Specimens">Harvard University Herbaria (2016). Harvard University Herbaria. Occurrence dataset https://doi.org/10.15468/o3pvnh accessed via GBIF.org on 2018-10-09.</citation>
              <physical>
                  <objectName>Botanist Name Authority Files</objectName>
                  <characterEncoding>UTF8</characterEncoding>
                  <dataFormat>
                      <externallyDefinedFormat>
                          <formatName>Tab delimited text</formatName>
                      </externallyDefinedFormat>
                  </dataFormat>
                  <distribution>
                      <online>
                          <url function="download">http://webprojects.huh.harvard.edu/authority_files/</url>
                      </online>
                  </distribution>
              </physical>
              <collection>
                <parentCollectionIdentifier>No parent collection.</parentCollectionIdentifier>
                <collectionIdentifier>A, AMES, ECON, FH, GH, NEBC</collectionIdentifier>
                <collectionName>Harvard University Herbaria. Included in the Herbaria are what were once six separate herbarium collections: * Herbarium of the Arnold Arboretum (A) * Economic Herbarium of Oakes Ames (ECON) * Oakes Ames Orchid Herbarium (AMES) * Farlow Herbarium (FH) * Gray Herbarium (GH) * New England Botanical Club Herbarium (NEBC).</collectionName>
              </collection>
                <specimenPreservationMethod>DRIED_AND_PRESSED</specimenPreservationMethod>
                  <jgtiCuratorialUnit>
                      <jgtiUnitType>Herbarium Sheets, Packets, wood, alcoholic, slide and other collections.</jgtiUnitType>
                      <jgtiUnits uncertaintyMeasure="500,000">5,000,000</jgtiUnits>
                  </jgtiCuratorialUnit>
        </gbif>
    </metadata>
</additionalMetadata>

</eml:eml>
