<?xml version="1.0" encoding="utf-8"?>
<eml:eml xmlns:eml="eml://ecoinformatics.org/eml-2.1.1" xmlns:xsi="http://www.w3.org/2001/XMLSchema-instance"
         xsi:schemaLocation="eml://ecoinformatics.org/eml-2.1.1 http://rs.gbif.org/schema/eml-gbif-profile/1.1/eml.xsd"
        packageId="9d7fc836-8588-408a-bcc0-c22360bf4a24"  system="http://gbif.org" scope="system"
  xml:lang="en">

<dataset>
      <alternateIdentifier>10.15468/qfcykq</alternateIdentifier>
        <alternateIdentifier>13505</alternateIdentifier>
    <title>Precis Plant Data</title>
    <language>ENGLISH</language>
    <abstract>
        <para>PRECIS (National Herbarium Pretoria (PRE) Computerised Information System) is based at the National Herbarium in Pretoria. The mission of PRECIS is to develop, maintain, and expand an electronic database system on southern African plants (the region south of the Limpopo and Kunene Rivers) to provide an efficient customer-driven information service and to produce electronic and publishable products.</para>
    </abstract>
      <intellectualRights>
        <para>This work is licensed under a <ulink url="http://creativecommons.org/licenses/by/4.0/legalcode"><citetitle>Creative Commons Attribution (CC-BY) 4.0 License</citetitle></ulink>.</para>
      </intellectualRights>
      <maintenance>
          <description>
              <para></para>
          </description>
          <maintenanceUpdateFrequency>unkown</maintenanceUpdateFrequency>
      </maintenance>

</dataset>

<additionalMetadata>
    <metadata>
      <gbif>
        <dateStamp>2018-10-09T09:43:12Z</dateStamp>
      <citation>South African National Biodiversity Institute. Precis Plant Data. Version 1.0. Occurrence dataset https://doi.org/10.15468/qfcykq accessed via GBIF.org on 2018-10-09.</citation>
              <physical>
                  <objectName>GBIF Occurrence Download</objectName>
                  <characterEncoding>UTF-8</characterEncoding>
                  <dataFormat>
                      <externallyDefinedFormat>
                          <formatName>Darwin Core Archive</formatName>
                      </externallyDefinedFormat>
                  </dataFormat>
                  <distribution>
                      <online>
                          <url function="download">http://api.gbif.org/v1/occurrence/download/request/0012309-180131172636756.zip</url>
                      </online>
                  </distribution>
              </physical>
        </gbif>
    </metadata>
</additionalMetadata>

</eml:eml>
