<?xml version="1.0" encoding="utf-8"?>
<eml:eml xmlns:eml="eml://ecoinformatics.org/eml-2.1.1" xmlns:xsi="http://www.w3.org/2001/XMLSchema-instance"
         xsi:schemaLocation="eml://ecoinformatics.org/eml-2.1.1 http://rs.gbif.org/schema/eml-gbif-profile/1.1/eml.xsd"
        packageId="acb08fed-85f6-482e-a8a5-f04b253ddfb8"  system="http://gbif.org" scope="system"
  xml:lang="en">

<dataset>
      <alternateIdentifier>10.15468/r69kmj</alternateIdentifier>
        <alternateIdentifier>http://197.189.235.147:8080/iptghana/resource?r=csir-pgrri_rtdatasets</alternateIdentifier>
    <title>Root and Tuber germplasm collections at Bunso in the Eastern Region of Ghana</title>
    <creator>
    <individualName>
<givenName>Paul Smart</givenName>          <surName>Osei-Kofi</surName>
    </individualName>
<organizationName>CSIR-Plant Genetic Resources Research Institute</organizationName><positionName>Librarian/ Data Manager</positionName>    <address>
<deliveryPoint>H/No. A31c Nsutam Akim, East Akim Municipality</deliveryPoint><city>Bunso</city><administrativeArea>Eastern Region</administrativeArea><postalCode>P.O Box 7</postalCode><country>GHANA</country>    </address>
<phone>+233502617459</phone><electronicMailAddress>oseikofips@csirpgrri.org</electronicMailAddress>    </creator>
    <creator>
    <individualName>
<givenName>Lawrence</givenName>          <surName>Misa Aboagye</surName>
    </individualName>
<organizationName>CSIR-Plant Genetic Resources Research Institute</organizationName><positionName>Director</positionName>    <address>
<city>Bunso</city><administrativeArea>Eastern Region</administrativeArea><postalCode>P.O Box 7</postalCode><country>GHANA</country>    </address>
<phone>+233277766955</phone><electronicMailAddress>aboagyelawrencemisa@yahoo.com</electronicMailAddress><onlineUrl>http://www.csir-pgrri.org/about-us/staff/dr-lawrence-aboagye-misa</onlineUrl>    </creator>
    <metadataProvider>
    <individualName>
<givenName>Paul Smart</givenName>          <surName>Osei-Kofi</surName>
    </individualName>
<organizationName>CSIR-Plant Genetic Resources Research Institute</organizationName><positionName>Librarian/ Data Manager</positionName>    <address>
<deliveryPoint>H/No. A31c Nsutam Akim, East Akim Municipality</deliveryPoint><city>Bunso</city><administrativeArea>Eastern Region</administrativeArea><postalCode>P.O Box 7</postalCode><country>GHANA</country>    </address>
<phone>+233502617459</phone><electronicMailAddress>oseikofips@csirpgrri.org</electronicMailAddress><onlineUrl>http://www.csir-pgrri.org/about-us/staff/mr-paul-smart-osei-kofi</onlineUrl>    </metadataProvider>
    <metadataProvider>
    <individualName>
<givenName>Jacqueline Sapoama</givenName>          <surName>Mbawine</surName>
    </individualName>
<organizationName>A Rocha Ghana</organizationName><positionName>Scientific Officer</positionName>    <address>
<deliveryPoint>10 Wawa Rd, Kokomlemle</deliveryPoint><city>Accra</city><administrativeArea>Greater Accra Region</administrativeArea><postalCode>KN3480, Kaneshie</postalCode><country>GHANA</country>    </address>
<phone>+233261077158</phone><electronicMailAddress>jacqueline.kumadoh@arocha.org</electronicMailAddress><onlineUrl>http://ghana.arocha.org/people/jacqueline-kumadoh-mbawine/</onlineUrl>      <userId directory="https://www.linkedin.com/profile/view?id=">https://www.linkedin.com/in/jacqueline-kumadoh-57402670/</userId>
    </metadataProvider>
    <associatedParty>
    <individualName>
<givenName>Jacqueline Sapoama</givenName>          <surName>Mbawine</surName>
    </individualName>
<organizationName>A Rocha Ghana</organizationName><positionName>Scientific Officer</positionName>    <address>
<deliveryPoint>10 Wawa Rd, Kokomlemle</deliveryPoint><city>Accra</city><administrativeArea>Greater Accra Region</administrativeArea><postalCode>KN3480, Kaneshie</postalCode><country>GHANA</country>    </address>
<phone>+233261077158</phone><electronicMailAddress>jacqueline.kumadoh@arocha.org</electronicMailAddress><onlineUrl>http://ghana.arocha.org/people/jacqueline-kumadoh-mbawine/</onlineUrl>      <userId directory="https://www.linkedin.com/profile/view?id=">https://www.linkedin.com/in/jacqueline-kumadoh-57402670/</userId>
    <role>PUBLISHER</role>
    </associatedParty>
    <associatedParty>
    <individualName>
<givenName>Lawrence</givenName>          <surName>Misa Aboagye</surName>
    </individualName>
<organizationName>CSIR-Plant Genetic Resources Research Institute</organizationName><positionName>Director</positionName>    <address>
<city>Bunso</city><administrativeArea>Eastern Region</administrativeArea><postalCode>P.O Box 7</postalCode><country>GHANA</country>    </address>
<phone>+233277766955</phone><electronicMailAddress>aboagyelawrencemisa@yahoo.com</electronicMailAddress><onlineUrl>http://www.csir-pgrri.org/about-us/staff/dr-lawrence-aboagye-misa</onlineUrl>    <role>CURATOR</role>
    </associatedParty>
      <pubDate>
      2018-09-28
      </pubDate>
    <language>ENGLISH</language>
    <abstract>
        <para>The dataset comprise of roots and tuber crops in Ghana collected by the Plant Genetic Resources Research Institute(PGRRI) of Ghana. The Institute&amp;#39;s main research focus is to ensure that Plant Genetic Resources under conservation would be augmented through collecting of germplasms with special attention given to underutilized and neglected plant species. The institute is located at Bunso in at East Akim Municipality in the Eastern Region of Ghana and very close to the Linda Dor Restaurant on Accra - Kumasi highway lies within decimallatitude and longitude 6.289405 and 0.467556 respectively.

This dataset was collected by 3 institutions namely the Centre for Scientific and Industrial Research (CSIR)- PGRRI, CSIR-Crop Research Institute  and International Institute of Tropical Africa (ITTA).

The dataset is made of four families Araceae,Convolvulaceae,Dioscoreaceae, Euphorbiaceae and 5 species Taro, Cocoyam, Sweet Potato, Yam and Cassava. Of which Taro is a neglected species that requires special attention else Ghana runs a risk of it becoming locally extinct. The data was collected across the 10 regions of Ghana.</para>
    </abstract>
        <keywordSet>
              <keyword>Ghana</keyword>
              <keyword>CSIR-Plant Genetic Resources Research Institute</keyword>
              <keyword>Occurrence</keyword>
              <keyword>Roots and Tuber</keyword>
              <keyword>Bunso</keyword>
              <keywordThesaurus>GBIF Dataset Type Vocabulary: http://rs.gbif.org/vocabulary/gbif/dataset_type.xml</keywordThesaurus>
        </keywordSet>
        <keywordSet>
              <keyword>Specimen</keyword>
              <keyword>Yam</keyword>
              <keyword>Xanthosoma sagittifolium (L.) Schott</keyword>
              <keyword>Sweet potato</keyword>
              <keyword>Dioscorea sp.</keyword>
              <keyword>Ipomoea batatas (L.) Lam.</keyword>
              <keyword>Colocasia esculenta (L.) Schott</keyword>
              <keyword>Taro</keyword>
              <keyword>Manihot esculenta Crantz</keyword>
              <keyword>Cassava</keyword>
              <keyword>Cocoyam</keyword>
              <keywordThesaurus>GBIF Dataset Subtype Vocabulary: http://rs.gbif.org/vocabulary/gbif/dataset_subtype.xml</keywordThesaurus>
        </keywordSet>
      <additionalInfo>
          <para>This dataset is being published by A Rocha Ghana on behalf of CSIR-Plant Genetic Resources Research Institute both of which are members of the Ghana African Biodiversity Challenge 2018. The originators of the dataset are Lawrence Aboagye Misa (Director of the Institute) and Paul Smart Osei-Kofi(Data Manager of the Institute). Jacqueline Mbawine of A Rocha Ghana supported with the publication of this dataset.</para>
      </additionalInfo>
      <intellectualRights>
        <para>This work is licensed under a <ulink url="http://creativecommons.org/licenses/by/4.0/legalcode"><citetitle>Creative Commons Attribution (CC-BY) 4.0 License</citetitle></ulink>.</para>
      </intellectualRights>
      <coverage>
            <geographicCoverage>
                  <geographicDescription>The dataset were collected from across the 10 regions of Ghana during specimen collection expeditions from 1966-2015.However, the dataset published in this document is from 1975-2015. The specimen samples collected are stored as tisue culture germplasm at the Centre for Scientific and Industrial Research-Plant Genetic Resources Research Institute(CSIR-PGRRI) located at Bunso in the East Akim Municipality of the Eastern Region of Ghana.The PGRRI is located close to the Linda Dor Restaurant on Accra - Kumasi highway and lies within decimal latitude and longitude 6.289405 and 0.467556 respectively.</geographicDescription>
                  <boundingCoordinates>
                      <westBoundingCoordinate>-2.988</westBoundingCoordinate>
                      <eastBoundingCoordinate>0.615</eastBoundingCoordinate>
                      <northBoundingCoordinate>11.049</northBoundingCoordinate>
                      <southBoundingCoordinate>5.157</southBoundingCoordinate>
                  </boundingCoordinates>
            </geographicCoverage>
          <temporalCoverage>
            <rangeOfDates>
              <beginDate>
                <calendarDate>      1975-12-01
</calendarDate>
              </beginDate>
              <endDate>
                <calendarDate>      2015-11-12
</calendarDate>
              </endDate>
            </rangeOfDates>
          </temporalCoverage>
              <taxonomicCoverage>
                    <generalTaxonomicCoverage>The dataset are of the Kingdom Plantae and Phylum Tracheophyta. These are represented by 2 classes Liliopsida and Magnoliopsida. 4 orders: Solanales (sweet potato), Malpighiales (cassava), Alismatales (taro and cocoyam) and Dioscoreales (yam) and 4 families: Convolvulaceae (sweet potato),Euphorbiaceae (cassava),Araceae (taro and cocoyam) and Dioscoreaceae (yam).5 species are represented in the dataset.</generalTaxonomicCoverage>
                    <taxonomicClassification>
                          <taxonRankName>Species</taxonRankName>
                        <taxonRankValue>Colocasia esculenta (L.) Schott</taxonRankValue>
                          <commonName>Taro</commonName>
                    </taxonomicClassification>
                    <taxonomicClassification>
                          <taxonRankName>Species</taxonRankName>
                        <taxonRankValue>Ipomoea batatas (L.) Lam.</taxonRankValue>
                          <commonName>Sweet Potato</commonName>
                    </taxonomicClassification>
                    <taxonomicClassification>
                          <taxonRankName>Species</taxonRankName>
                        <taxonRankValue>Manihot esculenta Crantz</taxonRankValue>
                          <commonName>Cassava</commonName>
                    </taxonomicClassification>
                    <taxonomicClassification>
                          <taxonRankName>Species</taxonRankName>
                        <taxonRankValue>Xanthosoma sagittifolium (L.) Schott</taxonRankValue>
                          <commonName>Cocoyam</commonName>
                    </taxonomicClassification>
                    <taxonomicClassification>
                          <taxonRankName>Species</taxonRankName>
                        <taxonRankValue>Dioscorea sp.</taxonRankValue>
                          <commonName>Yam</commonName>
                    </taxonomicClassification>
              </taxonomicCoverage>
      </coverage>
      <purpose>
          <para>This dataset was created as part of efforts to share information on roots and tuber crops in Ghana. The objective for sharing this dataset is to enable policy makers and researchers within the Agricultural sector of Ghana to pay more attention to neglected and orphaned species such as Taro as well as incorporate roots and tuber crops into their decision making based on their distribution across the countryand economic uses so as to manage their utilization by grouping them into commodity disciplines.</para>
      </purpose>
      <maintenance>
          <description>
              <para>This resource would be updated as and when required</para>
          </description>
          <maintenanceUpdateFrequency>asNeeded</maintenanceUpdateFrequency>
      </maintenance>
      <contact>
    <individualName>
<givenName>Lawrence</givenName>          <surName>Misa Aboagye</surName>
    </individualName>
<organizationName>CSIR-Plant Genetic Resources Research Institute</organizationName><positionName>Director</positionName>    <address>
<city>Bunso</city><administrativeArea>Eastern Region</administrativeArea><postalCode>P.O Box 7</postalCode><country>GHANA</country>    </address>
<phone>+233277766955</phone><electronicMailAddress>aboagyelawrencemisa@yahoo.com</electronicMailAddress><onlineUrl>http://www.csir-pgrri.org/about-us/staff/dr-lawrence-aboagye-misa</onlineUrl>      </contact>
      <contact>
    <individualName>
<givenName>Paul Smart</givenName>          <surName>Osei-Kofi</surName>
    </individualName>
<organizationName>CSIR-Plant Genetic Resources Research Institute</organizationName><positionName>Librarian/ Data Manager</positionName>    <address>
<deliveryPoint>H/No. A31c Nsutam Akim, East Akim Municipality</deliveryPoint><city>Bunso</city><administrativeArea>Eastern Region</administrativeArea><postalCode>P.O Box 7</postalCode><country>GHANA</country>    </address>
<phone>+233502617459</phone><electronicMailAddress>oseikofips@csirpgrri.org</electronicMailAddress><onlineUrl>http://www.csir-pgrri.org/about-us/staff/mr-paul-smart-osei-kofi</onlineUrl>      </contact>
      <methods>
            <methodStep>
                <description>
                    <para>Data is collected based on ecological zones and covers the whole country. Sampling is done randomly and at a distance of 20km part. To get a holistic view of species and their uses, samples are collected from a wide range of locations not limited to only farms and the wild (also identified as field in this dataset) but from gardens, market places and farm stores. The samples are then preserved as tissue culture or planted as living specimen at the institute&apos;s research plots for future propagation.</para>
                </description>
            </methodStep>
            <sampling>
                <studyExtent>
                    <description>
                        <para>Sampling for the data is done based ecological zones across the country. The expedition team at each location collects samples within a sampling distance of 20km apart. The frequency of data collected is an annual routine programme by the institute. However, the collections are also subject to the availability of funds.</para>
                    </description>
                </studyExtent>
                <samplingDescription>
                    <para>The five root and tuber germplasm (Cassava, Cocoyam, Sweet potato, Taro, Yam) were collected from 29th November 1966 to 12th December 2015. The collections were carried out in seven regions namely: Greater Accra Region, Eastern, Volta, Central, Western, Brong-Ahafo and Ashanti Regions. The root and tuber crops were collected by CSIR-Crop Research Institute, CSIR-Plant Genetic Resources Research Institute and International Institute of Tropical Africa. 
The Root and tuber database were created from the CSIR-PGRRI Passport database and sorted from “Araceae, Convolvulaceae, Dioscoreaceae, and Euphorbiaceae” families.    Samples of specimen were collected from; farm store, market, garden, fields, institution, backyards, near refuse dumps, river banks and forest areas. Material types collected were stem, tubers, vegetative parts, seed yam, plantlets and corms.</para>
                </samplingDescription>
            </sampling>
            <qualityControl>
                <description>
                    <para>DecimalLatitude and decimalLongitude of germplasm collected for the various locations were georeferenced using the georeferencing guidelines. 
Nomenclature was corrected using the global name resolver and their sources verified either under the GBIF backbone or Catelogue of Life.</para>
                </description>
            </qualityControl>
      </methods>

      <project id="African Biodiversity Challenge 2018">
          <title>Enhancing biodiversity data mobilization, management and utilization  in off reserve areas in Ghana: Using CREMAs as a model</title>
          <personnel>
    <individualName>
<givenName>Lawrence</givenName>          <surName>Misa Aboagye</surName>
    </individualName>
    <role>CURATOR</role>
          </personnel>
          <personnel>
    <individualName>
<givenName>Paul Smart</givenName>          <surName>Osei-Kofi</surName>
    </individualName>
    <role>PROCESSOR</role>
          </personnel>
          <personnel>
    <individualName>
<givenName>Jacqueline Sapoama</givenName>          <surName>Mbawine</surName>
    </individualName>
      <userId directory="https://www.linkedin.com/profile/view?id=">https://www.linkedin.com/in/jacqueline-kumadoh-57402670/</userId>
    <role>PUBLISHER</role>
          </personnel>
          <abstract>
              <para>This dataset on roots and tubers in Ghana was mobilized under the African Biodiversity Challenge 2018. The aim of this challenge is to enhance biodiversity data sharing for decision making. The data hosted by the CSIR-Plant Genetic Resources Research Institute was collected by different institutions within the Centre for Scientific and Industrial Research (CSIR) as part of efforts to promote effective conservation and use of Plant Genetic Resources for food security and sustainable agricultural development and related research and to disseminate and commercialize research outputs and services.</para>
          </abstract>
          <funding>
              <para>JRS Biodiversity Foundation</para>
          </funding>
            <studyAreaDescription>
                <descriptor name="generic" citableClassificationSystem="false">
                    <descriptorValue>The data was collected across the 10 regions of Ghana. Specimen were collected from different locations notably farms, gardens,market places, in agriculture/research-based institutions that cultivated them and in farmstores.</descriptorValue>
                </descriptor>
            </studyAreaDescription>
            <designDescription>
                <description>
                    <para>The overall aim for collection of the data is to ensure that  Plant Genetic Resources under conservation would be augmented through collecting of germplasm. The objective was to collect data on all root and tuber accessions under conservation to know their abundance, economic uses so as to manage their utilization by grouping them into commodity discipline. The project thus undertook exploration expeditions across the country to collect these species with special attention given to neglected species such as Taro which is currently under treat of becoming locally extinct particularly in the wild. For the purpose of the ABC project, the stored germplasm of roots and tuber collections which are living specimen stored at the CSIR-PGRRI was digitize using the Darwin Core format. The data which was originally not georeferenced had their decimalLatitude and decimalLongitude determined using both google map and the  georeference calculator to obtain coordinates of the locations where data was collected. The google name resolver was used to correct errors in nomenclature as well as determine the taxonomy of the species collected.</para>
                </description>
            </designDescription>
      </project>
</dataset>

<additionalMetadata>
    <metadata>
      <gbif>
        <dateStamp>2018-10-09T09:43:19Z</dateStamp>
      <citation>Osei-Kofi P S, Misa Aboagye L, Mbawine J S (2018). Root and Tuber germplasm collections at Bunso in the Eastern Region of Ghana. A Rocha Ghana. Occurrence dataset https://doi.org/10.15468/r69kmj accessed via GBIF.org on 2018-10-09.</citation>
              <collection>
                <parentCollectionIdentifier>Not applicable</parentCollectionIdentifier>
                <collectionIdentifier>Not Applicable</collectionIdentifier>
                <collectionName>Root and Tuber germplasm collections at Bunso in the Eastern Region of Ghana</collectionName>
              </collection>
                <specimenPreservationMethod>OTHER</specimenPreservationMethod>
                  <jgtiCuratorialUnit>
                      <jgtiUnitType>passport books</jgtiUnitType>
                      <jgtiUnitRange>
                          <beginRange>1,966</beginRange>
                          <endRange>2,015</endRange>
                      </jgtiUnitRange>
                  </jgtiCuratorialUnit>
        </gbif>
    </metadata>
</additionalMetadata>

</eml:eml>
