<?xml version="1.0" encoding="utf-8"?>
<eml:eml xmlns:eml="eml://ecoinformatics.org/eml-2.1.1" xmlns:xsi="http://www.w3.org/2001/XMLSchema-instance"
         xsi:schemaLocation="eml://ecoinformatics.org/eml-2.1.1 http://rs.gbif.org/schema/eml-gbif-profile/1.1/eml.xsd"
        packageId="beefc0e5-520f-446c-8d7a-2e1c35394144"  system="http://gbif.org" scope="system"
  xml:lang="en">

<dataset>
      <alternateIdentifier>10.15468/rhbyxz</alternateIdentifier>
        <alternateIdentifier>beefc0e5-520f-446c-8d7a-2e1c35394144</alternateIdentifier>
        <alternateIdentifier>http://ipt-nigeria.gbif.fr/resource?r=plants_fhi_nigeria</alternateIdentifier>
    <title>Grasses of the Forest Herbarium Ibadan (FHI) Nigeria</title>
    <creator>
    <individualName>
<givenName>Omokafe</givenName>          <surName>Ugbogu</surName>
    </individualName>
<organizationName>Forestry Research Institute of Nigeria</organizationName><positionName>Director</positionName>    <address>
<deliveryPoint>Jericho Hill, Dugbe</deliveryPoint><city>Ibadan</city><administrativeArea>Oyo State</administrativeArea><country>NIGERIA</country>    </address>
<phone>+234 8032236876</phone><electronicMailAddress>omokafeugbogu@yahoo.com</electronicMailAddress>    </creator>
    <creator>
    <individualName>
<givenName>Oluwaseun</givenName>          <surName>Osiyemi</surName>
    </individualName>
<organizationName>Forestry Research Institute of Nigeria</organizationName><positionName>Principal Research Officer</positionName>    <address>
<deliveryPoint>Jericho Hill, Dugbe</deliveryPoint><city>Ibadan</city><administrativeArea>Oyo State</administrativeArea><country>NIGERIA</country>    </address>
<phone>+234 8023626443</phone><electronicMailAddress>osinyemi2004@yahoo.com</electronicMailAddress>    </creator>
    <creator>
    <individualName>
<givenName>Kehinde</givenName>          <surName>Adeniji</surName>
    </individualName>
<organizationName>Forestry Research Institute of Nigeria</organizationName><positionName>Principal Research Officer</positionName>    <address>
<deliveryPoint>Jericho Hill, Dugbe</deliveryPoint><city>Ibadan</city><administrativeArea>Oyo State</administrativeArea><country>NIGERIA</country>    </address>
<phone>+234 7035081157</phone><electronicMailAddress>obalomo2016@gmail.com</electronicMailAddress>    </creator>
    <creator>
    <individualName>
<givenName>Tolulope</givenName>          <surName>Okanlawo</surName>
    </individualName>
<organizationName>Forestry Research Institute of Nigeria</organizationName><positionName>Principal Research Officer</positionName>    <address>
<deliveryPoint>Jericho Hill, Dugbe</deliveryPoint><city>Ibadan</city><administrativeArea>Oyo State</administrativeArea><country>NIGERIA</country>    </address>
<phone>+234 80181639776</phone><electronicMailAddress>tolulopeokan@gmail.com.com</electronicMailAddress>    </creator>
    <creator>
    <individualName>
<givenName>Temitope</givenName>          <surName>Soyewo</surName>
    </individualName>
<organizationName>Forestry Research Institute of Nigeria</organizationName><positionName>Senior Research Officer</positionName>    <address>
<deliveryPoint>Jericho Hill, Dugbe</deliveryPoint><city>Ibadan</city><administrativeArea>Oyo State</administrativeArea><country>NIGERIA</country>    </address>
<phone>+234 8023626443</phone><electronicMailAddress>temitopesoyewo@gmail.com</electronicMailAddress>    </creator>
    <creator>
    <individualName>
<givenName>Temitope</givenName>          <surName>Oyebola</surName>
    </individualName>
<organizationName>Forestry Research Institute of Nigeria</organizationName><positionName>Senior Research Officer</positionName>    <address>
<deliveryPoint>Jericho Hill, Dugbe</deliveryPoint><city>Ibadan</city><administrativeArea>Oyo State</administrativeArea><country>NIGERIA</country>    </address>
<phone>+234 8033504751</phone><electronicMailAddress>temitoperosanwo@yahoo.com</electronicMailAddress>    </creator>
    <creator>
    <individualName>
<givenName>Emmanuel</givenName>          <surName>Chukwuma</surName>
    </individualName>
<organizationName>Forestry Research Institute of Nigeria</organizationName><positionName>Senior Research Officer</positionName>    <address>
<deliveryPoint>Jericho Hill, Dugbe</deliveryPoint><city>Ibadan</city><administrativeArea>Oyo State</administrativeArea><country>NIGERIA</country>    </address>
<phone>+234 8060114367</phone><electronicMailAddress>chukwumaemma@gmail.com</electronicMailAddress>    </creator>
    <creator>
    <individualName>
<givenName>Seyifunmi</givenName>          <surName>Aina</surName>
    </individualName>
<organizationName>Forestry Research Institute of Nigeria</organizationName><positionName>Research Officer II</positionName>    <address>
<deliveryPoint>Jericho Hill, Dugbe</deliveryPoint><city>Ibadan</city><administrativeArea>Oyo State</administrativeArea><country>NIGERIA</country>    </address>
<phone>+234 8109873896</phone><electronicMailAddress>seyifunmiaina@gmail.com</electronicMailAddress>    </creator>
    <creator>
    <individualName>
<givenName>Akiniyi</givenName>          <surName>Odewo</surName>
    </individualName>
<organizationName>Forestry Research Institute of Nigeria</organizationName><positionName>Principal Research Officer</positionName>    <address>
<deliveryPoint>Jericho Hill, Dugbe</deliveryPoint><city>Ibadan</city><administrativeArea>Oyo State</administrativeArea><country>NIGERIA</country>    </address>
<phone>+234 8060147257</phone><electronicMailAddress>akinodewo@gmail.com</electronicMailAddress>    </creator>
    <metadataProvider>
    <individualName>
<givenName>Oluwaseun</givenName>          <surName>Osiyemi</surName>
    </individualName>
<organizationName>Forestry Research Institute of Nigeria</organizationName><positionName>Principal Research Officer</positionName>    <address>
<deliveryPoint>Jericho Hill, Dugbe</deliveryPoint><city>Ibadan</city><administrativeArea>Oyo State</administrativeArea><country>NIGERIA</country>    </address>
<phone>+234 8023626443</phone><electronicMailAddress>osinyemi2004@yahoo.com</electronicMailAddress>    </metadataProvider>
    <associatedParty>
    <individualName>
<givenName>Omokafe</givenName>          <surName>Ugbogu</surName>
    </individualName>
<organizationName>Forestry Research Institute of Nigeria</organizationName><positionName>Director</positionName>    <address>
<deliveryPoint>Jericho Hill, Dugbe</deliveryPoint><city>Ibadan</city><administrativeArea>Oyo State</administrativeArea><country>NIGERIA</country>    </address>
<phone>+234 8032236876</phone><electronicMailAddress>omokafeugbogu@yahoo.com</electronicMailAddress>    <role>CURATOR</role>
    </associatedParty>
    <associatedParty>
    <individualName>
<givenName>Oluwaseun</givenName>          <surName>Osiyemi</surName>
    </individualName>
<organizationName>Forestry Research Institute of Nigeria</organizationName><positionName>Principal Research Officer</positionName>    <address>
<deliveryPoint>Jericho Hill, Dugbe</deliveryPoint><city>Ibadan</city><administrativeArea>Oyo State</administrativeArea><country>NIGERIA</country>    </address>
<phone>+234 8023626443</phone><electronicMailAddress>osinyemi2004@yahoo.com</electronicMailAddress>    <role>PUBLISHER</role>
    </associatedParty>
    <associatedParty>
    <individualName>
<givenName>Marie-Elise</givenName>          <surName>Lecoq</surName>
    </individualName>
<organizationName>GBIF France</organizationName><positionName>IT Engineer</positionName>    <address>
<country>FRANCE</country>    </address>
<phone>+33140798065</phone><electronicMailAddress>melecoq@gbif.fr</electronicMailAddress>    <role>DISTRIBUTOR</role>
    </associatedParty>
      <pubDate>
      2018-10-03
      </pubDate>
    <language>ENGLISH</language>
    <abstract>
        <para>Forest Herbarium Ibadan (FHI) is a repository of about 101000 specimens of vascular plants and cryptograms mainly from all parts of Nigeria and some other parts of the world. Forest Herbarium Ibadan is located in Taxonomy Section of the Department of Forest Conservation and Protection at the Forestry Research Institute of Nigeria, Ibadan. The sources of FHI materials are from Taxonomic activities such as collections during routine field exploration, flora projects and inventories. Other sources include  specimens exchange from other herbaria (Nationally and Internationally), voucher specimen from scientists and research students  and donations from private collectors. The objectives of FHI are to render Taxonomic services (Identification, Classification and Nomenclature), conserve and monitor the distribution and status of the flora of Nigeria through plant collection and botanical exploration of her regions and to encourage  proper documentation of the flora. Today, FHI plays the role of a National herbarium in Nigeria. The dataset presently holds about 3159 records of grasses collected between 1905 – 2015, consisting of 81 Genera and 320 Species with 3159 images links.</para>
    </abstract>
        <keywordSet>
              <keyword>Forest Herbarium Ibadan</keyword>
              <keyword>Grasses</keyword>
              <keyword>Plants</keyword>
              <keyword>Nigeria</keyword>
              <keyword>Occurrence</keyword>
              <keywordThesaurus>n/a</keywordThesaurus>
        </keywordSet>
        <keywordSet>
              <keyword>Occurrence</keyword>
              <keywordThesaurus>GBIF Dataset Type Vocabulary: http://rs.gbif.org/vocabulary/gbif/dataset_type.xml</keywordThesaurus>
        </keywordSet>
        <keywordSet>
              <keyword>Specimen</keyword>
              <keywordThesaurus>GBIF Dataset Subtype Vocabulary: http://rs.gbif.org/vocabulary/gbif/dataset_subtype.xml</keywordThesaurus>
        </keywordSet>
      <intellectualRights>
        <para>This work is licensed under a <ulink url="http://creativecommons.org/licenses/by/4.0/legalcode"><citetitle>Creative Commons Attribution (CC-BY) 4.0 License</citetitle></ulink>.</para>
      </intellectualRights>
      <coverage>
            <geographicCoverage>
                  <geographicDescription>Most of the specimens were collected from Nigeria. Few donated/exchange specimens came from other 23 African countries, Japan, the United States of America, Netherlands and Fiji</geographicDescription>
                  <boundingCoordinates>
                      <westBoundingCoordinate>-132.188</westBoundingCoordinate>
                      <eastBoundingCoordinate>168.047</eastBoundingCoordinate>
                      <northBoundingCoordinate>59.534</northBoundingCoordinate>
                      <southBoundingCoordinate>-36.598</southBoundingCoordinate>
                  </boundingCoordinates>
            </geographicCoverage>
              <taxonomicCoverage>
                    <generalTaxonomicCoverage>All vascular plants were identified to family or species. Examples of taxa are listed below</generalTaxonomicCoverage>
                    <taxonomicClassification>
                          <taxonRankName>Species</taxonRankName>
                        <taxonRankValue>Axonopus compressus (Sw.) P.Beauv.</taxonRankValue>
                    </taxonomicClassification>
                    <taxonomicClassification>
                          <taxonRankName>Species</taxonRankName>
                        <taxonRankValue>Bambusa vulgaris Schrad.</taxonRankValue>
                    </taxonomicClassification>
                    <taxonomicClassification>
                          <taxonRankName>Species</taxonRankName>
                        <taxonRankValue>Beckeropsis uniseta (Nees) K.Schum.</taxonRankValue>
                    </taxonomicClassification>
                    <taxonomicClassification>
                          <taxonRankName>Species</taxonRankName>
                        <taxonRankValue>Digitaria horizontalis Willd.</taxonRankValue>
                    </taxonomicClassification>
                    <taxonomicClassification>
                          <taxonRankName>Species</taxonRankName>
                        <taxonRankValue>Eragrostis arenicola C.E.Hubb.</taxonRankValue>
                    </taxonomicClassification>
                    <taxonomicClassification>
                          <taxonRankName>Species</taxonRankName>
                        <taxonRankValue>Tristachya superba (De Not.) Schweinf. &amp; Asch.</taxonRankValue>
                    </taxonomicClassification>
                    <taxonomicClassification>
                          <taxonRankName>Species</taxonRankName>
                        <taxonRankValue>Sporobolus pyramidalis Beauv.</taxonRankValue>
                    </taxonomicClassification>
                    <taxonomicClassification>
                          <taxonRankName>Species</taxonRankName>
                        <taxonRankValue>Panicum afzelii Sw.</taxonRankValue>
                    </taxonomicClassification>
                    <taxonomicClassification>
                          <taxonRankName>Genus</taxonRankName>
                        <taxonRankValue>Panicum L.</taxonRankValue>
                    </taxonomicClassification>
              </taxonomicCoverage>
      </coverage>
      <maintenance>
          <description>
              <para></para>
          </description>
          <maintenanceUpdateFrequency>unkown</maintenanceUpdateFrequency>
      </maintenance>
      <contact>
    <individualName>
<givenName>Oluwaseun</givenName>          <surName>Osiyemi</surName>
    </individualName>
<organizationName>Forestry Research Institute of Nigeria</organizationName><positionName>Principal Research Officer</positionName>    <address>
<deliveryPoint>Jericho Hill, Dugbe</deliveryPoint><city>Ibadan</city><administrativeArea>Oyo State</administrativeArea><country>NIGERIA</country>    </address>
<phone>+234 8023626443</phone><electronicMailAddress>osinyemi2004@yahoo.com</electronicMailAddress>      </contact>
      <contact>
    <individualName>
<givenName>Omokafe</givenName>          <surName>Ugbogu</surName>
    </individualName>
<organizationName>Forestry Research Institute of Nigeria</organizationName><positionName>Director/Curator Forest Herbarium Ibadan (FHI)</positionName>    <address>
<deliveryPoint>Jericho Hill, Dugbe</deliveryPoint><city>Ibadan</city><administrativeArea>Oyo State</administrativeArea><country>NIGERIA</country>    </address>
<phone>+234 8032236876</phone><electronicMailAddress>omokafeugbogu@yahoo.com</electronicMailAddress>      </contact>
      <methods>
            <methodStep>
                <description>
                    <para>Not applicable</para>
                </description>
            </methodStep>
            <sampling>
                <studyExtent>
                    <description>
                        <para>Not applicable</para>
                    </description>
                </studyExtent>
                <samplingDescription>
                    <para>Not applicable</para>
                </samplingDescription>
            </sampling>
            <qualityControl>
                <description>
                    <para>Not applicable</para>
                </description>
            </qualityControl>
      </methods>

      <project id="BID-AF2017-0210-NAC">
          <title>Capacity Advancement for the Nigeria node of GBIF</title>
          <personnel>
    <individualName>
<givenName>Omokafe</givenName>          <surName>Ugbogu</surName>
    </individualName>
    <role>PRINCIPAL_INVESTIGATOR</role>
          </personnel>
          <personnel>
    <individualName>
<givenName>Okedeji</givenName>          <surName>Okeyoyin</surName>
    </individualName>
    <role>CURATOR</role>
          </personnel>
          <personnel>
    <individualName>
<givenName>Joseph</givenName>          <surName>Onoja</surName>
    </individualName>
    <role>CURATOR</role>
          </personnel>
          <personnel>
    <individualName>
<givenName>Peter</givenName>          <surName>Nnabude</surName>
    </individualName>
    <role>CURATOR</role>
          </personnel>
          <personnel>
    <individualName>
<givenName>Zaccheaus</givenName>          <surName>Egbewole</surName>
    </individualName>
    <role>CURATOR</role>
          </personnel>
          <abstract>
              <para>The objective of this project is to initiate mobilization of biodiversity data from Nigerian data holders, custodians, and institutions, estimated to hold more than 700,000 data records related to plants and animals within protected areas and likewise invasive, threatened and endemic species.
While educating biodiversity data stakeholders across Nigeria on the benefits of biodiversity data mobilization and sharing, the project will also disseminate and demonstrate best practices for digitizing natural history collections through training workshops and thereby mobilize biodiversity data from Nigeria.
Project activities will be coordinated by Forestry Research Institute of Nigeria (FRIN) and executed in collaboration with project partners at Nigeria National Park Service, Nigerian Conservation Foundation (NCF), Nnadi Azikiwe University, Awka, Nasarawa State University, and University of Kansas.
Through this project, previously undigitized data from herbarium/museum collections and species in the protected areas in each geo-ecological zone of Nigeria will be mobilized and shared through GBIF.org, complementing data that the Nigerian GBIF node is already mobilizing.
In addition to helping policy makers prioritize conservation investments, the mobilized data will be used to identify potential habitats for threatened species, which in turn will aid park managers to focus long-term conservation efforts. The project is expected to increase capacity for biodiversity information management within the GBIF node in Nigeria.</para>
          </abstract>
          <funding>
              <para>The project was funded by European Union and GBIF. It was co funded by Forestry Research Institute of Nigeria, Nigeria National Park Service, Nigerian Conservation Foundation (NCF), Nnadi Azikiwe University Awka and Nasarawa State University.</para>
          </funding>
            <studyAreaDescription>
                <descriptor name="generic" citableClassificationSystem="false">
                    <descriptorValue>The project occurred in the six geoecological zones across Nigeria. The records mobilized are those of herbarium specimens, insect collections and animals in parks and protected areas across Nigeria.</descriptorValue>
                </descriptor>
            </studyAreaDescription>
            <designDescription>
                <description>
                    <para>In the research design, specimens were digitized directly into Darwin Core spreadsheet by project team. The data cleaning was done using OpenRefine software. In the process of digitization, Google Maps (GPS finder) was used for Georeferencing of localities on specimen’s records. Validation of taxonomic records was done using Global Names Resolver and other online resources.

The goal of the research design is digitization of over  10000 biodiversity data and information on threatened species, invasive alien species and species in the protected areas in each geoecological zone in Nigeria</para>
                </description>
            </designDescription>
      </project>
</dataset>

<additionalMetadata>
    <metadata>
      <gbif>
        <dateStamp>2018-10-09T09:43:20Z</dateStamp>
      <citation identifier="http://ipt-nigeria.gbif.fr/resource?r=plants_fhi_nigeria&amp;amp;v=1.0">Ugbogu O, Osiyemi O, Adeniji K, Okanlawo T, Soyewo T, Oyebola T, Chukwuma E, Aina S, Odewo A (2018). Grasses of the Forest Herbarium Ibadan (FHI) Nigeria. Version 1.1. Forestry Research Institute of Nigeria. Occurrence dataset https://doi.org/10.15468/rhbyxz accessed via GBIF.org on 2018-10-09.</citation>
              <bibliography>
      <citation identifier="https://www.gps-coordinates.net/">Google Maps 2018</citation>
              </bibliography>
              <collection>
                <parentCollectionIdentifier>Not applicable</parentCollectionIdentifier>
                <collectionIdentifier></collectionIdentifier>
                <collectionName>Grasses collection of the Forest Herbariun Ibadan</collectionName>
              </collection>
              <formationPeriod>1905-2015</formationPeriod>
                <specimenPreservationMethod>DRIED_AND_PRESSED</specimenPreservationMethod>
                  <jgtiCuratorialUnit>
                      <jgtiUnitType>Herbarium specimen sheets</jgtiUnitType>
                      <jgtiUnits>3,159</jgtiUnits>
                  </jgtiCuratorialUnit>
        </gbif>
    </metadata>
</additionalMetadata>

</eml:eml>
