<?xml version="1.0" encoding="utf-8"?>
<eml:eml xmlns:eml="eml://ecoinformatics.org/eml-2.1.1" xmlns:xsi="http://www.w3.org/2001/XMLSchema-instance"
         xsi:schemaLocation="eml://ecoinformatics.org/eml-2.1.1 http://rs.gbif.org/schema/eml-gbif-profile/1.1/eml.xsd"
        packageId="cc488b41-4e98-4dff-ae42-b44fa31bd442"  system="http://gbif.org" scope="system"
  xml:lang="en">

<dataset>
      <alternateIdentifier>10.15468/geylm0</alternateIdentifier>
        <alternateIdentifier>cc488b41-4e98-4dff-ae42-b44fa31bd442</alternateIdentifier>
        <alternateIdentifier>http://197.189.235.147:8080/iptghana/resource?r=ca1234</alternateIdentifier>
    <title>Plant Species Recorded at Elluokrom in Ghana</title>
    <creator>
    <individualName>
<givenName>Yaw</givenName>          <surName>Osei-Owusu</surName>
    </individualName>
<organizationName>Conservation Alliance International</organizationName><positionName>Executive Director</positionName>    <address>
<deliveryPoint>NO 5 Odum Street, North Dworwulu, P.O Box KA 30426, Kotoka International Airport</deliveryPoint><city>Accra</city><administrativeArea>Greater Accra</administrativeArea><postalCode>KA 30426</postalCode><country>GHANA</country>    </address>
<phone>+233 (0) 244277795</phone><electronicMailAddress>yosei-owusu@conservealliance.org</electronicMailAddress><onlineUrl>http://www.conservealliance.org</onlineUrl>      <userId directory="http://www.researcherid.com/rid/">https://www.linkedin.com/in/yaw-osei-owusu-42844925/</userId>
    </creator>
    <creator>
    <individualName>
<givenName>Raymond</givenName>          <surName>Owusu-Achiaw</surName>
    </individualName>
<organizationName>Conservation Alliance International</organizationName><positionName>Natural Resource Manager</positionName>    <address>
<deliveryPoint>NO 5 Odum Street, North Dworwulu, P.O Box KA 30426, Kotoka International Airport</deliveryPoint><city>Accra</city><administrativeArea>Greater Accra</administrativeArea><postalCode>KA 30426</postalCode><country>GHANA</country>    </address>
<phone>+233 (0) 2466560833</phone><electronicMailAddress>rowusu-achiaw@conservealliance.org</electronicMailAddress><onlineUrl>http://www.conservealliance.org</onlineUrl>      <userId directory="https://www.linkedin.com/profile/view?id=">https://www.linkedin.com/in/raymond-owusu-achiaw-78926796/</userId>
    </creator>
    <metadataProvider>
    <individualName>
<givenName>Raymond</givenName>          <surName>Owusu-Achiaw</surName>
    </individualName>
<organizationName>Conservation Alliance International</organizationName><positionName>Natural Resource Manager</positionName>    <address>
<deliveryPoint>NO 5 Odum Street, North Dworwulu, P.O Box KA 30426, Kotoka International Airport</deliveryPoint><city>Accra</city><administrativeArea>Greater Accra</administrativeArea><postalCode>KA 30426</postalCode><country>GHANA</country>    </address>
<phone>+233 (0) 246656083</phone><electronicMailAddress>rowusu-achiaw@conservealliance.org</electronicMailAddress><onlineUrl>http://www.conservealliance.org</onlineUrl>      <userId directory="https://www.linkedin.com/profile/view?id=">https://www.linkedin.com/in/raymond-owusu-achiaw-78926796/</userId>
    </metadataProvider>
    <metadataProvider>
    <individualName>
<givenName>Yaw</givenName>          <surName>Osei-Owusu</surName>
    </individualName>
<organizationName>Conservation Alliance International</organizationName><positionName>Executive Director</positionName>    <address>
<deliveryPoint>NO 5 Odum Street, North Dworwulu, P.O Box KA 30426, Kotoka International Airport</deliveryPoint><city>Accra</city><administrativeArea>Greater Accra</administrativeArea><postalCode>KA 30426</postalCode><country>GHANA</country>    </address>
<phone>+233 (0) 244277795</phone><electronicMailAddress>yosei-owusu@conservealliance.org</electronicMailAddress><onlineUrl>http://www.conservealliance.org</onlineUrl>      <userId directory="https://www.linkedin.com/profile/view?id=">https://www.linkedin.com/in/yaw-osei-owusu-42844925/</userId>
    </metadataProvider>
    <associatedParty>
    <individualName>
<givenName>Yaw</givenName>          <surName>Osei-Owusu</surName>
    </individualName>
<organizationName>Conservation Alliance International</organizationName><positionName>Executive Director</positionName>    <address>
<deliveryPoint>NO 5 Odum Street, North Dworwulu, Post Office Box KA 30426, Kotoka International Airport</deliveryPoint><city>Accra</city><administrativeArea>Greater Accra</administrativeArea><postalCode>KA 30426</postalCode><country>GHANA</country>    </address>
<phone>+233 (0) 244277795</phone><electronicMailAddress>yosei-owusu@conservealliance.org</electronicMailAddress><onlineUrl>http://www.conservealliance.org</onlineUrl>      <userId directory="https://www.linkedin.com/profile/view?id=">https://www.linkedin.com/in/yaw-osei-owusu-42844925/</userId>
    <role>POINT_OF_CONTACT</role>
    </associatedParty>
    <associatedParty>
    <individualName>
<givenName>Raymond</givenName>          <surName>Owusu-Achiaw</surName>
    </individualName>
<organizationName>Conservation Alliance International</organizationName><positionName>Natural Resource Manager</positionName>    <address>
<deliveryPoint>NO 5 Odum Street, North Dworwulu, Post Office Box KA 30426, Kotoka International Airport</deliveryPoint><city>Accra</city><administrativeArea>Greater Accra</administrativeArea><postalCode>KA 30426</postalCode><country>GHANA</country>    </address>
<phone>+233 (0) 246656083</phone><electronicMailAddress>rowusu-achiaw@conservealliance.org</electronicMailAddress><onlineUrl>http://www.conservealliance.org</onlineUrl>      <userId directory="https://www.linkedin.com/profile/view?id=">https://www.linkedin.com/in/raymond-owusu-achiaw-78926796/</userId>
    <role>POINT_OF_CONTACT</role>
    </associatedParty>
      <pubDate>
      2018-10-02
      </pubDate>
    <language>ENGLISH</language>
    <abstract>
        <para>These occurrence data were obtained from the Resource Management Support Centre of the Forestry Commission Ghana. The study area (Elluokrom) is at the Bia West District in the Western Region of Ghana and very close to the Bia Game Productive Reserve and also falls within the moist semi-deciduous forest type in Ghana. The area is characterized by high diversity of pioneer tree species and lies within decimal latitude and longitude 6.5273056 and -2.9319167 respectively. Timber species occurring within the Elluokrom area were recorded when encountered or observed.</para>
    </abstract>
        <keywordSet>
              <keyword>Occurrence</keyword>
              <keywordThesaurus>GBIF Dataset Type Vocabulary: http://rs.gbif.org/vocabulary/gbif/dataset_type.xml</keywordThesaurus>
        </keywordSet>
        <keywordSet>
              <keyword>Observation</keyword>
              <keywordThesaurus>GBIF Dataset Subtype Vocabulary: http://rs.gbif.org/vocabulary/gbif/dataset_subtype.xml</keywordThesaurus>
        </keywordSet>
      <intellectualRights>
        <para>This work is licensed under a <ulink url="http://creativecommons.org/licenses/by/4.0/legalcode"><citetitle>Creative Commons Attribution (CC-BY) 4.0 License</citetitle></ulink>.</para>
      </intellectualRights>
      <coverage>
            <geographicCoverage>
                  <geographicDescription>Occurrence data points were taken within decimal latitude and longitude 6.5273056 and -2.9319167 respectively.</geographicDescription>
                  <boundingCoordinates>
                      <westBoundingCoordinate>-2.932</westBoundingCoordinate>
                      <eastBoundingCoordinate>-2.932</eastBoundingCoordinate>
                      <northBoundingCoordinate>6.527</northBoundingCoordinate>
                      <southBoundingCoordinate>6.527</southBoundingCoordinate>
                  </boundingCoordinates>
            </geographicCoverage>
          <temporalCoverage>
            <rangeOfDates>
              <beginDate>
                <calendarDate>      2001-01-12
</calendarDate>
              </beginDate>
              <endDate>
                <calendarDate>      2001-01-12
</calendarDate>
              </endDate>
            </rangeOfDates>
          </temporalCoverage>
              <taxonomicCoverage>
                    <generalTaxonomicCoverage>The species were ranked to the specific epithet.</generalTaxonomicCoverage>
                    <taxonomicClassification>
                          <taxonRankName>Species</taxonRankName>
                        <taxonRankValue>Albizia ferruginea</taxonRankValue>
                          <commonName>Awiemfosamina</commonName>
                    </taxonomicClassification>
                    <taxonomicClassification>
                          <taxonRankName>Species</taxonRankName>
                        <taxonRankValue>Albizia zygia</taxonRankValue>
                          <commonName>Okoro</commonName>
                    </taxonomicClassification>
                    <taxonomicClassification>
                          <taxonRankName>Species</taxonRankName>
                        <taxonRankValue>Afzelia bella</taxonRankValue>
                          <commonName>Papaonua</commonName>
                    </taxonomicClassification>
                    <taxonomicClassification>
                          <taxonRankName>Species</taxonRankName>
                        <taxonRankValue>Alstionia boonei</taxonRankValue>
                          <commonName>Sinuro</commonName>
                    </taxonomicClassification>
                    <taxonomicClassification>
                          <taxonRankName>Species</taxonRankName>
                        <taxonRankValue>Amphimas pterocarpoides</taxonRankValue>
                          <commonName>Yaya</commonName>
                    </taxonomicClassification>
                    <taxonomicClassification>
                          <taxonRankName>Species</taxonRankName>
                        <taxonRankValue>Antiaris toxicaria</taxonRankValue>
                          <commonName>Kyenkyen</commonName>
                    </taxonomicClassification>
                    <taxonomicClassification>
                          <taxonRankName>Species</taxonRankName>
                        <taxonRankValue>Carnarium schweinfurthii</taxonRankValue>
                          <commonName>Bediwonua</commonName>
                    </taxonomicClassification>
                    <taxonomicClassification>
                          <taxonRankName>Species</taxonRankName>
                        <taxonRankValue>Ceiba pentandra</taxonRankValue>
                          <commonName>Onyina</commonName>
                    </taxonomicClassification>
                    <taxonomicClassification>
                          <taxonRankName>Species</taxonRankName>
                        <taxonRankValue>Celtis milbraedii</taxonRankValue>
                          <commonName>Esa</commonName>
                    </taxonomicClassification>
                    <taxonomicClassification>
                          <taxonRankName>Species</taxonRankName>
                        <taxonRankValue>Celtis zenkeri</taxonRankValue>
                          <commonName>Esakokoo</commonName>
                    </taxonomicClassification>
                    <taxonomicClassification>
                          <taxonRankName>Species</taxonRankName>
                        <taxonRankValue>Chrysophyllum subnudum</taxonRankValue>
                          <commonName>Adasema</commonName>
                    </taxonomicClassification>
                    <taxonomicClassification>
                          <taxonRankName>Species</taxonRankName>
                        <taxonRankValue>Cordia millenii</taxonRankValue>
                          <commonName>Tweneboa</commonName>
                    </taxonomicClassification>
                    <taxonomicClassification>
                          <taxonRankName>Species</taxonRankName>
                        <taxonRankValue>Cylicodiscus gabunensis</taxonRankValue>
                          <commonName>Denya</commonName>
                    </taxonomicClassification>
                    <taxonomicClassification>
                          <taxonRankName>Species</taxonRankName>
                        <taxonRankValue>Daniella thurifera</taxonRankValue>
                          <commonName>Sopi</commonName>
                    </taxonomicClassification>
                    <taxonomicClassification>
                          <taxonRankName>Species</taxonRankName>
                        <taxonRankValue>Distemonantus benthamianus</taxonRankValue>
                          <commonName>Bosamdua</commonName>
                    </taxonomicClassification>
                    <taxonomicClassification>
                          <taxonRankName>Species</taxonRankName>
                        <taxonRankValue>Entandrophragma angolense</taxonRankValue>
                          <commonName>Edinam</commonName>
                    </taxonomicClassification>
                    <taxonomicClassification>
                          <taxonRankName>Species</taxonRankName>
                        <taxonRankValue>Entandrophragma cylindricum</taxonRankValue>
                          <commonName>Penkwa</commonName>
                    </taxonomicClassification>
                    <taxonomicClassification>
                          <taxonRankName>Species</taxonRankName>
                        <taxonRankValue>Entandrophragma utile</taxonRankValue>
                          <commonName>Efuobrodedwo</commonName>
                    </taxonomicClassification>
                    <taxonomicClassification>
                          <taxonRankName>Species</taxonRankName>
                        <taxonRankValue>Guarea cedrata</taxonRankValue>
                          <commonName>Kwabohoro</commonName>
                    </taxonomicClassification>
                    <taxonomicClassification>
                          <taxonRankName>Species</taxonRankName>
                        <taxonRankValue>Guibortia ehie</taxonRankValue>
                          <commonName>Anokye Hyedua</commonName>
                    </taxonomicClassification>
                    <taxonomicClassification>
                          <taxonRankName>Species</taxonRankName>
                        <taxonRankValue>Khaya ivorensis</taxonRankValue>
                          <commonName>Dubini</commonName>
                    </taxonomicClassification>
                    <taxonomicClassification>
                          <taxonRankName>Species</taxonRankName>
                        <taxonRankValue>Klainedoxa gabonensis</taxonRankValue>
                          <commonName>Kroma</commonName>
                    </taxonomicClassification>
                    <taxonomicClassification>
                          <taxonRankName>Species</taxonRankName>
                        <taxonRankValue>Mansonia altissima</taxonRankValue>
                          <commonName>Oprono</commonName>
                    </taxonomicClassification>
                    <taxonomicClassification>
                          <taxonRankName>Species</taxonRankName>
                        <taxonRankValue>Nauclea diderrichii</taxonRankValue>
                          <commonName>Kusia</commonName>
                    </taxonomicClassification>
                    <taxonomicClassification>
                          <taxonRankName>Species</taxonRankName>
                        <taxonRankValue>Nesogornia papaverifera</taxonRankValue>
                          <commonName>Danta</commonName>
                    </taxonomicClassification>
                    <taxonomicClassification>
                          <taxonRankName>Species</taxonRankName>
                        <taxonRankValue>Parkia bicolor</taxonRankValue>
                          <commonName>Asoma</commonName>
                    </taxonomicClassification>
                    <taxonomicClassification>
                          <taxonRankName>Species</taxonRankName>
                        <taxonRankValue>Petersianthus macrocarpus</taxonRankValue>
                          <commonName>Esia</commonName>
                    </taxonomicClassification>
                    <taxonomicClassification>
                          <taxonRankName>Species</taxonRankName>
                        <taxonRankValue>Piptadeniastrum africanum</taxonRankValue>
                          <commonName>Dahoma</commonName>
                    </taxonomicClassification>
                    <taxonomicClassification>
                          <taxonRankName>Species</taxonRankName>
                        <taxonRankValue>Pterygota macrocarpa+</taxonRankValue>
                          <commonName>Kyereye</commonName>
                    </taxonomicClassification>
                    <taxonomicClassification>
                          <taxonRankName>Species</taxonRankName>
                        <taxonRankValue>Pycnanthus angolensis</taxonRankValue>
                          <commonName>Otie</commonName>
                    </taxonomicClassification>
                    <taxonomicClassification>
                          <taxonRankName>Species</taxonRankName>
                        <taxonRankValue>Rhodognaphalon brevicuspe</taxonRankValue>
                          <commonName>Onyinakoben</commonName>
                    </taxonomicClassification>
                    <taxonomicClassification>
                          <taxonRankName>Species</taxonRankName>
                        <taxonRankValue>Rhodognaphalon buonopozense</taxonRankValue>
                          <commonName>Akata</commonName>
                    </taxonomicClassification>
                    <taxonomicClassification>
                          <taxonRankName>Species</taxonRankName>
                        <taxonRankValue>Sterculia rhinopetala</taxonRankValue>
                          <commonName>Wawabima</commonName>
                    </taxonomicClassification>
                    <taxonomicClassification>
                          <taxonRankName>Species</taxonRankName>
                        <taxonRankValue>Strombosia glaucescens</taxonRankValue>
                          <commonName>Afema</commonName>
                    </taxonomicClassification>
                    <taxonomicClassification>
                          <taxonRankName>Species</taxonRankName>
                        <taxonRankValue>Terminalia superba</taxonRankValue>
                          <commonName>Ofram</commonName>
                    </taxonomicClassification>
                    <taxonomicClassification>
                          <taxonRankName>Species</taxonRankName>
                        <taxonRankValue>Tieghemella heckelii  (A.Chev.) Pierre ex Dubard)</taxonRankValue>
                          <commonName>Bako</commonName>
                    </taxonomicClassification>
                    <taxonomicClassification>
                          <taxonRankName>Species</taxonRankName>
                        <taxonRankValue>Triplochiton scleroxylon</taxonRankValue>
                          <commonName>Wawa</commonName>
                    </taxonomicClassification>
              </taxonomicCoverage>
      </coverage>
      <purpose>
          <para>The dataset was created to know some of the timber species occurring at Elluokrom in the Western Region of Ghana for conservation of the timber resources in the off-reserve areas.</para>
      </purpose>
      <maintenance>
          <description>
              <para></para>
          </description>
          <maintenanceUpdateFrequency>continually</maintenanceUpdateFrequency>
      </maintenance>
      <contact>
    <individualName>
<givenName>Kofi Affum</givenName>          <surName>Baffoe</surName>
    </individualName>
<organizationName>Resource Management Support Centre</organizationName><positionName>Inventory &amp; Natural Forest Production Manager</positionName>    <address>
<deliveryPoint>P.O Box 1457</deliveryPoint><city>Kumasi</city><country>GHANA</country>    </address>
<phone>+233 (0) 246131548</phone><electronicMailAddress>kab64baf@hotmail.com</electronicMailAddress><onlineUrl>http://www.fcghana.org/page.php?section=41&amp;page=293&amp;typ=1</onlineUrl>      <userId directory="https://www.linkedin.com/profile/view?id=">https://www.linkedin.com/in/kofi-affum-baffoe-73861091/</userId>
      </contact>
      <methods>
            <methodStep>
                <description>
                    <para>All data points were entered in excel worksheet using the Darwin Core standard template for occurrence data and cleaned from errors using the filter on the excel worksheet. All names were resolved and verified or validated using the Taxonomic Name Resolution Service V.40 and Global Name Resolver. Google map and Georeference calculator were used in verifying the location and calculating the coordinate uncertainty in metres. The Canadensys coordinate conversion was used in changing the geographic coordinates from DDMMSS to decimal coordinates. Dates were parsed using the Canadensys date parsing.  InfoXY version 2.0 was used in validation all the geographic data associated with the species. Geographic data associated with the datasets were further validated with Geolocate software. The data was not georeferenced was georeferenced using the georeferencing protocol MaNIS/HerpNet/ORNIS Georeferencing Guidelines. 
Being secondary data, the occurrence ID was generated using the data holder instituition:the sample plots where the data was collected together with the name of the project and the area where the data was collected and an assigned number. Thus OccuranceID was generated as RMSC:TSPMI:BR001. This translates to Resource Management Support Center:TemporarySamplePlotMultipleInventory:BiaReserve001. The cleaned occurrence dataset was then uploaded into the OpenRefine software for further cleaning and the cleaned dataset was then downloaded as CSV file and uploaded into the IPT for publishing by filling and completing all required metadata associated with the dataset.
Quality checks such as the following were followed during the cleaning of the data and writing of the metadata associated with the dataset. The required template for occurrence dataset was used. The required and recommended fields were duly filled. The recommended data cleaning software and reference books were used. Data cleaning procedures and methods were meticulously followed to produce as far as practically possible dataset that is fit for use and publishing.</para>
                </description>
            </methodStep>
      </methods>

      <project id="African Biodiversity Challenge 2018">
          <title>Enhancing Biodiversity Data Mobilisation, Management and Utilisation in Off Reserve Areas in Ghana: Using CREMAS as a Model</title>
          <personnel>
    <individualName>
<givenName>Raymond</givenName>          <surName>Owusu-Achiaw</surName>
    </individualName>
      <userId directory="https://www.linkedin.com/profile/view?id=">Identifier: https://www.linkedin.com/in/raymond-owusu-achiaw-78926796/</userId>
    <role>POINT_OF_CONTACT</role>
          </personnel>
          <personnel>
    <individualName>
<givenName>Yaw</givenName>          <surName>Osei-Owusu</surName>
    </individualName>
      <userId directory="https://www.linkedin.com/profile/view?id=">https://www.linkedin.com/in/yaw-osei-owusu-42844925/</userId>
    <role>POINT_OF_CONTACT</role>
          </personnel>
          <abstract>
              <para>The occurrence data were taken at the Resource Management Support Centre (RMSC) of the Forestry Commission, Ghana. Observations of timber species were recorded at Bounding Coordinates South West [6.527, -2.932], North East [6.527, -2.932]. 
All raw data sourced or collected from RMSC were entered in excel worksheet using the Darwin Core standard template for occurrence data and cleaned from errors using tools and software such as the Taxonomic Name Resolution Service V.40, Global Name Resolver, Google map, Georeference calculator, the Canadensys date parsing, InfoXY version 2.0, Geolocate and OpenRefine. Reference books such as the georeferencing protocol MaNIS/HerpNet/ORNIS Georeferencing Guidelines and Quick Reference Guidelines for Darwin Core terms were also used. 
The cleaned dataset was then downloaded as CSV file from the OpenRefine software and uploaded into the Integrated Publishing Tool (IPT) for publishing after filling and completing all required metadata associated with the dataset and ensuring that all quality checks have been duly followed.</para>
          </abstract>
          <funding>
              <para>JRS Biodiversity Foundation</para>
          </funding>
            <studyAreaDescription>
                <descriptor name="generic" citableClassificationSystem="false">
                    <descriptorValue>The occurrence data points were recorded through observation of timber species at Ellukrom in Ghana with decimal latitude 6.5273056 and longitude -2.9319167.The observation and recording were done in January 12, 2001.</descriptorValue>
                </descriptor>
            </studyAreaDescription>
            <designDescription>
                <description>
                    <para>The goal of the project was to record timber species observed or encountered around Elluokrom in the Western Region of Ghana.</para>
                </description>
            </designDescription>
      </project>
</dataset>

<additionalMetadata>
    <metadata>
      <gbif>
        <dateStamp>2018-10-09T09:43:13Z</dateStamp>
      <citation>Osei-Owusu Y, Owusu-Achiaw R (2018). Plant Species Recorded at Elluokrom in Ghana. Version 1.1. Conservation Alliance International. Occurrence dataset https://doi.org/10.15468/geylm0 accessed via GBIF.org on 2018-10-09.</citation>
        </gbif>
    </metadata>
</additionalMetadata>

</eml:eml>
