<?xml version="1.0" encoding="utf-8"?>
<eml:eml xmlns:eml="eml://ecoinformatics.org/eml-2.1.1" xmlns:xsi="http://www.w3.org/2001/XMLSchema-instance"
         xsi:schemaLocation="eml://ecoinformatics.org/eml-2.1.1 http://rs.gbif.org/schema/eml-gbif-profile/1.1/eml.xsd"
        packageId="cce04086-6c7c-11e2-90ce-00145eb45e9a"  system="http://gbif.org" scope="system"
  xml:lang="en">

<dataset>
      <alternateIdentifier>10.15468/ppw8gu</alternateIdentifier>
        <alternateIdentifier>1492</alternateIdentifier>
    <title>Bryophyte herbarium, Göttingen (GOET)</title>
    <associatedParty>
    <individualName>
          <surName>GWDG, Prof. Dr. Ramin Yahyapour</surName>
    </individualName>
    <address>
<deliveryPoint>Am Faßberg 11, 37077 Göttingen</deliveryPoint>    </address>
<phone>[49] 551 201-1523</phone><electronicMailAddress>support@gwdg.de</electronicMailAddress>    <role>TECHNICAL_POINT_OF_CONTACT</role>
    </associatedParty>
    <language>en</language>
    <abstract>
        <para>The Bryophyte database contains more than 35000 records of the Bryophyte Herbarium at Göttingen (GOET). Mainly neotropical specimens are presented. Photographs or plates of species located at Göttingen (GOET) are presented if available.</para>
    </abstract>
      <intellectualRights>
        <para>This work is licensed under a <ulink url="http://creativecommons.org/licenses/by/4.0/legalcode"><citetitle>Creative Commons Attribution (CC-BY) 4.0 License</citetitle></ulink>.</para>
      </intellectualRights>
      <distribution scope="document">
          <online>
              <url function="information">http://www.uni-goettingen.de/de/157037.html</url>
          </online>
      </distribution>
      <contact>
    <individualName>
          <surName>Universitätsherbarium Göttingen, Prof. Dr. Elvira Hörandl</surName>
    </individualName>
    <address>
<deliveryPoint>Untere Karspüle 2, D-37073 Göttingen, Germany</deliveryPoint>    </address>
<phone>[49] 551/ 39-7843</phone><electronicMailAddress>Elvira.Hoerandl@biologie.uni-goettingen.de</electronicMailAddress>      </contact>

</dataset>

<additionalMetadata>
    <metadata>
      <gbif>
        <dateStamp>2018-10-09T09:43:08Z</dateStamp>
      <citation>Georg-August-Universität Göttingen, Albrecht-von-Haller-Institut für Pflanzenwissenschaften, Abteilung Systematische Botanik. Bryophyte herbarium, Göttingen (GOET). Occurrence dataset https://doi.org/10.15468/ppw8gu accessed via GBIF.org on 2018-10-09.</citation>
        </gbif>
    </metadata>
</additionalMetadata>

</eml:eml>
