<?xml version="1.0" encoding="utf-8"?>
<eml:eml xmlns:eml="eml://ecoinformatics.org/eml-2.1.1" xmlns:xsi="http://www.w3.org/2001/XMLSchema-instance"
         xsi:schemaLocation="eml://ecoinformatics.org/eml-2.1.1 http://rs.gbif.org/schema/eml-gbif-profile/1.1/eml.xsd"
        packageId="eeb765d6-8e53-40d7-abe0-bd6c1df83943"  system="http://gbif.org" scope="system"
  xml:lang="en">

<dataset>
      <alternateIdentifier>10.15468/hqvvzs</alternateIdentifier>
        <alternateIdentifier>http://197.189.235.147:8080/iptghana/resource?r=atewabryophytes</alternateIdentifier>
    <title>Atewa Range Forest Reserve Bryophytes dataset, Ghana</title>
    <creator>
    <individualName>
<givenName>Jacqueline Sapoama</givenName>          <surName>Mbawine</surName>
    </individualName>
<organizationName>A Rocha Ghana</organizationName><positionName>Scientific Officer</positionName>    <address>
<deliveryPoint>10 Wawa Rd, Kokomlemle</deliveryPoint><city>Accra</city><administrativeArea>Greater Accra Region</administrativeArea><postalCode>KN3480, Kaneshie</postalCode><country>GHANA</country>    </address>
<phone>+233261077158</phone><electronicMailAddress>jacqueline.kumadoh@arocha.org</electronicMailAddress><onlineUrl>http://ghana.arocha.org/people/jacqueline-kumadoh-mbawine/</onlineUrl>      <userId directory="https://www.linkedin.com/profile/view?id=">https://www.linkedin.com/in/jacqueline-kumadoh-57402670/</userId>
    </creator>
    <creator>
    <individualName>
<givenName>Nick</givenName>          <surName>Hodgetts</surName>
    </individualName>
<organizationName>Nick Hodgetts Botanical Services​</organizationName><positionName>Consultant</positionName>    <address>
<deliveryPoint>Cuillin Views, 15 Earlish, Portree</deliveryPoint><city>Isle of Skye</city><administrativeArea>Scotland</administrativeArea><postalCode>IV51 9XL</postalCode><country>UNITED_KINGDOM</country>    </address>
<phone>00 44 (0) 1470 542453/00 44 (0) 7813 869965</phone><electronicMailAddress>nick1901@hotmail.co.uk</electronicMailAddress><onlineUrl>https://www.nickhodgetts.co.uk/</onlineUrl>      <userId directory="https://www.linkedin.com/profile/view?id=">https://www.linkedin.com/in/nick-hodgetts-87832674/</userId>
    </creator>
    <metadataProvider>
    <individualName>
<givenName>Jacqueline Sapoama</givenName>          <surName>Mbawine</surName>
    </individualName>
<organizationName>A Rocha Ghana</organizationName><positionName>Scientific Officer</positionName>    <address>
<deliveryPoint>10 Wawa Rd, Kokomlemle</deliveryPoint><city>Accra</city><administrativeArea>Greater Accra Region</administrativeArea><postalCode>KN3480, Kaneshie</postalCode><country>GHANA</country>    </address>
<phone>+233261077158</phone><electronicMailAddress>jacqueline.kumadoh@arocha.org</electronicMailAddress><onlineUrl>http://ghana.arocha.org/people/jacqueline-kumadoh-mbawine/</onlineUrl>      <userId directory="https://www.linkedin.com/profile/view?id=">https://www.linkedin.com/in/jacqueline-kumadoh-57402670/</userId>
    </metadataProvider>
    <metadataProvider>
    <individualName>
<givenName>Nick</givenName>          <surName>Hodgetts</surName>
    </individualName>
<organizationName>Nick Hodgetts Botanical Services</organizationName><positionName>Consultant</positionName>    <address>
<deliveryPoint>Cuillin Views, 15 Earlish, Portree</deliveryPoint><city>Isle of Skye</city><administrativeArea>Scotland</administrativeArea><postalCode>IV51 9XL​​​​​​​​​​​</postalCode><country>UNITED_KINGDOM</country>    </address>
<phone>00 44 (0) 1470 542453/00 44 (0) 7813 869965</phone><electronicMailAddress>nick1901@hotmail.co.uk</electronicMailAddress><onlineUrl>https://www.nickhodgetts.co.uk/</onlineUrl>      <userId directory="https://www.linkedin.com/profile/view?id=">https://www.linkedin.com/in/nick-hodgetts-87832674/</userId>
    </metadataProvider>
    <associatedParty>
    <individualName>
<givenName>Jacqueline Sapoama</givenName>          <surName>Mbawine</surName>
    </individualName>
<organizationName>A Rocha Ghana</organizationName><positionName>Scientific Officer</positionName>    <address>
<deliveryPoint>10 Wawa Rd, Kokomlemle</deliveryPoint><city>Accra</city><administrativeArea>Greater Accra Region</administrativeArea><postalCode>KN3480, Kaneshie</postalCode><country>GHANA</country>    </address>
<phone>+233261077158</phone><electronicMailAddress>jacqueline.kumadoh@arocha.org</electronicMailAddress><onlineUrl>http://ghana.arocha.org/people/jacqueline-kumadoh-mbawine/</onlineUrl>      <userId directory="https://www.linkedin.com/profile/view?id=">https://www.linkedin.com/in/jacqueline-kumadoh-57402670/</userId>
    <role>PUBLISHER</role>
    </associatedParty>
    <associatedParty>
    <individualName>
<givenName>Anthony</givenName>          <surName>Adu-Gyamfi</surName>
    </individualName>
<organizationName>University of Ghana</organizationName><positionName>Laboratory Technologist</positionName>    <address>
<deliveryPoint>Department of Plant and Environmental Biology, Ghana Herbarium</deliveryPoint><city>Accra</city><administrativeArea>Greater Accra Region</administrativeArea><postalCode>P. O Box LG 55</postalCode><country>GHANA</country>    </address>
<phone>+233246467708</phone><electronicMailAddress>anthonyadugyamfi@yahoo.com</electronicMailAddress><onlineUrl>https://www.ug.edu.gh/staff/adu-gyamfi-anthony</onlineUrl>      <userId directory="https://www.linkedin.com/profile/view?id=">https://www.linkedin.com/in/anthony-adu-gyamfi-74a4155a/</userId>
    <role>CONTENT_PROVIDER</role>
    </associatedParty>
    <associatedParty>
    <individualName>
<givenName>Nick</givenName>          <surName>Hodgetts</surName>
    </individualName>
<organizationName>Nick Hodgetts Botanical Services</organizationName><positionName>Consultant</positionName>    <address>
<deliveryPoint>Cuillin Views, 15 Earlish,Portree</deliveryPoint><city>Isle of Skye</city><administrativeArea>Scotland</administrativeArea><postalCode>IV51 9XL​​​​​​​​​​​​</postalCode><country>UNITED_KINGDOM</country>    </address>
<phone>00 44 (0) 1470 542453/00 44 (0) 7813 869965</phone><electronicMailAddress>nick1901@hotmail.co.uk</electronicMailAddress><onlineUrl>https://www.nickhodgetts.co.uk/</onlineUrl>      <userId directory="https://www.linkedin.com/profile/view?id=">https://www.linkedin.com/in/nick-hodgetts-87832674/</userId>
    <role>CURATOR</role>
    </associatedParty>
      <pubDate>
      2018-10-01
      </pubDate>
    <language>ENGLISH</language>
    <abstract>
        <para>Atewa Forest is a biodiverse tropical forest in the Eastern Region of Ghana, highly threatened by illegal mining, farming and hunting activities, and by proposals for industrial-scale bauxite mining. Conservation bodies are active in trying to save the forest and promote its future as a national park. Very little is known about its bryophyte flora, and this short expedition was intended as a first step to remedy that situation.
Survey work was targeted mainly at areas thought likely to be bryophyte-rich, notably swamp forest and upland evergreen forest. A total of 164 species were recorded, including about 58 new to Ghana and at least one new species. The importance of Atewa Forest for biodiversity in western Africa is reinforced. The survey was jointed conducted by a Nick Hodgetts the lead expert in Bryophytes from the UK, A Rocha Ghana and the Department of Plant and Environmental Biology of the University of Ghana.</para>
    </abstract>
        <keywordSet>
              <keyword>Eastern Region</keyword>
              <keyword>Atewa</keyword>
              <keyword>Ghana</keyword>
              <keyword>Bryophytes</keyword>
              <keyword>Occurrence</keyword>
              <keywordThesaurus>GBIF Dataset Type Vocabulary: http://rs.gbif.org/vocabulary/gbif/dataset_type.xml</keywordThesaurus>
        </keywordSet>
        <keywordSet>
              <keyword>Meteoriaceae</keyword>
              <keyword>Dicranaceae</keyword>
              <keyword>Observation</keyword>
              <keyword>Fissidentaceae</keyword>
              <keyword>Lejeuneaceae</keyword>
              <keyword>Aneuraceae</keyword>
              <keyword>Lepidoziaceae</keyword>
              <keyword>Calymperaceae</keyword>
              <keyword>Bryaceae</keyword>
              <keyword>Kingdom Plantae</keyword>
              <keyword>Hookeriaceae</keyword>
              <keywordThesaurus>GBIF Dataset Subtype Vocabulary: http://rs.gbif.org/vocabulary/gbif/dataset_subtype.xml</keywordThesaurus>
        </keywordSet>
      <additionalInfo>
          <para>This data was originally published as a journal paper in the Journal of Bryology. Find the link below.

G. Hodgetts, N &amp; K. Essilfie, M &amp; Adu-Gyamfi, Anthony &amp; Akom, E &amp; Kumadoh, J &amp; Opoku, Jeffrey. (2016). Bryophytes of Atewa Forest, Eastern Region, Ghana. Journal of Bryology. 38. 1-12. 10.1080/03736687.2016.1145525.</para>
      </additionalInfo>
      <intellectualRights>
        <para>This work is licensed under a <ulink url="http://creativecommons.org/licenses/by/4.0/legalcode"><citetitle>Creative Commons Attribution (CC-BY) 4.0 License</citetitle></ulink>.</para>
      </intellectualRights>
      <coverage>
            <geographicCoverage>
                  <geographicDescription>The data was collected in March, 2014 in the Atewa Range Forest Reserve located in the Eastern Region of Ghana.</geographicDescription>
                  <boundingCoordinates>
                      <westBoundingCoordinate>-0.739</westBoundingCoordinate>
                      <eastBoundingCoordinate>-0.483</eastBoundingCoordinate>
                      <northBoundingCoordinate>6.367</northBoundingCoordinate>
                      <southBoundingCoordinate>5.873</southBoundingCoordinate>
                  </boundingCoordinates>
            </geographicCoverage>
          <temporalCoverage>
            <rangeOfDates>
              <beginDate>
                <calendarDate>      2014-03-10
</calendarDate>
              </beginDate>
              <endDate>
                <calendarDate>      2014-03-19
</calendarDate>
              </endDate>
            </rangeOfDates>
          </temporalCoverage>
      </coverage>
      <purpose>
          <para>This dataset was developed as part of A Rocha Ghana&apos;s efforts to enhance biodiversity data sharing under the Africa Biodiversity Challenge 2018 organised by South Africa National Biodiversity Institute with funding from JRS. The sharing of this data is to make it available to decision makers to enhance biodiversity conservation and research in Ghana.</para>
      </purpose>
      <maintenance>
          <description>
              <para>The data will be updated as and when required.</para>
          </description>
          <maintenanceUpdateFrequency>asNeeded</maintenanceUpdateFrequency>
      </maintenance>
      <contact>
    <individualName>
<givenName>Jacqueline Sapoama</givenName>          <surName>Mbawine</surName>
    </individualName>
<organizationName>A Rocha Ghana</organizationName><positionName>Scientific Officer</positionName>    <address>
<deliveryPoint>10 Wawa Rd, Kokomlemle</deliveryPoint><city>Accra</city><administrativeArea>Greater Accra Region</administrativeArea><postalCode>KN3480, Kaneshie</postalCode><country>GHANA</country>    </address>
<phone>+233261077158</phone><electronicMailAddress>jacqueline.kumadoh@arocha.org</electronicMailAddress><onlineUrl>http://ghana.arocha.org/people/jacqueline-kumadoh-mbawine/</onlineUrl>      <userId directory="https://www.linkedin.com/profile/view?id=">https://www.linkedin.com/in/jacqueline-kumadoh-57402670/</userId>
      </contact>
      <contact>
    <individualName>
<givenName>Nick</givenName>          <surName>Hodgetts</surName>
    </individualName>
<organizationName>​​​​Nick Hodgetts Botanical Services​</organizationName><positionName>Consultant</positionName>    <address>
<deliveryPoint>Cuillin Views,15 Earlish, Portree</deliveryPoint><city>Isle of Skye</city><administrativeArea>Scotland</administrativeArea><postalCode>IV51 9XL​​​​​​​​​​​</postalCode><country>UNITED_KINGDOM</country>    </address>
<phone>00 44 (0) 1470 542453/00 44 (0) 7813 869965</phone><electronicMailAddress>nick1901@hotmail.co.uk</electronicMailAddress><onlineUrl>http://www.nickhodgetts.co.uk</onlineUrl>      <userId directory="https://www.linkedin.com/profile/view?id=">https://www.linkedin.com/in/nick-hodgetts-87832674/</userId>
      </contact>
      <methods>
            <methodStep>
                <description>
                    <para>The survey was carried out within the Atewa forest with local knowledge used to target areas of probable high bryophyte diversity, notably streams, hill summits (where cloud gathers and creates increased humidity) and small areas of swamp forest.Species were identified and collected as the team walked along to target areas. GPS coordinates and habitats of species encountered were identified and recorded. Those that could not readily identified were collected for further identification.The nomenclature was confirmed using the Global name resolver https://resolver.globalnames.org/ to obtain both the scientific name and taxonomic order with source confirmed using the GBIF backbone taxonomy. The Canadensys coordinate conversion: http://data.canadensys.net/tools/coordinates was used to convert the GPS locations to decimal latitudes and decimal longitudes. The data file was darwin core formatted to enable it be published on the GBIF IPT platform.</para>
                </description>
            </methodStep>
            <sampling>
                <studyExtent>
                    <description>
                        <para>The survey was carried out within the Atewa forest with local knowledge used to target areas of probable high bryophyte diversity, notably streams, hill summits (where cloud gathers and creates increased humidity) and small areas of swamp forest. However, coverage was far from comprehensive, and the species recorded represent no more than the results of targeted sampling in a very large area of forest.</para>
                    </description>
                </studyExtent>
                <samplingDescription>
                    <para>Species were identified and collected as the team walked along to target areas. GPS coordinates and habitats of species encountered were identified and recorded. Those that could not readily identified were collected for further identification. While some of the more common bryophytes were identified in the field, most taxa were identified later by Nick G. Hodgetts from collected specimens. Some specimens were sent to specialists for identification or confirmation. A wide range of literature was used, but Wigginton (2004) was a particularly useful tool for the identification of liverworts. Specimens have been lodged in the Royal Botanic Garden Edinburgh (E),
the herbarium in the Botany Department at the University of Ghana (GC), A Rocha Ghana and the personal herbarium of Nick G.Hodgetts Nomenclature follows Wigginton (2009) for the liverworts and O’Shea (2006) for the mosses, except where otherwise indicated. Family placement and order follow the classification on the Southern Illinois University Carbondale website (http://bryophytes.plant.siu.edu/index.html),
in which the liverwort classification is based on Crandall-Stotler et al. (2009) and the moss classificationon Goffinet et al. (2008).</para>
                </samplingDescription>
            </sampling>
            <qualityControl>
                <description>
                    <para>The nomenclature was confirmed using the Global name resolver https://resolver.globalnames.org/ to obtain both the scientific name and taxonomic order with source confirmed using the GBIF backbone taxonomy. The Canadensys coordinate conversion: http://data.canadensys.net/tools/coordinates was used to convert the GPS locations to decimal latitudes and decimal longitudes.</para>
                </description>
            </qualityControl>
      </methods>

      <project id="African Biodiversity Challenge 2018">
          <title>Enhancing biodiversity data mobilization, management and utilization  in off reserve areas in Ghana: Using CREMAs as a model</title>
          <personnel>
    <individualName>
<givenName>Jacqueline Sapoama</givenName>          <surName>Mbawine</surName>
    </individualName>
      <userId directory="https://www.linkedin.com/profile/view?id=">https://www.linkedin.com/in/jacqueline-kumadoh-57402670/</userId>
    <role>PUBLISHER</role>
          </personnel>
          <personnel>
    <individualName>
<givenName>Nick</givenName>          <surName>Hodgetts</surName>
    </individualName>
      <userId directory="https://www.linkedin.com/profile/view?id=">https://www.linkedin.com/in/nick-hodgetts-87832674/</userId>
    <role>PRINCIPAL_INVESTIGATOR</role>
          </personnel>
          <personnel>
    <individualName>
<givenName>Anthony</givenName>          <surName>Adu-Gyamfi</surName>
    </individualName>
      <userId directory="https://www.linkedin.com/profile/view?id=">https://www.linkedin.com/in/anthony-adu-gyamfi-74a4155a/</userId>
    <role>CONTENT_PROVIDER</role>
          </personnel>
          <personnel>
    <individualName>
<givenName>Kweku</givenName>          <surName>Essilfie</surName>
    </individualName>
    <role>CONTENT_PROVIDER</role>
          </personnel>
          <personnel>
    <individualName>
<givenName>Akom</givenName>          <surName>Emmanuel</surName>
    </individualName>
    <role>CONTENT_PROVIDER</role>
          </personnel>
          <personnel>
    <individualName>
<givenName>Jeffery</givenName>          <surName>Opoku</surName>
    </individualName>
    <role>CONTENT_PROVIDER</role>
          </personnel>
          <abstract>
              <para>Atewa Range Forest Reserace is a biodiverse tropical forest in the Eastern Region of Ghana, highly threatened by illegal mining, farming and hunting activities, and by proposals for industrial-scale bauxite mining. A Rocha Ghana and other conservation bodies are active in trying to save the forest and promote its future as a national park. However, very little is known about its bryophyte flora, and this short expedition was intended as a first step to remedy that situation.

The survey work was targeted mainly at areas thought likely to be bryophyte-rich, notably swamp forest and upland evergreen forest. A total of 164 species were recorded, including about 58 new to Ghana and at least one new species, Cololejeunea sp. which although resembles Cololejeunea diaphana A. Evans is distinct . This dataset is thus to emphasize the importance of Atewa Forest for biodiversity in western Africa.</para>
          </abstract>
          <funding>
              <para>JRS Funding for the publication of the data and data collection was by British Bryological Society.</para>
          </funding>
            <studyAreaDescription>
                <descriptor name="generic" citableClassificationSystem="false">
                    <descriptorValue>Atewa (or Atiwa) Forest, located in south-eastern Ghana, is one of the largest remaining areas of rainforest in the country, covering 23,665 ha and reaching an
altitude of 842 m, the second highest point in Ghana. The Atewa range of hills runs roughly from north to south and is characterised by a series of forested plateaux.
It represents about 33.5% of the remaining closed forest in Ghana’s Eastern Region, harbouring a high diversity of species, including vascular plants, butterflies, dragonflies, katydids, amphibians and birds. There are many endemic and rare species. Some of the seasonal marshy grasslands, swamps and thickets on the Atewa plateaux are nationally unique, and it is one of only two reserves in Ghana with upland evergreen forest (Hall &amp; Swaine, 1981). The known biodiversity of Atewa Forest was summarised in a ‘rapid biological assessment’ by McCullough et al. (2007).</descriptorValue>
                </descriptor>
            </studyAreaDescription>
            <designDescription>
                <description>
                    <para>Atewa Forest was visited on 10–19 March 2014, with Jacqueline Kumadoh, Emmanuel Akom and Jeffrey Opoku of A Rocha Ghana and Dr Kweku Essilfie and Anthony Adu-Gyamfi of the Botany Department at the University of Ghana. Local knowledge was used to target areas of probable high bryophyte diversity, notably streams, hill summits (where
cloud gathers and creates increased humidity) and small areas of swamp forest. However, coverage was far from comprehensive, and the species recorded represent
no more than the results of targeted sampling in a very large area of forest. While some of the more common bryophytes were identified in the field, most taxa were identified later by Nick G. Hodgetts from collected specimens. Some specimens
were sent to specialists for identification or confirmation. A wide range of literature was used, but Wigginton (2004) was a particularly useful tool for
the identification of liverworts. Specimens have been lodged in the Royal Botanic Garden Edinburgh (E), the herbarium in the Botany Department at the
University of Ghana (GC), A Rocha Ghana and the personal herbarium of Nick G.Hodgetts Nomenclature follows Wigginton (2009) for the liverworts and O’Shea (2006) for the mosses, except where otherwise indicated.</para>
                </description>
            </designDescription>
      </project>
</dataset>

<additionalMetadata>
    <metadata>
      <gbif>
        <dateStamp>2018-10-09T09:43:16Z</dateStamp>
      <citation>Mbawine J S, Hodgetts N (2018). Atewa Range Forest Reserve Bryophytes dataset, Ghana. A Rocha Ghana. Occurrence dataset https://doi.org/10.15468/hqvvzs accessed via GBIF.org on 2018-10-09.</citation>
              <bibliography>
      <citation identifier="DOI: 10.1080/03736687.2016.1145525">G. Hodgetts, N &amp; K. Essilfie, M &amp; Adu-Gyamfi, Anthony &amp; Akom, E &amp; Kumadoh, J &amp; Opoku, Jeffrey. (2016). Bryophytes of Atewa Forest, Eastern Region, Ghana. Journal of Bryology. 38. 1-12. 10.1080/03736687.2016.1145525.</citation>
              </bibliography>
        </gbif>
    </metadata>
</additionalMetadata>

</eml:eml>
