x,y,species max
1.0,1.0,0.51737046
2.0,2.0,0.52398187
3.0,3.0,0.76756585
4.0,4.0,0.51948833
5.0,5.0,0.20581965
6.0,6.0,0.77505106
7.0,7.0,0.44149134
8.0,8.0,0.74828595
9.0,9.0,0.7655737
10.0,10.0,0.7738588
11.0,11.0,0.07975544
12.0,12.0,0.5495114
13.0,13.0,0.47109362
14.0,14.0,0.48692438
15.0,15.0,0.5137346
16.0,16.0,0.6218983
17.0,17.0,0.6786453
18.0,18.0,0.70906174
19.0,19.0,0.492323
20.0,20.0,0.76439923
21.0,21.0,0.66338825
22.0,22.0,0.63858145
23.0,23.0,0.76968116
24.0,24.0,0.7144365
25.0,25.0,0.70080537
26.0,26.0,0.38187933
27.0,27.0,0.31554177
28.0,28.0,0.75238144
29.0,29.0,0.12505963
30.0,30.0,0.7649101
31.0,31.0,0.6910904
32.0,32.0,0.64339733
33.0,33.0,0.7115271
34.0,34.0,0.7319697
35.0,35.0,0.70343405
36.0,36.0,0.2400761
37.0,37.0,0.69635946
38.0,38.0,0.7561436
39.0,39.0,0.7699697
40.0,40.0,0.31201202
41.0,41.0,0.7503961
42.0,42.0,0.74637383
43.0,43.0,0.6786453
44.0,44.0,0.34331596
45.0,45.0,0.6820811
46.0,46.0,0.4851732
47.0,47.0,0.72770303
48.0,48.0,0.48824695
49.0,49.0,0.23931046
50.0,50.0,0.79369146
51.0,51.0,0.646812
52.0,52.0,0.64692193
53.0,53.0,0.6224388
54.0,54.0,0.27858698
55.0,55.0,0.27961823
56.0,56.0,0.1990605
57.0,57.0,0.76635164
58.0,58.0,0.31313336
59.0,59.0,0.651853
60.0,60.0,0.2487105
61.0,61.0,0.5552919
62.0,62.0,0.27336812
63.0,63.0,0.7233967
64.0,64.0,0.6982181
65.0,65.0,0.6974787
66.0,66.0,0.7339266
67.0,67.0,0.6592426
68.0,68.0,0.6786453
69.0,69.0,0.42217606
70.0,70.0,0.65811694
71.0,71.0,0.2686362
72.0,72.0,0.36073264
73.0,73.0,0.286485
74.0,74.0,0.70653546
75.0,75.0,0.7203323
76.0,76.0,0.68499196
77.0,77.0,0.6150798
78.0,78.0,0.6861584
79.0,79.0,0.46957836
80.0,80.0,0.2928429
81.0,81.0,0.31099945
82.0,82.0,0.68623316
83.0,83.0,0.64527756
84.0,84.0,0.2170553
85.0,85.0,0.7111312
86.0,86.0,0.56092423
87.0,87.0,0.669077
88.0,88.0,0.7723655
89.0,89.0,0.33177584
90.0,90.0,0.66989535
91.0,91.0,0.7504712
92.0,92.0,0.35824984
93.0,93.0,0.48901314
94.0,94.0,0.7536025
95.0,95.0,0.7186694
96.0,96.0,0.71433306
97.0,97.0,0.6666207
98.0,98.0,0.7261056
99.0,99.0,0.6780675
100.0,100.0,0.5408367
101.0,101.0,0.35865512
102.0,102.0,0.7602285
103.0,103.0,0.115330726
104.0,104.0,0.24325666
105.0,105.0,0.77146804
106.0,106.0,0.6951443
107.0,107.0,0.75617987
108.0,108.0,0.7689431
109.0,109.0,0.7681165
110.0,110.0,0.763518
111.0,111.0,0.24849206
112.0,112.0,0.7262642
113.0,113.0,0.66989535
114.0,114.0,0.63154536
115.0,115.0,0.39674327
116.0,116.0,0.7227997
117.0,117.0,0.7362203
118.0,118.0,0.2761766
119.0,119.0,0.72553307
120.0,120.0,0.6409966
121.0,121.0,0.29432973
122.0,122.0,0.095156096
123.0,123.0,0.68051463
124.0,124.0,0.7612687
125.0,125.0,0.714465
126.0,126.0,0.314857
127.0,127.0,0.33809698
128.0,128.0,0.68825424
129.0,129.0,0.56050503
130.0,130.0,0.71919477
131.0,131.0,0.49976808
132.0,132.0,0.65513843
133.0,133.0,0.6854321
134.0,134.0,0.385516
135.0,135.0,0.28732195
136.0,136.0,0.78900015
137.0,137.0,0.7093683
138.0,138.0,0.40985048
139.0,139.0,0.6142639
140.0,140.0,0.52410567
141.0,141.0,0.28679305
142.0,142.0,0.47619888
143.0,143.0,0.29067835
144.0,144.0,0.76880926
145.0,145.0,0.7699697
146.0,146.0,0.64038724
147.0,147.0,0.7225239
148.0,148.0,0.6748013
149.0,149.0,0.68762296
150.0,150.0,0.7166739
151.0,151.0,0.4405885
152.0,152.0,0.48473322
153.0,153.0,0.29769588
154.0,154.0,0.30061552
155.0,155.0,0.5171846
156.0,156.0,0.2864732
157.0,157.0,0.46514815
158.0,158.0,0.7599646
159.0,159.0,0.21871598
160.0,160.0,0.4463846
161.0,161.0,0.6870286
162.0,162.0,0.67406535
163.0,163.0,0.69271296
164.0,164.0,0.5930493
165.0,165.0,0.37781912
166.0,166.0,0.728218
167.0,167.0,0.24350178
168.0,168.0,0.76284856
169.0,169.0,0.6658015
170.0,170.0,0.67725134
171.0,171.0,0.23275115
172.0,172.0,0.26684666
173.0,173.0,0.6999977
174.0,174.0,0.4665937
175.0,175.0,0.7675368
176.0,176.0,0.4068798
177.0,177.0,0.60318184
178.0,178.0,0.2865655
179.0,179.0,0.2569454
180.0,180.0,0.71648425
181.0,181.0,0.6731669
182.0,182.0,0.65431726
183.0,183.0,0.6927236
184.0,184.0,0.3294229
185.0,185.0,0.69612557
186.0,186.0,0.65020967
187.0,187.0,0.6854018
188.0,188.0,0.3479385
189.0,189.0,0.70169306
190.0,190.0,0.5482272
191.0,191.0,0.3718679
192.0,192.0,0.76424783
193.0,193.0,0.6653328
194.0,194.0,0.71068656
195.0,195.0,0.7635829
196.0,196.0,0.72785985
197.0,197.0,0.50209576
198.0,198.0,0.70598
199.0,199.0,0.62938285
200.0,200.0,0.76446265
201.0,201.0,0.761952
202.0,202.0,0.3699459
203.0,203.0,0.613775
204.0,204.0,0.49088413
205.0,205.0,0.6638011
206.0,206.0,0.5917412
207.0,207.0,0.39972916
208.0,208.0,0.6951443
209.0,209.0,0.6788835
210.0,210.0,0.5415072
211.0,211.0,0.40828827
212.0,212.0,0.3051578
213.0,213.0,0.658422
214.0,214.0,0.36651713
215.0,215.0,0.45219344
216.0,216.0,0.5563882
217.0,217.0,0.7708691
218.0,218.0,0.64433056
219.0,219.0,0.5578089
220.0,220.0,0.70040494
221.0,221.0,0.2920785
222.0,222.0,0.766361
223.0,223.0,0.6854018
224.0,224.0,0.5089623
225.0,225.0,0.203194
226.0,226.0,0.7642476
227.0,227.0,0.71648425
228.0,228.0,0.7678668
229.0,229.0,0.73021543
230.0,230.0,0.28655857
231.0,231.0,0.2548437
232.0,232.0,0.7040321
233.0,233.0,0.22332187
234.0,234.0,0.49330685
235.0,235.0,0.6780675
236.0,236.0,0.52849036
237.0,237.0,0.68579566
238.0,238.0,0.7994036
239.0,239.0,0.7343907
240.0,240.0,0.5156535
241.0,241.0,0.48999828
242.0,242.0,0.7256693
243.0,243.0,0.732525
244.0,244.0,0.2280621
245.0,245.0,0.703226
246.0,246.0,0.7224991
247.0,247.0,0.42164767
248.0,248.0,0.24477075
249.0,249.0,0.2236414
250.0,250.0,0.4566095
251.0,251.0,0.5354485
252.0,252.0,0.7345148
253.0,253.0,0.49072802
254.0,254.0,0.4649758
255.0,255.0,0.50303507
256.0,256.0,0.7274727
257.0,257.0,0.42802116
258.0,258.0,0.71217257
259.0,259.0,0.24939759
260.0,260.0,0.33305058
261.0,261.0,0.26859966
262.0,262.0,0.7008842
263.0,263.0,0.54533666
264.0,264.0,0.6583411
265.0,265.0,0.24990778
266.0,266.0,0.23881544
267.0,267.0,0.76564735
268.0,268.0,0.7639506
269.0,269.0,0.2658896
270.0,270.0,0.70839024
271.0,271.0,0.7726644
272.0,272.0,0.77415705
273.0,273.0,0.7116947
274.0,274.0,0.46715298
275.0,275.0,0.6504279
276.0,276.0,0.7237904
277.0,277.0,0.6748013
278.0,278.0,0.34863538
279.0,279.0,0.6357096
280.0,280.0,0.67398417
281.0,281.0,0.7152239
282.0,282.0,0.68458796
283.0,283.0,0.6748013
284.0,284.0,0.2834339
285.0,285.0,0.67071354
286.0,286.0,0.2944513
287.0,287.0,0.45164835
288.0,288.0,0.22719581
289.0,289.0,0.7444072
290.0,290.0,0.73220843
291.0,291.0,0.64527756
292.0,292.0,0.7085219
293.0,293.0,0.56917
294.0,294.0,0.6767893
295.0,295.0,0.7042831
296.0,296.0,0.76242244
297.0,297.0,0.76966965
298.0,298.0,0.2581206
299.0,299.0,0.7042831
300.0,300.0,0.55865157
301.0,301.0,0.73507404
302.0,302.0,0.55431306
303.0,303.0,0.6837738
304.0,304.0,0.64104605
305.0,305.0,0.31768447
306.0,306.0,0.51268554
307.0,307.0,0.77764916
308.0,308.0,0.36969107
309.0,309.0,0.68622124
310.0,310.0,0.7195076
311.0,311.0,0.6870286
312.0,312.0,0.71837646
313.0,313.0,0.24146113
314.0,314.0,0.6943342
315.0,315.0,0.68379724
316.0,316.0,0.7671197
317.0,317.0,0.60318184
318.0,318.0,0.6526156
319.0,319.0,0.21379057
320.0,320.0,0.7040321
321.0,321.0,0.766361
322.0,322.0,0.30368555
323.0,323.0,0.603939
324.0,324.0,0.7240998
325.0,325.0,0.6959541
326.0,326.0,0.6143293
327.0,327.0,0.77764916
328.0,328.0,0.6940669
329.0,329.0,0.7198327
330.0,330.0,0.4107813
331.0,331.0,0.5736362
332.0,332.0,0.7678668
333.0,333.0,0.2798173
334.0,334.0,0.7225239
335.0,335.0,0.761952
336.0,336.0,0.72532064
337.0,337.0,0.29383707
338.0,338.0,0.68458796
339.0,339.0,0.66743964
340.0,340.0,0.4887754
341.0,341.0,0.6254716
342.0,342.0,0.59193206
343.0,343.0,0.5448161
344.0,344.0,0.7690692
345.0,345.0,0.26952794
346.0,346.0,0.7186462
347.0,347.0,0.5898266
348.0,348.0,0.70598
349.0,349.0,0.6687801
350.0,350.0,0.60534054
351.0,351.0,0.7237231
352.0,352.0,0.4223545
353.0,353.0,0.5396123
354.0,354.0,0.40789258
355.0,355.0,0.67725134
356.0,356.0,0.5153474
357.0,357.0,0.60314924
358.0,358.0,0.74144965
359.0,359.0,0.46950996
360.0,360.0,0.714465
361.0,361.0,0.44173303
362.0,362.0,0.27649263
363.0,363.0,0.23925003
364.0,364.0,0.66989535
365.0,365.0,0.7571934
366.0,366.0,0.6795047
367.0,367.0,0.6813298
368.0,368.0,0.66416276
369.0,369.0,0.7645501
370.0,370.0,0.7657694
371.0,371.0,0.69027865
372.0,372.0,0.3718147
373.0,373.0,0.2779375
374.0,374.0,0.30969885
375.0,375.0,0.76704276
376.0,376.0,0.7024195
377.0,377.0,0.72900045
378.0,378.0,0.7669726
379.0,379.0,0.45206803
380.0,380.0,0.334633
381.0,381.0,0.34914413
382.0,382.0,0.7657947
383.0,383.0,0.20593981
384.0,384.0,0.7551716
385.0,385.0,0.7573948
386.0,386.0,0.20200455
387.0,387.0,0.21181282
388.0,388.0,0.2160678
389.0,389.0,0.21658441
390.0,390.0,0.7504712
391.0,391.0,0.7675608
392.0,392.0,0.40377992
393.0,393.0,0.7673403
394.0,394.0,0.7258825
395.0,395.0,0.7243919
396.0,396.0,0.68214476
397.0,397.0,0.72986466
398.0,398.0,0.11167204
399.0,399.0,0.72151923
400.0,400.0,0.24546283
401.0,401.0,0.6449694
402.0,402.0,0.7185668
403.0,403.0,0.72176254
404.0,404.0,0.73353
405.0,405.0,0.76387876
406.0,406.0,0.6813298
407.0,407.0,0.6627864
408.0,408.0,0.7205342
409.0,409.0,0.7134543
410.0,410.0,0.2638004
411.0,411.0,0.5853641
412.0,412.0,0.21293806
413.0,413.0,0.62344277
414.0,414.0,0.35909426
415.0,415.0,0.6625233
416.0,416.0,0.45653677
417.0,417.0,0.7510715
418.0,418.0,0.7498704
419.0,419.0,0.31790423
420.0,420.0,0.7667519
421.0,421.0,0.658422
422.0,422.0,0.45978385
423.0,423.0,0.30187413
424.0,424.0,0.66743964
425.0,425.0,0.194779
426.0,426.0,0.7042831
427.0,427.0,0.7226989
428.0,428.0,0.651853
429.0,429.0,0.7666624
430.0,430.0,0.7326869
431.0,431.0,0.37650856
432.0,432.0,0.7663103
433.0,433.0,0.7495699
434.0,434.0,0.7654561
435.0,435.0,0.31508633
436.0,436.0,0.48750848
437.0,437.0,0.72770303
438.0,438.0,0.5133719
439.0,439.0,0.76586837
440.0,440.0,0.68521416
441.0,441.0,0.4966796
442.0,442.0,0.7235278
443.0,443.0,0.73266864
444.0,444.0,0.43069437
445.0,445.0,0.6833563
446.0,446.0,0.661489
447.0,447.0,0.49076283
448.0,448.0,0.77296317
449.0,449.0,0.741116
450.0,450.0,0.77505106
451.0,451.0,0.43656135
452.0,452.0,0.75077134
453.0,453.0,0.7495699
454.0,454.0,0.52262694
455.0,455.0,0.52432597
456.0,456.0,0.26473176
457.0,457.0,0.47758394
458.0,458.0,0.7029119
459.0,459.0,0.40316242
460.0,460.0,0.7666624
461.0,461.0,0.7674873
462.0,462.0,0.74308443
463.0,463.0,0.26220965
464.0,464.0,0.68377894
465.0,465.0,0.60462195
466.0,466.0,0.5876592
467.0,467.0,0.41789046
468.0,468.0,0.7178671
469.0,469.0,0.29369375
470.0,470.0,0.7135386
471.0,471.0,0.6892253
472.0,472.0,0.40236232
473.0,473.0,0.306635
474.0,474.0,0.72964865
475.0,475.0,0.68784153
476.0,476.0,0.7726644
477.0,477.0,0.76002055
478.0,478.0,0.6967635
479.0,479.0,0.33031115
480.0,480.0,0.7570352
481.0,481.0,0.74941957
482.0,482.0,0.42372918
483.0,483.0,0.76424783
484.0,484.0,0.45587653
485.0,485.0,0.72718835
486.0,486.0,0.44201347
487.0,487.0,0.7556578
488.0,488.0,0.44956014
489.0,489.0,0.6951443
490.0,490.0,0.6975726
491.0,491.0,0.6788996
492.0,492.0,0.57336295
493.0,493.0,0.71850055
494.0,494.0,0.4468276
495.0,495.0,0.27074292
496.0,496.0,0.42044327
497.0,497.0,0.72856814
498.0,498.0,0.4563077
499.0,499.0,0.29681537
500.0,500.0,0.63259876
501.0,501.0,0.66088325
502.0,502.0,0.42962173
503.0,503.0,0.18942809
504.0,504.0,0.3851729
505.0,505.0,0.7205138
506.0,506.0,0.56660706
507.0,507.0,0.72745425
508.0,508.0,0.2743737
509.0,509.0,0.2394552
510.0,510.0,0.418891
511.0,511.0,0.7608712
512.0,512.0,0.22488399
513.0,513.0,0.7481414
514.0,514.0,0.7690692
515.0,515.0,0.4241696
516.0,516.0,0.7621288
517.0,517.0,0.69662637
518.0,518.0,0.71749276
519.0,519.0,0.3171166
520.0,520.0,0.6731669
521.0,521.0,0.1628729
522.0,522.0,0.7349828
523.0,523.0,0.45807835
524.0,524.0,0.67561823
525.0,525.0,0.7213568
526.0,526.0,0.2705858
527.0,527.0,0.6743445
528.0,528.0,0.46786517
529.0,529.0,0.6723493
530.0,530.0,0.68784153
531.0,531.0,0.766899
532.0,532.0,0.5300384
533.0,533.0,0.59879714
534.0,534.0,0.27628925
535.0,535.0,0.6014667
536.0,536.0,0.7657184
537.0,537.0,0.6812226
538.0,538.0,0.5705377
539.0,539.0,0.7666783
540.0,540.0,0.14139923
541.0,541.0,0.7684682
542.0,542.0,0.29448345
543.0,543.0,0.49910113
544.0,544.0,0.7330994
545.0,545.0,0.26649323
546.0,546.0,0.7619535
547.0,547.0,0.6509257
548.0,548.0,0.4966796
549.0,549.0,0.69352376
550.0,550.0,0.3727197
551.0,551.0,0.7183566
552.0,552.0,0.45999005
553.0,553.0,0.75167143
554.0,554.0,0.7365009
555.0,555.0,0.4954406
556.0,556.0,0.46961933
557.0,557.0,0.51067007
558.0,558.0,0.7532241
559.0,559.0,0.76763433
560.0,560.0,0.66743964
561.0,561.0,0.38710004
562.0,562.0,0.6624927
563.0,563.0,0.45890155
564.0,564.0,0.67561823
565.0,565.0,0.62953526
566.0,566.0,0.6872258
567.0,567.0,0.7247736
568.0,568.0,0.18359363
569.0,569.0,0.75866157
570.0,570.0,0.75159645
571.0,571.0,0.40067074
572.0,572.0,0.45348436
573.0,573.0,0.7723655
574.0,574.0,0.62393403
575.0,575.0,0.6877676
576.0,576.0,0.19831763
577.0,577.0,0.7767317
578.0,578.0,0.6788835
579.0,579.0,0.7183488
580.0,580.0,0.68295944
581.0,581.0,0.6753885
582.0,582.0,0.7541984
583.0,583.0,0.68458796
584.0,584.0,0.29081967
585.0,585.0,0.36368448
586.0,586.0,0.23417777
587.0,587.0,0.6997289
588.0,588.0,0.23113818
589.0,589.0,0.68051463
590.0,590.0,0.2384464
591.0,591.0,0.4365499
592.0,592.0,0.67071354
593.0,593.0,0.665797
594.0,594.0,0.70080537
595.0,595.0,0.77764916
596.0,596.0,0.72853476
597.0,597.0,0.30053145
598.0,598.0,0.7769357
599.0,599.0,0.77764916
600.0,600.0,0.5115248
601.0,601.0,0.77841824
602.0,602.0,0.714465
603.0,603.0,0.43678674
604.0,604.0,0.7016126
605.0,605.0,0.71850055
606.0,606.0,0.6837738
607.0,607.0,0.6923289
608.0,608.0,0.7144365
609.0,609.0,0.6485413
610.0,610.0,0.766361
611.0,611.0,0.4631297
612.0,612.0,0.6465907
613.0,613.0,0.73989016
614.0,614.0,0.6870286
615.0,615.0,0.7225239
616.0,616.0,0.086465985
617.0,617.0,0.51063895
618.0,618.0,0.7327165
619.0,619.0,0.25361738
620.0,620.0,0.3085588
621.0,621.0,0.30742192
622.0,622.0,0.6374931
623.0,623.0,0.76785475
624.0,624.0,0.7738588
625.0,625.0,0.6870286
626.0,626.0,0.6576013
627.0,627.0,0.6854018
628.0,628.0,0.7229775
629.0,629.0,0.72408664
630.0,630.0,0.4637593
631.0,631.0,0.66416276
632.0,632.0,0.62234753
633.0,633.0,0.20520657
634.0,634.0,0.4948996
635.0,635.0,0.70483786
636.0,636.0,0.766899
637.0,637.0,0.73137534
638.0,638.0,0.2582462
639.0,639.0,0.745391
640.0,640.0,0.66834
641.0,641.0,0.28725883
642.0,642.0,0.4653673
643.0,643.0,0.30617276
644.0,644.0,0.60830444
645.0,645.0,0.2999399
646.0,646.0,0.67398417
647.0,647.0,0.25792766
648.0,648.0,0.44552115
649.0,649.0,0.3469599
650.0,650.0,0.7563609
651.0,651.0,0.6991897
652.0,652.0,0.6796992
653.0,653.0,0.59821165
654.0,654.0,0.64358693
655.0,655.0,0.28121752
656.0,656.0,0.5215859
657.0,657.0,0.76567674
658.0,658.0,0.6764349
659.0,659.0,0.7515935
660.0,660.0,0.4841247
661.0,661.0,0.71613157
662.0,662.0,0.6339965
663.0,663.0,0.23797792
664.0,664.0,0.72738594
665.0,665.0,0.61609215
666.0,666.0,0.19426794
667.0,667.0,0.4396354
668.0,668.0,0.56198597
669.0,669.0,0.6334976
670.0,670.0,0.28203183
671.0,671.0,0.66825837
672.0,672.0,0.70752734
673.0,673.0,0.5029541
674.0,674.0,0.5505397
675.0,675.0,0.69719625
676.0,676.0,0.69662637
677.0,677.0,0.6063057
678.0,678.0,0.5702742
679.0,679.0,0.587308
680.0,680.0,0.48213026
681.0,681.0,0.77571094
682.0,682.0,0.715475
683.0,683.0,0.24729098
684.0,684.0,0.25569806
685.0,685.0,0.64914465
686.0,686.0,0.16823736
687.0,687.0,0.7245308
688.0,688.0,0.34377733
689.0,689.0,0.7484091
690.0,690.0,0.7607843
691.0,691.0,0.74949473
692.0,692.0,0.76704615
693.0,693.0,0.28004742
694.0,694.0,0.5412888
695.0,695.0,0.73848325
696.0,696.0,0.14421543
697.0,697.0,0.42102006
698.0,698.0,0.7660894
699.0,699.0,0.6129825
700.0,700.0,0.37069878
701.0,701.0,0.1888997
702.0,702.0,0.17849992
703.0,703.0,0.4107881
704.0,704.0,0.4177716
705.0,705.0,0.745391
706.0,706.0,0.30683196
707.0,707.0,0.65267456
708.0,708.0,0.72753507
709.0,709.0,0.7194866
710.0,710.0,0.6654185
711.0,711.0,0.7119046
712.0,712.0,0.49139273
713.0,713.0,0.29086247
714.0,714.0,0.7101463
715.0,715.0,0.49198756
716.0,716.0,0.090534136
717.0,717.0,0.37866586
718.0,718.0,0.7824614
719.0,719.0,0.63824844
720.0,720.0,0.74795866
721.0,721.0,0.15106216
722.0,722.0,0.65349597
723.0,723.0,0.26614675
724.0,724.0,0.26030266
725.0,725.0,0.7134543
726.0,726.0,0.7138455
727.0,727.0,0.7004077
728.0,728.0,0.4117796
729.0,729.0,0.6482983
730.0,730.0,0.6715315
731.0,731.0,0.18222591
732.0,732.0,0.5702725
733.0,733.0,0.59508294
734.0,734.0,0.67390645
735.0,735.0,0.5983841
736.0,736.0,0.7722851
737.0,737.0,0.77415705
738.0,738.0,0.54591054
739.0,739.0,0.41757086
740.0,740.0,0.654151
741.0,741.0,0.69662637
742.0,742.0,0.43925294
743.0,743.0,0.49621725
744.0,744.0,0.3549358
745.0,745.0,0.5610149
746.0,746.0,0.8903693
747.0,747.0,0.64569914
748.0,748.0,0.32012764
749.0,749.0,0.67725134
750.0,750.0,0.28126228
751.0,751.0,0.6479238
752.0,752.0,0.45557454
753.0,753.0,0.25473544
754.0,754.0,0.6535275
755.0,755.0,0.43504524
756.0,756.0,0.2897668
757.0,757.0,0.57973266
758.0,758.0,0.7738588
759.0,759.0,0.11946256
760.0,760.0,0.65366745
761.0,761.0,0.5948376
762.0,762.0,0.67561823
763.0,763.0,0.25830722
764.0,764.0,0.68621534
765.0,765.0,0.69190186
766.0,766.0,0.70826197
767.0,767.0,0.7487942
768.0,768.0,0.22061355
769.0,769.0,0.7272702
770.0,770.0,0.63883454
771.0,771.0,0.4480597
772.0,772.0,0.70150405
773.0,773.0,0.7245308
774.0,774.0,0.31217608
775.0,775.0,0.52648205
776.0,776.0,0.77253544
777.0,777.0,0.6813298
778.0,778.0,0.7003013
779.0,779.0,0.65267456
780.0,780.0,0.3129034
781.0,781.0,0.622318
782.0,782.0,0.28105554
783.0,783.0,0.71749276
784.0,784.0,0.6280554
785.0,785.0,0.7680751
786.0,786.0,0.6723493
787.0,787.0,0.76111555
788.0,788.0,0.69838136
789.0,789.0,0.7671197
790.0,790.0,0.66989535
791.0,791.0,0.4451803
792.0,792.0,0.75152147
793.0,793.0,0.715475
794.0,794.0,0.5626943
795.0,795.0,0.68808216
796.0,796.0,0.71588886
797.0,797.0,0.64897573
798.0,798.0,0.6049742
799.0,799.0,0.65407157
800.0,800.0,0.7136645
801.0,801.0,0.69271296
802.0,802.0,0.766361
803.0,803.0,0.545189
804.0,804.0,0.4102225
805.0,805.0,0.3151541
806.0,806.0,0.7114307
807.0,807.0,0.43123108
808.0,808.0,0.15155965
809.0,809.0,0.48518696
810.0,810.0,0.40436986
811.0,811.0,0.23677172
812.0,812.0,0.74826014
813.0,813.0,0.6870286
814.0,814.0,0.7501708
815.0,815.0,0.17607039
816.0,816.0,0.7200165
817.0,817.0,0.62720597
818.0,818.0,0.52152646
819.0,819.0,0.7681486
820.0,820.0,0.6710414
821.0,821.0,0.41090816
822.0,822.0,0.64692193
823.0,823.0,0.6510314
824.0,824.0,0.66498226
825.0,825.0,0.30515975
826.0,826.0,0.6854018
827.0,827.0,0.7411769
828.0,828.0,0.7767317
829.0,829.0,0.54260266
830.0,830.0,0.25366488
831.0,831.0,0.5508284
832.0,832.0,0.2607468
833.0,833.0,0.76822126
834.0,834.0,0.3727197
835.0,835.0,0.7561436
836.0,836.0,0.6577945
837.0,837.0,0.6607359
838.0,838.0,0.68051463
839.0,839.0,0.6940669
840.0,840.0,0.77734345
841.0,841.0,0.7205138
842.0,842.0,0.64856595
843.0,843.0,0.21102399
844.0,844.0,0.76550025
845.0,845.0,0.7024195
846.0,846.0,0.4573946
847.0,847.0,0.31746483
848.0,848.0,0.12681098
849.0,849.0,0.7151943
850.0,850.0,0.6419881
851.0,851.0,0.9129385
852.0,852.0,0.38696557
853.0,853.0,0.4419515
854.0,854.0,0.4480597
855.0,855.0,0.34444427
856.0,856.0,0.766361
857.0,857.0,0.5118426
858.0,858.0,0.7186558
859.0,859.0,0.3541889
860.0,860.0,0.37348992
861.0,861.0,0.6723493
862.0,862.0,0.7723655
863.0,863.0,0.7708691
864.0,864.0,0.6780675
865.0,865.0,0.6666207
866.0,866.0,0.37852025
867.0,867.0,0.6983838
868.0,868.0,0.41834545
869.0,869.0,0.46944052
870.0,870.0,0.54533666
871.0,871.0,0.43763492
872.0,872.0,0.46286938
873.0,873.0,0.08938544
874.0,874.0,0.6249146
875.0,875.0,0.22527614
876.0,876.0,0.6155963
877.0,877.0,0.40256885
878.0,878.0,0.76816756
879.0,879.0,0.7654561
880.0,880.0,0.43198365
881.0,881.0,0.727435
882.0,882.0,0.3442811
883.0,883.0,0.7056432
884.0,884.0,0.69190186
885.0,885.0,0.6723493
886.0,886.0,0.66498226
887.0,887.0,0.67561823
888.0,888.0,0.4463803
889.0,889.0,0.14611985
890.0,890.0,0.14498958
891.0,891.0,0.6780675
892.0,892.0,0.7717673
893.0,893.0,0.7573978
894.0,894.0,0.70343405
895.0,895.0,0.68109196
896.0,896.0,0.74183834
897.0,897.0,0.76362234
898.0,898.0,0.745391
899.0,899.0,0.7491941
900.0,900.0,0.5379237
901.0,901.0,0.65173906
902.0,902.0,0.71981996
903.0,903.0,0.91200155
904.0,904.0,0.25504744
905.0,905.0,0.7687772
906.0,906.0,0.41064894
907.0,907.0,0.53206533
908.0,908.0,0.7024195
909.0,909.0,0.2741406
910.0,910.0,0.6329431
911.0,911.0,0.31450698
912.0,912.0,0.44667846
913.0,913.0,0.45838517
914.0,914.0,0.23108229
915.0,915.0,0.7388268
916.0,916.0,0.67071354
917.0,917.0,0.77764916
918.0,918.0,0.26008907
919.0,919.0,0.669077
920.0,920.0,0.7740241
921.0,921.0,0.69352376
922.0,922.0,0.66416276
923.0,923.0,0.5306094
924.0,924.0,0.39957327
925.0,925.0,0.66381305
926.0,926.0,0.66334313
927.0,927.0,0.6991897
928.0,928.0,0.7763236
929.0,929.0,0.23337772
930.0,930.0,0.76394546
931.0,931.0,0.6788835
932.0,932.0,0.31567574
933.0,933.0,0.76025033
934.0,934.0,0.7654263
935.0,935.0,0.71068656
936.0,936.0,0.29420853
937.0,937.0,0.29074207
938.0,938.0,0.7245308
939.0,939.0,0.7761194
940.0,940.0,0.4860867
941.0,941.0,0.34277877
942.0,942.0,0.90314424
943.0,943.0,0.77106434
944.0,944.0,0.31159046
945.0,945.0,0.53206533
946.0,946.0,0.68051463
947.0,947.0,0.22852673
948.0,948.0,0.70767504
949.0,949.0,0.30212936
950.0,950.0,0.647744
951.0,951.0,0.5843179
952.0,952.0,0.63602537
953.0,953.0,0.72140443
954.0,954.0,0.67398417
955.0,955.0,0.703226
956.0,956.0,0.65504
957.0,957.0,0.68051463
958.0,958.0,0.2760678
959.0,959.0,0.67398417
960.0,960.0,0.6764349
961.0,961.0,0.6895761
962.0,962.0,0.75062925
963.0,963.0,0.7315347
964.0,964.0,0.48205638
965.0,965.0,0.3894568
966.0,966.0,0.16240668
967.0,967.0,0.7696216
968.0,968.0,0.7711686
969.0,969.0,0.5408377
970.0,970.0,0.6951443
971.0,971.0,0.73749256
972.0,972.0,0.7094044
973.0,973.0,0.7509896
974.0,974.0,0.6813298
975.0,975.0,0.2732468
976.0,976.0,0.68214476
977.0,977.0,0.38279757
978.0,978.0,0.26367602
979.0,979.0,0.39461622
980.0,980.0,0.6409265
981.0,981.0,0.4410427
982.0,982.0,0.77571094
983.0,983.0,0.472293
984.0,984.0,0.7326981
985.0,985.0,0.75298166
986.0,986.0,0.73850906
987.0,987.0,0.24577628
988.0,988.0,0.5853966
989.0,989.0,0.45924196
990.0,990.0,0.2862978
991.0,991.0,0.27430612
992.0,992.0,0.20724583
993.0,993.0,0.6752052
994.0,994.0,0.48695397
995.0,995.0,0.6991823
996.0,996.0,0.76998264
997.0,997.0,0.77550656
998.0,998.0,0.3972788
999.0,999.0,0.6731669
1000.0,1000.0,0.6715315
1001.0,1001.0,0.6530999
1002.0,1002.0,0.3833861
1003.0,1003.0,0.76286817
1004.0,1004.0,0.5443436
1005.0,1005.0,0.7502459
1006.0,1006.0,0.27906293
1007.0,1007.0,0.31769955
1008.0,1008.0,0.7160676
1009.0,1009.0,0.2839961
1010.0,1010.0,0.69190186
1011.0,1011.0,0.5233659
1012.0,1012.0,0.7016126
1013.0,1013.0,0.77012926
1014.0,1014.0,0.72151923
1015.0,1015.0,0.2583362
1016.0,1016.0,0.73947304
1017.0,1017.0,0.7512215
1018.0,1018.0,0.6919945
1019.0,1019.0,0.6813298
1020.0,1020.0,0.67398417
1021.0,1021.0,0.75547904
1022.0,1022.0,0.4409733
1023.0,1023.0,0.66743964
1024.0,1024.0,0.6837738
1025.0,1025.0,0.6701477
1026.0,1026.0,0.37434727
1027.0,1027.0,0.49045348
1028.0,1028.0,0.3872351
1029.0,1029.0,0.2658106
1030.0,1030.0,0.6780675
1031.0,1031.0,0.52241135
1032.0,1032.0,0.70343405
1033.0,1033.0,0.74917006
1034.0,1034.0,0.65635693
1035.0,1035.0,0.69027865
1036.0,1036.0,0.18891852
1037.0,1037.0,0.735573
1038.0,1038.0,0.5401974
1039.0,1039.0,0.6378752
1040.0,1040.0,0.754127
1041.0,1041.0,0.7114307
1042.0,1042.0,0.71749276
1043.0,1043.0,0.29874253
1044.0,1044.0,0.66416276
1045.0,1045.0,0.3593382
1046.0,1046.0,0.30135196
1047.0,1047.0,0.6788835
1048.0,1048.0,0.76513135
1049.0,1049.0,0.63816285
1050.0,1050.0,0.6812787
1051.0,1051.0,0.229004
1052.0,1052.0,0.25660905
1053.0,1053.0,0.3785851
1054.0,1054.0,0.7571146
1055.0,1055.0,0.5833879
1056.0,1056.0,0.76575786
1057.0,1057.0,0.60375804
1058.0,1058.0,0.7205138
1059.0,1059.0,0.7198525
1060.0,1060.0,0.6957736
1061.0,1061.0,0.75448775
1062.0,1062.0,0.2708767
1063.0,1063.0,0.65020967
1064.0,1064.0,0.3652169
1065.0,1065.0,0.6748013
1066.0,1066.0,0.7094044
1067.0,1067.0,0.6666207
1068.0,1068.0,0.56968117
1069.0,1069.0,0.56718946
1070.0,1070.0,0.23515277
1071.0,1071.0,0.5198539
1072.0,1072.0,0.7345148
1073.0,1073.0,0.91147804
1074.0,1074.0,0.2626107
1075.0,1075.0,0.5473335
1076.0,1076.0,0.50052166
1077.0,1077.0,0.8842685
1078.0,1078.0,0.6254502
1079.0,1079.0,0.6940669
1080.0,1080.0,0.762982
1081.0,1081.0,0.7691027
1082.0,1082.0,0.76756585
1083.0,1083.0,0.7663103
1084.0,1084.0,0.3469272
1085.0,1085.0,0.74972016
1086.0,1086.0,0.67725134
1087.0,1087.0,0.70737535
1088.0,1088.0,0.66498226
1089.0,1089.0,0.42887393
1090.0,1090.0,0.65513843
1091.0,1091.0,0.65431726
1092.0,1092.0,0.5101588
1093.0,1093.0,0.46652102
1094.0,1094.0,0.6091688
1095.0,1095.0,0.50878
1096.0,1096.0,0.42405206
1097.0,1097.0,0.6780675
1098.0,1098.0,0.603329
1099.0,1099.0,0.77734345
1100.0,1100.0,0.6578928
1101.0,1101.0,0.29298526
1102.0,1102.0,0.77764916
1103.0,1103.0,0.7205138
1104.0,1104.0,0.20455
1105.0,1105.0,0.2850746
1106.0,1106.0,0.668313
1107.0,1107.0,0.70806533
1108.0,1108.0,0.6748013
1109.0,1109.0,0.5039003
1110.0,1110.0,0.7753022
1111.0,1111.0,0.23900248
1112.0,1112.0,0.62888604
1113.0,1113.0,0.33182666
1114.0,1114.0,0.45470238
1115.0,1115.0,0.6324091
1116.0,1116.0,0.76816756
1117.0,1117.0,0.66825837
1118.0,1118.0,0.71850055
1119.0,1119.0,0.69018215
1120.0,1120.0,0.4948178
1121.0,1121.0,0.49085498
1122.0,1122.0,0.7268372
1123.0,1123.0,0.77296317
1124.0,1124.0,0.062044438
1125.0,1125.0,0.7195076
1126.0,1126.0,0.5884872
1127.0,1127.0,0.54659945
1128.0,1128.0,0.72853476
1129.0,1129.0,0.20123939
1130.0,1130.0,0.66825837
1131.0,1131.0,0.6510612
1132.0,1132.0,0.45739016
1133.0,1133.0,0.44620037
1134.0,1134.0,0.7765277
1135.0,1135.0,0.54852116
1136.0,1136.0,0.6974787
1137.0,1137.0,0.72151923
1138.0,1138.0,0.6418811
1139.0,1139.0,0.5314564
1140.0,1140.0,0.3333238
1141.0,1141.0,0.7327503
1142.0,1142.0,0.7064481
1143.0,1143.0,0.73749256
1144.0,1144.0,0.6863692
1145.0,1145.0,0.6676006
1146.0,1146.0,0.7085219
1147.0,1147.0,0.7196138
1148.0,1148.0,0.5488532
1149.0,1149.0,0.67561823
1150.0,1150.0,0.29075983
1151.0,1151.0,0.47559038
1152.0,1152.0,0.6813298
1153.0,1153.0,0.7509719
1154.0,1154.0,0.65504813
1155.0,1155.0,0.7336701
1156.0,1156.0,0.7245308
1157.0,1157.0,0.7660894
1158.0,1158.0,0.3940617
1159.0,1159.0,0.62987417
1160.0,1160.0,0.72983855
1161.0,1161.0,0.28967148
1162.0,1162.0,0.49310938
1163.0,1163.0,0.3528425
1164.0,1164.0,0.77475315
1165.0,1165.0,0.19016857
1166.0,1166.0,0.59381527
1167.0,1167.0,0.68865424
1168.0,1168.0,0.54559785
1169.0,1169.0,0.64363295
1170.0,1170.0,0.7769357
1171.0,1171.0,0.59704155
1172.0,1172.0,0.6788835
1173.0,1173.0,0.7635813
1174.0,1174.0,0.6464733
1175.0,1175.0,0.76549995
1176.0,1176.0,0.76092696
1177.0,1177.0,0.77505106
1178.0,1178.0,0.27649263
1179.0,1179.0,0.36389408
1180.0,1180.0,0.69662637
1181.0,1181.0,0.34989238
1182.0,1182.0,0.74637383
1183.0,1183.0,0.4856514
1184.0,1184.0,0.512563
1185.0,1185.0,0.38236699
1186.0,1186.0,0.2920201
1187.0,1187.0,0.77326185
1188.0,1188.0,0.5130221
1189.0,1189.0,0.30578104
1190.0,1190.0,0.63729686
1191.0,1191.0,0.7483364
1192.0,1192.0,0.74452317
1193.0,1193.0,0.69271296
1194.0,1194.0,0.7680751
1195.0,1195.0,0.766361
1196.0,1196.0,0.75077134
1197.0,1197.0,0.352953
1198.0,1198.0,0.57300276
1199.0,1199.0,0.62619925
1200.0,1200.0,0.4994306
1201.0,1201.0,0.6894666
1202.0,1202.0,0.77144265
1203.0,1203.0,0.7042284
1204.0,1204.0,0.6419881
1205.0,1205.0,0.7265595
1206.0,1206.0,0.24140921
1207.0,1207.0,0.76816756
1208.0,1208.0,0.6219053
1209.0,1209.0,0.52327377
1210.0,1210.0,0.658422
1211.0,1211.0,0.68784153
1212.0,1212.0,0.13509351
1213.0,1213.0,0.32113215
1214.0,1214.0,0.33950898
1215.0,1215.0,0.23273045
1216.0,1216.0,0.24020936
1217.0,1217.0,0.5912294
1218.0,1218.0,0.8185225
1219.0,1219.0,0.55098593
1220.0,1220.0,0.7622379
1221.0,1221.0,0.43224314
1222.0,1222.0,0.73947304
1223.0,1223.0,0.67398417
1224.0,1224.0,0.4647296
1225.0,1225.0,0.72705376
1226.0,1226.0,0.38052252
1227.0,1227.0,0.36491713
1228.0,1228.0,0.2984895
1229.0,1229.0,0.3445332
1230.0,1230.0,0.77356035
1231.0,1231.0,0.41431975
1232.0,1232.0,0.7660894
1233.0,1233.0,0.22165063
1234.0,1234.0,0.6872258
1235.0,1235.0,0.7483364
1236.0,1236.0,0.41046917
1237.0,1237.0,0.58418655
1238.0,1238.0,0.46502677
1239.0,1239.0,0.26539904
1240.0,1240.0,0.7759152
1241.0,1241.0,0.6967635
1242.0,1242.0,0.69027865
1243.0,1243.0,0.71689785
1244.0,1244.0,0.3843674
1245.0,1245.0,0.3803823
1246.0,1246.0,0.2643772
1247.0,1247.0,0.67561823
1248.0,1248.0,0.26032537
1249.0,1249.0,0.2748067
1250.0,1250.0,0.292793
1251.0,1251.0,0.73309547
1252.0,1252.0,0.7763236
1253.0,1253.0,0.49377194
1254.0,1254.0,0.5911665
1255.0,1255.0,0.6092647
1256.0,1256.0,0.32865307
1257.0,1257.0,0.7744552
1258.0,1258.0,0.7040321
1259.0,1259.0,0.3263242
1260.0,1260.0,0.71850055
1261.0,1261.0,0.66731125
1262.0,1262.0,0.7114307
1263.0,1263.0,0.601904
1264.0,1264.0,0.27249295
1265.0,1265.0,0.7280815
1266.0,1266.0,0.23814642
1267.0,1267.0,0.37383398
1268.0,1268.0,0.77505106
1269.0,1269.0,0.65722036
1270.0,1270.0,0.74941957
1271.0,1271.0,0.4224232
1272.0,1272.0,0.70513177
1273.0,1273.0,0.745391
1274.0,1274.0,0.33034626
1275.0,1275.0,0.7646888
1276.0,1276.0,0.7522487
1277.0,1277.0,0.20016056
1278.0,1278.0,0.75174636
1279.0,1279.0,0.47303495
1280.0,1280.0,0.5248771
1281.0,1281.0,0.6788996
1282.0,1282.0,0.76605946
1283.0,1283.0,0.532176
1284.0,1284.0,0.7490437
1285.0,1285.0,0.28363514
1286.0,1286.0,0.75678915
1287.0,1287.0,0.22535287
1288.0,1288.0,0.6664375
1289.0,1289.0,0.22506665
1290.0,1290.0,0.6764349
1291.0,1291.0,0.3290262
1292.0,1292.0,0.43114817
1293.0,1293.0,0.4444161
1294.0,1294.0,0.284368
1295.0,1295.0,0.34853363
1296.0,1296.0,0.26536942
1297.0,1297.0,0.44643995
1298.0,1298.0,0.51703453
1299.0,1299.0,0.36481485
1300.0,1300.0,0.35164514
1301.0,1301.0,0.72936994
1302.0,1302.0,0.76966965
1303.0,1303.0,0.56648016
1304.0,1304.0,0.7016126
1305.0,1305.0,0.7016126
1306.0,1306.0,0.12999594
1307.0,1307.0,0.7016126
1308.0,1308.0,0.6574939
1309.0,1309.0,0.72313565
1310.0,1310.0,0.67561823
1311.0,1311.0,0.63439643
1312.0,1312.0,0.39044523
1313.0,1313.0,0.54419136
1314.0,1314.0,0.68214476
1315.0,1315.0,0.76792824
1316.0,1316.0,0.7238243
1317.0,1317.0,0.64856595
1318.0,1318.0,0.24444148
1319.0,1319.0,0.76555187
1320.0,1320.0,0.39512828
1321.0,1321.0,0.70767504
1322.0,1322.0,0.6796992
1323.0,1323.0,0.76424783
1324.0,1324.0,0.1962457
1325.0,1325.0,0.684665
1326.0,1326.0,0.68893814
1327.0,1327.0,0.71850055
1328.0,1328.0,0.47793192
1329.0,1329.0,0.47785237
1330.0,1330.0,0.70737535
1331.0,1331.0,0.5783028
1332.0,1332.0,0.76575786
1333.0,1333.0,0.30528092
1334.0,1334.0,0.6813298
1335.0,1335.0,0.41811588
1336.0,1336.0,0.34728944
1337.0,1337.0,0.7177658
1338.0,1338.0,0.6854018
1339.0,1339.0,0.74534434
1340.0,1340.0,0.3448666
1341.0,1341.0,0.56553304
1342.0,1342.0,0.23168233
1343.0,1343.0,0.22008896
1344.0,1344.0,0.5555395
1345.0,1345.0,0.22353294
1346.0,1346.0,0.7355083
1347.0,1347.0,0.76598346
1348.0,1348.0,0.6959541
1349.0,1349.0,0.4312666
1350.0,1350.0,0.7083226
1351.0,1351.0,0.43194214
1352.0,1352.0,0.5525539
1353.0,1353.0,0.7690692
1354.0,1354.0,0.42923325
1355.0,1355.0,0.4382542
1356.0,1356.0,0.6416915
1357.0,1357.0,0.6999977
1358.0,1358.0,0.55491906
1359.0,1359.0,0.68784153
1360.0,1360.0,0.7532241
1361.0,1361.0,0.64448524
1362.0,1362.0,0.7406058
1363.0,1363.0,0.68447775
1364.0,1364.0,0.67071354
1365.0,1365.0,0.6715315
1366.0,1366.0,0.281949
1367.0,1367.0,0.25171754
1368.0,1368.0,0.29724556
1369.0,1369.0,0.7744552
1370.0,1370.0,0.72856814
1371.0,1371.0,0.24735928
1372.0,1372.0,0.5716714
1373.0,1373.0,0.70313215
1374.0,1374.0,0.18630277
1375.0,1375.0,0.32780302
1376.0,1376.0,0.43941757
1377.0,1377.0,0.7890228
1378.0,1378.0,0.299209
1379.0,1379.0,0.32104236
1380.0,1380.0,0.2414975
1381.0,1381.0,0.30954456
1382.0,1382.0,0.6940669
1383.0,1383.0,0.32308608
1384.0,1384.0,0.7205138
1385.0,1385.0,0.47882786
1386.0,1386.0,0.58606553
1387.0,1387.0,0.5945514
1388.0,1388.0,0.49852684
1389.0,1389.0,0.465324
1390.0,1390.0,0.7040321
1391.0,1391.0,0.76331085
1392.0,1392.0,0.669077
1393.0,1393.0,0.73045105
1394.0,1394.0,0.7601627
1395.0,1395.0,0.72553307
1396.0,1396.0,0.712749
1397.0,1397.0,0.7684682
1398.0,1398.0,0.3563493
1399.0,1399.0,0.6906943
1400.0,1400.0,0.6910904
1401.0,1401.0,0.73202217
1402.0,1402.0,0.547692
1403.0,1403.0,0.7512215
1404.0,1404.0,0.69027865
1405.0,1405.0,0.2105357
1406.0,1406.0,0.888649
1407.0,1407.0,0.72628844
1408.0,1408.0,0.35256854
1409.0,1409.0,0.3540817
1410.0,1410.0,0.7205138
1411.0,1411.0,0.68051463
1412.0,1412.0,0.5717985
1413.0,1413.0,0.47033346
1414.0,1414.0,0.72696626
1415.0,1415.0,0.7654533
1416.0,1416.0,0.6802361
1417.0,1417.0,0.6658015
1418.0,1418.0,0.6762583
1419.0,1419.0,0.6796992
1420.0,1420.0,0.7064481
1421.0,1421.0,0.41279182
1422.0,1422.0,0.6796992
1423.0,1423.0,0.80268997
1424.0,1424.0,0.74926925
1425.0,1425.0,0.46708724
1426.0,1426.0,0.25990137
1427.0,1427.0,0.26007926
1428.0,1428.0,0.75062126
1429.0,1429.0,0.59461397
1430.0,1430.0,0.65431726
1431.0,1431.0,0.7161219
1432.0,1432.0,0.6658015
1433.0,1433.0,0.67931044
1434.0,1434.0,0.26421
1435.0,1435.0,0.6974787
1436.0,1436.0,0.46198037
1437.0,1437.0,0.72553307
1438.0,1438.0,0.7104179
1439.0,1439.0,0.21863516
1440.0,1440.0,0.76238996
1441.0,1441.0,0.7178053
1442.0,1442.0,0.34972358
1443.0,1443.0,0.73185986
1444.0,1444.0,0.7654561
1445.0,1445.0,0.6132595
1446.0,1446.0,0.7511465
1447.0,1447.0,0.73850906
1448.0,1448.0,0.7064481
1449.0,1449.0,0.28668094
1450.0,1450.0,0.33116022
1451.0,1451.0,0.6959541
1452.0,1452.0,0.48616335
1453.0,1453.0,0.46913144
1454.0,1454.0,0.2983632
1455.0,1455.0,0.4488274
1456.0,1456.0,0.67398417
1457.0,1457.0,0.25918725
1458.0,1458.0,0.4221447
1459.0,1459.0,0.59349626
1460.0,1460.0,0.70839024
1461.0,1461.0,0.727435
1462.0,1462.0,0.68458796
1463.0,1463.0,0.66825837
1464.0,1464.0,0.5031147
1465.0,1465.0,0.76682544
1466.0,1466.0,0.69838136
1467.0,1467.0,0.6801267
1468.0,1468.0,0.53345746
1469.0,1469.0,0.7205138
1470.0,1470.0,0.76704276
1471.0,1471.0,0.7198566
1472.0,1472.0,0.46168262
1473.0,1473.0,0.70483786
1474.0,1474.0,0.50221896
1475.0,1475.0,0.32839283
1476.0,1476.0,0.5977126
1477.0,1477.0,0.66088325
1478.0,1478.0,0.16024879
1479.0,1479.0,0.27331418
1480.0,1480.0,0.67071354
1481.0,1481.0,0.5948376
1482.0,1482.0,0.72553307
1483.0,1483.0,0.52493125
1484.0,1484.0,0.5097507
1485.0,1485.0,0.27926168
1486.0,1486.0,0.57995516
1487.0,1487.0,0.7654561
1488.0,1488.0,0.39076737
1489.0,1489.0,0.713593
1490.0,1490.0,0.66743964
1491.0,1491.0,0.14936018
1492.0,1492.0,0.43137172
1493.0,1493.0,0.537581
1494.0,1494.0,0.66825837
1495.0,1495.0,0.71375006
1496.0,1496.0,0.62235457
1497.0,1497.0,0.28719935
1498.0,1498.0,0.22228919
1499.0,1499.0,0.55642027
1500.0,1500.0,0.36148039
1501.0,1501.0,0.30550355
1502.0,1502.0,0.74761575
1503.0,1503.0,0.67725134
1504.0,1504.0,0.6967635
1505.0,1505.0,0.6951443
1506.0,1506.0,0.46528772
1507.0,1507.0,0.6910904
1508.0,1508.0,0.45498118
1509.0,1509.0,0.4235892
1510.0,1510.0,0.69237
1511.0,1511.0,0.76816756
1512.0,1512.0,0.73409396
1513.0,1513.0,0.460162
1514.0,1514.0,0.30334157
1515.0,1515.0,0.35578138
1516.0,1516.0,0.12518872
1517.0,1517.0,0.25183102
1518.0,1518.0,0.33135623
1519.0,1519.0,0.66334313
1520.0,1520.0,0.27188188
1521.0,1521.0,0.4888995
1522.0,1522.0,0.6854018
1523.0,1523.0,0.28759548
1524.0,1524.0,0.32415769
1525.0,1525.0,0.6378752
1526.0,1526.0,0.7124582
1527.0,1527.0,0.66416276
1528.0,1528.0,0.6752052
1529.0,1529.0,0.106415726
1530.0,1530.0,0.68261516
1531.0,1531.0,0.7651972
1532.0,1532.0,0.7669752
1533.0,1533.0,0.7010702
1534.0,1534.0,0.69027865
1535.0,1535.0,0.24894449
1536.0,1536.0,0.34447247
1537.0,1537.0,0.7065491
1538.0,1538.0,0.6786453
1539.0,1539.0,0.2919365
1540.0,1540.0,0.80464
1541.0,1541.0,0.73266864
1542.0,1542.0,0.7669726
1543.0,1543.0,0.7678668
1544.0,1544.0,0.6561837
1545.0,1545.0,0.7708691
1546.0,1546.0,0.7124429
1547.0,1547.0,0.66825837
1548.0,1548.0,0.66825837
1549.0,1549.0,0.6088812
1550.0,1550.0,0.47313166
1551.0,1551.0,0.669077
1552.0,1552.0,0.46119314
1553.0,1553.0,0.32554036
1554.0,1554.0,0.28641504
1555.0,1555.0,0.66498226
1556.0,1556.0,0.67081803
1557.0,1557.0,0.69273734
1558.0,1558.0,0.74735564
1559.0,1559.0,0.48145214
1560.0,1560.0,0.14767487
1561.0,1561.0,0.5485224
1562.0,1562.0,0.5099069
1563.0,1563.0,0.4905752
1564.0,1564.0,0.7025401
1565.0,1565.0,0.48095727
1566.0,1566.0,0.4810405
1567.0,1567.0,0.4738534
1568.0,1568.0,0.5195461
1569.0,1569.0,0.69235873
1570.0,1570.0,0.74735564
1571.0,1571.0,0.6625233
1572.0,1572.0,0.46697682
1573.0,1573.0,0.10801409
1574.0,1574.0,0.6576013
1575.0,1575.0,0.21358192
1576.0,1576.0,0.7674211
1577.0,1577.0,0.66416276
1578.0,1578.0,0.72497964
1579.0,1579.0,0.7684682
1580.0,1580.0,0.7705694
1581.0,1581.0,0.41505307
1582.0,1582.0,0.6720398
1583.0,1583.0,0.69271296
1584.0,1584.0,0.43956503
1585.0,1585.0,0.4318028
1586.0,1586.0,0.67071354
1587.0,1587.0,0.3435566
1588.0,1588.0,0.6967635
1589.0,1589.0,0.61575776
1590.0,1590.0,0.44555637
1591.0,1591.0,0.7304764
1592.0,1592.0,0.66743964
1593.0,1593.0,0.6528051
1594.0,1594.0,0.7162451
1595.0,1595.0,0.7532241
1596.0,1596.0,0.44483167
1597.0,1597.0,0.71856123
1598.0,1598.0,0.6099074
1599.0,1599.0,0.19882058
1600.0,1600.0,0.6927147
1601.0,1601.0,0.7753022
1602.0,1602.0,0.67398417
1603.0,1603.0,0.45344856
1604.0,1604.0,0.1646821
1605.0,1605.0,0.45014408
1606.0,1606.0,0.4333768
1607.0,1607.0,0.08494195
1608.0,1608.0,0.65171826
1609.0,1609.0,0.6904034
1610.0,1610.0,0.62943745
1611.0,1611.0,0.48482355
1612.0,1612.0,0.7678668
1613.0,1613.0,0.4768663
1614.0,1614.0,0.4464996
1615.0,1615.0,0.5862886
1616.0,1616.0,0.30802476
1617.0,1617.0,0.6683596
1618.0,1618.0,0.7649855
1619.0,1619.0,0.46346256
1620.0,1620.0,0.574779
1621.0,1621.0,0.72349566
1622.0,1622.0,0.18946277
1623.0,1623.0,0.6945083
1624.0,1624.0,0.7362203
1625.0,1625.0,0.69064915
1626.0,1626.0,0.4781283
1627.0,1627.0,0.770138
1628.0,1628.0,0.45164835
1629.0,1629.0,0.7539175
1630.0,1630.0,0.6959541
1631.0,1631.0,0.22897102
1632.0,1632.0,0.2556309
1633.0,1633.0,0.41154814
1634.0,1634.0,0.6991897
1635.0,1635.0,0.24500486
1636.0,1636.0,0.7335203
1637.0,1637.0,0.41567853
1638.0,1638.0,0.72332823
1639.0,1639.0,0.68458796
1640.0,1640.0,0.68051463
1641.0,1641.0,0.22009778
1642.0,1642.0,0.74926925
1643.0,1643.0,0.75182134
1644.0,1644.0,0.7561436
1645.0,1645.0,0.4640497
1646.0,1646.0,0.67071354
1647.0,1647.0,0.64363295
1648.0,1648.0,0.4105638
1649.0,1649.0,0.7975959
1650.0,1650.0,0.5896985
1651.0,1651.0,0.70092857
1652.0,1652.0,0.76827145
1653.0,1653.0,0.48098028
1654.0,1654.0,0.30151728
1655.0,1655.0,0.56474257
1656.0,1656.0,0.42242175
1657.0,1657.0,0.6319867
1658.0,1658.0,0.13385364
1659.0,1659.0,0.2386977
1660.0,1660.0,0.76291597
1661.0,1661.0,0.26456097
1662.0,1662.0,0.5305331
1663.0,1663.0,0.21512623
1664.0,1664.0,0.5153474
1665.0,1665.0,0.67725134
1666.0,1666.0,0.30347964
1667.0,1667.0,0.3011752
1668.0,1668.0,0.7660894
1669.0,1669.0,0.5348761
1670.0,1670.0,0.51121956
1671.0,1671.0,0.749645
1672.0,1672.0,0.68293935
1673.0,1673.0,0.53206533
1674.0,1674.0,0.67071354
1675.0,1675.0,0.68458796
1676.0,1676.0,0.629558
1677.0,1677.0,0.65431726
1678.0,1678.0,0.26102912
1679.0,1679.0,0.7373653
1680.0,1680.0,0.6991897
1681.0,1681.0,0.70839024
1682.0,1682.0,0.658422
1683.0,1683.0,0.42493406
1684.0,1684.0,0.6748013
1685.0,1685.0,0.68550575
1686.0,1686.0,0.6575751
1687.0,1687.0,0.76770777
1688.0,1688.0,0.6083103
1689.0,1689.0,0.33684295
1690.0,1690.0,0.14010836
1691.0,1691.0,0.7666624
1692.0,1692.0,0.7694696
1693.0,1693.0,0.3895461
1694.0,1694.0,0.28937867
1695.0,1695.0,0.5916922
1696.0,1696.0,0.59995085
1697.0,1697.0,0.25864688
1698.0,1698.0,0.7861438
1699.0,1699.0,0.65508974
1700.0,1700.0,0.49282566
1701.0,1701.0,0.2384686
1702.0,1702.0,0.66416276
1703.0,1703.0,0.25611976
1704.0,1704.0,0.44430992
1705.0,1705.0,0.5182363
1706.0,1706.0,0.22134261
1707.0,1707.0,0.6033407
1708.0,1708.0,0.6460998
1709.0,1709.0,0.77296317
1710.0,1710.0,0.66825837
1711.0,1711.0,0.36844733
1712.0,1712.0,0.75647956
1713.0,1713.0,0.7142803
1714.0,1714.0,0.3638679
1715.0,1715.0,0.76575786
1716.0,1716.0,0.7765277
1717.0,1717.0,0.47405177
1718.0,1718.0,0.28932223
1719.0,1719.0,0.30085167
1720.0,1720.0,0.6926545
1721.0,1721.0,0.6894666
1722.0,1722.0,0.7522487
1723.0,1723.0,0.46374926
1724.0,1724.0,0.4125779
1725.0,1725.0,0.28370094
1726.0,1726.0,0.7549988
1727.0,1727.0,0.2656096
1728.0,1728.0,0.55007595
1729.0,1729.0,0.7667519
1730.0,1730.0,0.752196
1731.0,1731.0,0.64263946
1732.0,1732.0,0.67823106
1733.0,1733.0,0.36271614
1734.0,1734.0,0.29219827
1735.0,1735.0,0.647744
1736.0,1736.0,0.5898267
1737.0,1737.0,0.19513653
1738.0,1738.0,0.6576013
1739.0,1739.0,0.76961595
1740.0,1740.0,0.7686625
1741.0,1741.0,0.669077
1742.0,1742.0,0.61622095
1743.0,1743.0,0.6910904
1744.0,1744.0,0.3175078
1745.0,1745.0,0.6553561
1746.0,1746.0,0.7501708
1747.0,1747.0,0.705807
1748.0,1748.0,0.74543214
1749.0,1749.0,0.5338818
1750.0,1750.0,0.41634518
1751.0,1751.0,0.67348355
1752.0,1752.0,0.8798298
1753.0,1753.0,0.74878675
1754.0,1754.0,0.52432156
1755.0,1755.0,0.5372774
1756.0,1756.0,0.7666624
1757.0,1757.0,0.66825837
1758.0,1758.0,0.6284437
1759.0,1759.0,0.30735543
1760.0,1760.0,0.18985869
1761.0,1761.0,0.27938843
1762.0,1762.0,0.5137247
1763.0,1763.0,0.77764916
1764.0,1764.0,0.6813298
1765.0,1765.0,0.6716525
1766.0,1766.0,0.2579566
1767.0,1767.0,0.67348355
1768.0,1768.0,0.47343954
1769.0,1769.0,0.5497006
1770.0,1770.0,0.72525936
1771.0,1771.0,0.67398417
1772.0,1772.0,0.25190035
1773.0,1773.0,0.77764916
1774.0,1774.0,0.77415705
1775.0,1775.0,0.4437613
1776.0,1776.0,0.7124429
1777.0,1777.0,0.5174622
1778.0,1778.0,0.6532888
1779.0,1779.0,0.66416276
1780.0,1780.0,0.496927
1781.0,1781.0,0.6227851
1782.0,1782.0,0.75877786
1783.0,1783.0,0.6951443
1784.0,1784.0,0.7212007
1785.0,1785.0,0.7116778
1786.0,1786.0,0.6796026
1787.0,1787.0,0.48023516
1788.0,1788.0,0.5457257
1789.0,1789.0,0.53139144
1790.0,1790.0,0.66743964
1791.0,1791.0,0.2555033
1792.0,1792.0,0.7211657
1793.0,1793.0,0.74949473
1794.0,1794.0,0.7016126
1795.0,1795.0,0.23983817
1796.0,1796.0,0.7685891
1797.0,1797.0,0.19471322
1798.0,1798.0,0.766899
1799.0,1799.0,0.40879807
1800.0,1800.0,0.6731669
1801.0,1801.0,0.66825837
1802.0,1802.0,0.26415747
1803.0,1803.0,0.30372578
1804.0,1804.0,0.77415705
1805.0,1805.0,0.78295314
1806.0,1806.0,0.5394473
1807.0,1807.0,0.7327779
1808.0,1808.0,0.36691642
1809.0,1809.0,0.07129837
1810.0,1810.0,0.7256129
1811.0,1811.0,0.52183384
1812.0,1812.0,0.28433013
1813.0,1813.0,0.67725134
1814.0,1814.0,0.5214259
1815.0,1815.0,0.7666624
1816.0,1816.0,0.7094044
1817.0,1817.0,0.6251346
1818.0,1818.0,0.53001064
1819.0,1819.0,0.7286119
1820.0,1820.0,0.74896854
1821.0,1821.0,0.73072815
1822.0,1822.0,0.726268
1823.0,1823.0,0.5742169
1824.0,1824.0,0.77764916
1825.0,1825.0,0.7262058
1826.0,1826.0,0.18744591
1827.0,1827.0,0.64574605
1828.0,1828.0,0.45672333
1829.0,1829.0,0.46752346
1830.0,1830.0,0.64041376
1831.0,1831.0,0.70598
1832.0,1832.0,0.32708627
1833.0,1833.0,0.76535255
1834.0,1834.0,0.49695772
1835.0,1835.0,0.60983765
1836.0,1836.0,0.4305573
1837.0,1837.0,0.64066756
1838.0,1838.0,0.5080348
1839.0,1839.0,0.68621534
1840.0,1840.0,0.58929616
1841.0,1841.0,0.7000807
1842.0,1842.0,0.56784105
1843.0,1843.0,0.33906803
1844.0,1844.0,0.51853126
1845.0,1845.0,0.72753507
1846.0,1846.0,0.7104941
1847.0,1847.0,0.2545223
1848.0,1848.0,0.7509965
1849.0,1849.0,0.71105963
1850.0,1850.0,0.35164514
1851.0,1851.0,0.67439073
1852.0,1852.0,0.23580569
1853.0,1853.0,0.35849738
1854.0,1854.0,0.6798595
1855.0,1855.0,0.7067421
1856.0,1856.0,0.56035656
1857.0,1857.0,0.27705735
1858.0,1858.0,0.3527239
1859.0,1859.0,0.7674873
1860.0,1860.0,0.52398175
1861.0,1861.0,0.7225239
1862.0,1862.0,0.15746208
1863.0,1863.0,0.6607359
1864.0,1864.0,0.29004216
1865.0,1865.0,0.38978356
1866.0,1866.0,0.5623511
1867.0,1867.0,0.49584365
1868.0,1868.0,0.46891278
1869.0,1869.0,0.6582712
1870.0,1870.0,0.73059255
1871.0,1871.0,0.6780675
1872.0,1872.0,0.4841247
1873.0,1873.0,0.5138472
1874.0,1874.0,0.2206687
1875.0,1875.0,0.5702742
1876.0,1876.0,0.60292524
1877.0,1877.0,0.703226
1878.0,1878.0,0.6769258
1879.0,1879.0,0.54656756
1880.0,1880.0,0.76414824
1881.0,1881.0,0.48908377
1882.0,1882.0,0.69271296
1883.0,1883.0,0.7024195
1884.0,1884.0,0.5419122
1885.0,1885.0,0.6573607
1886.0,1886.0,0.16317363
1887.0,1887.0,0.70080537
1888.0,1888.0,0.7444072
1889.0,1889.0,0.7040321
1890.0,1890.0,0.2837427
1891.0,1891.0,0.70894456
1892.0,1892.0,0.6731669
1893.0,1893.0,0.39234436
1894.0,1894.0,0.7753022
1895.0,1895.0,0.3127064
1896.0,1896.0,0.7040815
1897.0,1897.0,0.68893814
1898.0,1898.0,0.45591244
1899.0,1899.0,0.38524708
1900.0,1900.0,0.7561436
1901.0,1901.0,0.73154473
1902.0,1902.0,0.29572928
1903.0,1903.0,0.65512246
1904.0,1904.0,0.19660844
1905.0,1905.0,0.59041584
1906.0,1906.0,0.50149053
1907.0,1907.0,0.34317356
1908.0,1908.0,0.26789603
1909.0,1909.0,0.5212103
1910.0,1910.0,0.7056878
1911.0,1911.0,0.30456865
1912.0,1912.0,0.55588573
1913.0,1913.0,0.66989535
1914.0,1914.0,0.28224313
1915.0,1915.0,0.76785475
1916.0,1916.0,0.67561823
1917.0,1917.0,0.2532402
1918.0,1918.0,0.750321
1919.0,1919.0,0.34044084
1920.0,1920.0,0.69027865
1921.0,1921.0,0.6991897
1922.0,1922.0,0.4935165
1923.0,1923.0,0.27268475
1924.0,1924.0,0.21418102
1925.0,1925.0,0.6731669
1926.0,1926.0,0.76726484
1927.0,1927.0,0.2596363
1928.0,1928.0,0.38542184
1929.0,1929.0,0.49626416
1930.0,1930.0,0.7295018
1931.0,1931.0,0.25287935
1932.0,1932.0,0.67170507
1933.0,1933.0,0.2999951
1934.0,1934.0,0.69027865
1935.0,1935.0,0.6870286
1936.0,1936.0,0.71986747
1937.0,1937.0,0.21117948
1938.0,1938.0,0.6983307
1939.0,1939.0,0.5179836
1940.0,1940.0,0.75361115
1941.0,1941.0,0.7753022
1942.0,1942.0,0.69838136
1943.0,1943.0,0.25797984
1944.0,1944.0,0.27548084
1945.0,1945.0,0.793762
1946.0,1946.0,0.6780675
1947.0,1947.0,0.685624
1948.0,1948.0,0.462797
1949.0,1949.0,0.67561823
1950.0,1950.0,0.3624547
1951.0,1951.0,0.19564717
1952.0,1952.0,0.7109742
1953.0,1953.0,0.69027865
1954.0,1954.0,0.67872584
1955.0,1955.0,0.6957736
1956.0,1956.0,0.2519981
1957.0,1957.0,0.42374915
1958.0,1958.0,0.71850055
1959.0,1959.0,0.20336068
1960.0,1960.0,0.6796992
1961.0,1961.0,0.7759152
1962.0,1962.0,0.15937024
1963.0,1963.0,0.52680665
1964.0,1964.0,0.7662943
1965.0,1965.0,0.57655644
1966.0,1966.0,0.30742192
1967.0,1967.0,0.5651713
1968.0,1968.0,0.6385604
1969.0,1969.0,0.6731669
1970.0,1970.0,0.58405906
1971.0,1971.0,0.7197111
1972.0,1972.0,0.57490885
1973.0,1973.0,0.70839024
1974.0,1974.0,0.5200274
1975.0,1975.0,0.25719547
1976.0,1976.0,0.11163078
1977.0,1977.0,0.7123211
1978.0,1978.0,0.7723655
1979.0,1979.0,0.7619221
1980.0,1980.0,0.47174022
1981.0,1981.0,0.20385303
1982.0,1982.0,0.30538753
1983.0,1983.0,0.45506644
1984.0,1984.0,0.5028983
1985.0,1985.0,0.2997196
1986.0,1986.0,0.7296973
1987.0,1987.0,0.5936367
1988.0,1988.0,0.6959541
