x,y,species min
1.0,1.0,0.53353006
2.0,2.0,0.59800303
3.0,3.0,0.5782392
4.0,4.0,0.64713824
5.0,5.0,0.4117414
6.0,6.0,0.40724742
7.0,7.0,0.40690356
8.0,8.0,0.5472437
9.0,9.0,0.40807483
10.0,10.0,0.40976813
11.0,11.0,0.68085504
12.0,12.0,0.42293325
13.0,13.0,0.40799168
14.0,14.0,0.4075132
15.0,15.0,0.39728612
16.0,16.0,0.80989736
17.0,17.0,0.5461225
18.0,18.0,0.42822313
19.0,19.0,0.55247504
20.0,20.0,0.49304938
21.0,21.0,0.6719203
22.0,22.0,0.6935748
23.0,23.0,0.52359307
24.0,24.0,0.5831001
25.0,25.0,0.5293469
26.0,26.0,0.40353498
27.0,27.0,0.4313481
28.0,28.0,0.5610711
29.0,29.0,0.4037713
30.0,30.0,0.7055451
31.0,31.0,0.40680766
32.0,32.0,0.40669602
33.0,33.0,0.49994397
34.0,34.0,0.7814041
35.0,35.0,0.84926635
36.0,36.0,0.8262291
37.0,37.0,0.7235479
38.0,38.0,0.60140127
39.0,39.0,0.4163803
40.0,40.0,0.48424137
41.0,41.0,0.6750149
42.0,42.0,0.43078724
43.0,43.0,0.67103875
44.0,44.0,0.7789935
45.0,45.0,0.5515555
46.0,46.0,0.82094485
47.0,47.0,0.666255
48.0,48.0,0.6837144
49.0,49.0,0.7170753
50.0,50.0,0.43440264
51.0,51.0,0.6303137
52.0,52.0,0.63710296
53.0,53.0,0.2727176
54.0,54.0,0.38912344
55.0,55.0,0.33002663
56.0,56.0,0.49160066
57.0,57.0,0.39802697
58.0,58.0,0.818599
59.0,59.0,0.43766794
60.0,60.0,0.43019056
61.0,61.0,0.44051257
62.0,62.0,0.5566456
63.0,63.0,0.5391544
64.0,64.0,0.46871787
65.0,65.0,0.440105
66.0,66.0,0.4034359
67.0,67.0,0.56675786
68.0,68.0,0.596867
69.0,69.0,0.7580539
70.0,70.0,0.41033933
71.0,71.0,0.4071005
72.0,72.0,0.40726468
73.0,73.0,0.40789604
74.0,74.0,0.55513
75.0,75.0,0.45527053
76.0,76.0,0.59053147
77.0,77.0,0.44198743
78.0,78.0,0.6492767
79.0,79.0,0.48183727
80.0,80.0,0.32324252
81.0,81.0,0.34057343
82.0,82.0,0.40895516
83.0,83.0,0.43573076
84.0,84.0,0.4646108
85.0,85.0,0.4258229
86.0,86.0,0.641325
87.0,87.0,0.38827473
88.0,88.0,0.51515925
89.0,89.0,0.7684007
90.0,90.0,0.40775385
91.0,91.0,0.8609302
92.0,92.0,0.8271956
93.0,93.0,0.6845142
94.0,94.0,0.59582925
95.0,95.0,0.72560114
96.0,96.0,0.40304208
97.0,97.0,0.58951914
98.0,98.0,0.53516006
99.0,99.0,0.28515068
100.0,100.0,0.4455404
101.0,101.0,0.44147322
102.0,102.0,0.84353465
103.0,103.0,0.5824751
104.0,104.0,0.46028134
105.0,105.0,0.6565172
106.0,106.0,0.4175155
107.0,107.0,0.75388
108.0,108.0,0.605793
109.0,109.0,0.44024014
110.0,110.0,0.86716634
111.0,111.0,0.45229205
112.0,112.0,0.37745047
113.0,113.0,0.43658945
114.0,114.0,0.6066874
115.0,115.0,0.6957001
116.0,116.0,0.44446948
117.0,117.0,0.82256
118.0,118.0,0.68978226
119.0,119.0,0.66656184
120.0,120.0,0.6438823
121.0,121.0,0.5823271
122.0,122.0,0.5649439
123.0,123.0,0.6936793
124.0,124.0,0.67341435
125.0,125.0,0.54538864
126.0,126.0,0.7032777
127.0,127.0,0.6948467
128.0,128.0,0.42575318
129.0,129.0,0.7425065
130.0,130.0,0.38976696
131.0,131.0,0.54797834
132.0,132.0,0.56682736
133.0,133.0,0.6456555
134.0,134.0,0.6369582
135.0,135.0,0.68902373
136.0,136.0,0.8343612
137.0,137.0,0.44001842
138.0,138.0,0.5583712
139.0,139.0,0.61832076
140.0,140.0,0.4428588
141.0,141.0,0.44140667
142.0,142.0,0.6808932
143.0,143.0,0.69350594
144.0,144.0,0.41057557
145.0,145.0,0.49908918
146.0,146.0,0.6559579
147.0,147.0,0.6654407
148.0,148.0,0.5571121
149.0,149.0,0.5770374
150.0,150.0,0.60126
151.0,151.0,0.5298111
152.0,152.0,0.42067003
153.0,153.0,0.4949488
154.0,154.0,0.54594755
155.0,155.0,0.44858682
156.0,156.0,0.40912238
157.0,157.0,0.40829042
158.0,158.0,0.58876425
159.0,159.0,0.63536626
160.0,160.0,0.60984266
161.0,161.0,0.4981833
162.0,162.0,0.47611773
163.0,163.0,0.45527053
164.0,164.0,0.6584791
165.0,165.0,0.40839753
166.0,166.0,0.4964168
167.0,167.0,0.63568866
168.0,168.0,0.41746932
169.0,169.0,0.49633786
170.0,170.0,0.6604172
171.0,171.0,0.53568345
172.0,172.0,0.45527053
173.0,173.0,0.43898758
174.0,174.0,0.46887717
175.0,175.0,0.41596857
176.0,176.0,0.40724742
177.0,177.0,0.61735874
178.0,178.0,0.37827978
179.0,179.0,0.458204
180.0,180.0,0.5299497
181.0,181.0,0.84242684
182.0,182.0,0.62663275
183.0,183.0,0.65858537
184.0,184.0,0.51963395
185.0,185.0,0.5466851
186.0,186.0,0.7964064
187.0,187.0,0.60359395
188.0,188.0,0.4143066
189.0,189.0,0.41143993
190.0,190.0,0.6994494
191.0,191.0,0.39623824
192.0,192.0,0.4228304
193.0,193.0,0.6667656
194.0,194.0,0.45527053
195.0,195.0,0.4071295
196.0,196.0,0.5733135
197.0,197.0,0.6250058
198.0,198.0,0.44188538
199.0,199.0,0.4409149
200.0,200.0,0.77076226
201.0,201.0,0.5020832
202.0,202.0,0.64301693
203.0,203.0,0.44398478
204.0,204.0,0.4642166
205.0,205.0,0.49160063
206.0,206.0,0.79231787
207.0,207.0,0.7452529
208.0,208.0,0.55511993
209.0,209.0,0.45236543
210.0,210.0,0.53887266
211.0,211.0,0.64322555
212.0,212.0,0.47604033
213.0,213.0,0.4163378
214.0,214.0,0.46723834
215.0,215.0,0.5963078
216.0,216.0,0.668304
217.0,217.0,0.42196143
218.0,218.0,0.3898956
219.0,219.0,0.7490971
220.0,220.0,0.44168296
221.0,221.0,0.49307913
222.0,222.0,0.83578414
223.0,223.0,0.6742944
224.0,224.0,0.5098309
225.0,225.0,0.4101458
226.0,226.0,0.6395008
227.0,227.0,0.560335
228.0,228.0,0.60851544
229.0,229.0,0.6540725
230.0,230.0,0.40197164
231.0,231.0,0.45387873
232.0,232.0,0.6374048
233.0,233.0,0.3819655
234.0,234.0,0.54067266
235.0,235.0,0.48327237
236.0,236.0,0.7141534
237.0,237.0,0.4757924
238.0,238.0,0.46826687
239.0,239.0,0.7349382
240.0,240.0,0.72227067
241.0,241.0,0.44188538
242.0,242.0,0.44316423
243.0,243.0,0.5733705
244.0,244.0,0.40851527
245.0,245.0,0.6975525
246.0,246.0,0.4074263
247.0,247.0,0.40930888
248.0,248.0,0.5113903
249.0,249.0,0.49534115
250.0,250.0,0.6442826
251.0,251.0,0.4085302
252.0,252.0,0.47021854
253.0,253.0,0.6401899
254.0,254.0,0.6638541
255.0,255.0,0.74017274
256.0,256.0,0.7549522
257.0,257.0,0.407443
258.0,258.0,0.7107767
259.0,259.0,0.45881945
260.0,260.0,0.48629373
261.0,261.0,0.7353202
262.0,262.0,0.62992203
263.0,263.0,0.5398842
264.0,264.0,0.44469178
265.0,265.0,0.70430154
266.0,266.0,0.47693595
267.0,267.0,0.7123373
268.0,268.0,0.6442447
269.0,269.0,0.5533691
270.0,270.0,0.4100464
271.0,271.0,0.82493585
272.0,272.0,0.40688333
273.0,273.0,0.4423191
274.0,274.0,0.82900494
275.0,275.0,0.40823236
276.0,276.0,0.634878
277.0,277.0,0.75570244
278.0,278.0,0.4281256
279.0,279.0,0.4409746
280.0,280.0,0.7579182
281.0,281.0,0.6993816
282.0,282.0,0.5472894
283.0,283.0,0.737793
284.0,284.0,0.3684613
285.0,285.0,0.53078425
286.0,286.0,0.5478453
287.0,287.0,0.44031438
288.0,288.0,0.4150044
289.0,289.0,0.41466844
290.0,290.0,0.6820209
291.0,291.0,0.64288414
292.0,292.0,0.4809184
293.0,293.0,0.48350587
294.0,294.0,0.70041513
295.0,295.0,0.5228957
296.0,296.0,0.5656422
297.0,297.0,0.41464767
298.0,298.0,0.6562226
299.0,299.0,0.47365186
300.0,300.0,0.40424636
301.0,301.0,0.54360366
302.0,302.0,0.59554493
303.0,303.0,0.5085442
304.0,304.0,0.65219295
305.0,305.0,0.44061878
306.0,306.0,0.40515485
307.0,307.0,0.46411353
308.0,308.0,0.5905815
309.0,309.0,0.534528
310.0,310.0,0.4664574
311.0,311.0,0.4294478
312.0,312.0,0.44311988
313.0,313.0,0.7300589
314.0,314.0,0.50177735
315.0,315.0,0.405133
316.0,316.0,0.62842256
317.0,317.0,0.7182827
318.0,318.0,0.50314856
319.0,319.0,0.41057557
320.0,320.0,0.44556862
321.0,321.0,0.67376655
322.0,322.0,0.6765543
323.0,323.0,0.4761079
324.0,324.0,0.82142615
325.0,325.0,0.45527053
326.0,326.0,0.40761685
327.0,327.0,0.67817086
328.0,328.0,0.40716055
329.0,329.0,0.6116686
330.0,330.0,0.5889904
331.0,331.0,0.41830626
332.0,332.0,0.45527053
333.0,333.0,0.6611605
334.0,334.0,0.6427637
335.0,335.0,0.4308097
336.0,336.0,0.4373272
337.0,337.0,0.41048822
338.0,338.0,0.44147322
339.0,339.0,0.40399775
340.0,340.0,0.5644665
341.0,341.0,0.79047394
342.0,342.0,0.6191704
343.0,343.0,0.63334936
344.0,344.0,0.7081758
345.0,345.0,0.41185552
346.0,346.0,0.6835381
347.0,347.0,0.40742126
348.0,348.0,0.40797132
349.0,349.0,0.5720347
350.0,350.0,0.4188751
351.0,351.0,0.52679646
352.0,352.0,0.4105427
353.0,353.0,0.6131162
354.0,354.0,0.7750922
355.0,355.0,0.49304938
356.0,356.0,0.440105
357.0,357.0,0.6187444
358.0,358.0,0.4126646
359.0,359.0,0.55417717
360.0,360.0,0.674593
361.0,361.0,0.5309009
362.0,362.0,0.7038475
363.0,363.0,0.4726693
364.0,364.0,0.5529233
365.0,365.0,0.43678686
366.0,366.0,0.66070426
367.0,367.0,0.39704546
368.0,368.0,0.53539306
369.0,369.0,0.41392323
370.0,370.0,0.5132665
371.0,371.0,0.60907984
372.0,372.0,0.4157223
373.0,373.0,0.55700564
374.0,374.0,0.44255334
375.0,375.0,0.43101203
376.0,376.0,0.65832293
377.0,377.0,0.5896977
378.0,378.0,0.47091028
379.0,379.0,0.57622486
380.0,380.0,0.46446952
381.0,381.0,0.49100944
382.0,382.0,0.40696067
383.0,383.0,0.40735605
384.0,384.0,0.65427244
385.0,385.0,0.53813195
386.0,386.0,0.65263945
387.0,387.0,0.4210469
388.0,388.0,0.440105
389.0,389.0,0.72023165
390.0,390.0,0.45896703
391.0,391.0,0.41334322
392.0,392.0,0.4022945
393.0,393.0,0.49049675
394.0,394.0,0.64089435
395.0,395.0,0.49015033
396.0,396.0,0.53529346
397.0,397.0,0.568725
398.0,398.0,0.64101845
399.0,399.0,0.5475914
400.0,400.0,0.43069732
401.0,401.0,0.7545051
402.0,402.0,0.6563066
403.0,403.0,0.44017652
404.0,404.0,0.43128192
405.0,405.0,0.6675203
406.0,406.0,0.7315995
407.0,407.0,0.5967366
408.0,408.0,0.66530335
409.0,409.0,0.53781676
410.0,410.0,0.50220484
411.0,411.0,0.56691164
412.0,412.0,0.7953453
413.0,413.0,0.6980476
414.0,414.0,0.64592665
415.0,415.0,0.7007572
416.0,416.0,0.57981145
417.0,417.0,0.42901522
418.0,418.0,0.4147806
419.0,419.0,0.6564758
420.0,420.0,0.7070594
421.0,421.0,0.5504097
422.0,422.0,0.46084553
423.0,423.0,0.41795883
424.0,424.0,0.71238065
425.0,425.0,0.540783
426.0,426.0,0.43519995
427.0,427.0,0.54724425
428.0,428.0,0.70092607
429.0,429.0,0.42117998
430.0,430.0,0.5867145
431.0,431.0,0.53380716
432.0,432.0,0.43279508
433.0,433.0,0.41596857
434.0,434.0,0.6199819
435.0,435.0,0.41113088
436.0,436.0,0.40900102
437.0,437.0,0.7857508
438.0,438.0,0.29422683
439.0,439.0,0.74946195
440.0,440.0,0.40590268
441.0,441.0,0.41884193
442.0,442.0,0.5752839
443.0,443.0,0.5059499
444.0,444.0,0.67223203
445.0,445.0,0.6066798
446.0,446.0,0.52915907
447.0,447.0,0.6391531
448.0,448.0,0.41411448
449.0,449.0,0.43068004
450.0,450.0,0.7900097
451.0,451.0,0.73456436
452.0,452.0,0.6763113
453.0,453.0,0.4423184
454.0,454.0,0.55017453
455.0,455.0,0.52981085
456.0,456.0,0.55500585
457.0,457.0,0.5445992
458.0,458.0,0.5573392
459.0,459.0,0.50003904
460.0,460.0,0.6035745
461.0,461.0,0.562404
462.0,462.0,0.69551444
463.0,463.0,0.43074226
464.0,464.0,0.53974587
465.0,465.0,0.4082641
466.0,466.0,0.49050742
467.0,467.0,0.54759014
468.0,468.0,0.4105588
469.0,469.0,0.6672069
470.0,470.0,0.50008255
471.0,471.0,0.5471332
472.0,472.0,0.4302341
473.0,473.0,0.45287144
474.0,474.0,0.7355175
475.0,475.0,0.7367055
476.0,476.0,0.6953907
477.0,477.0,0.5773724
478.0,478.0,0.4179791
479.0,479.0,0.5478383
480.0,480.0,0.41029176
481.0,481.0,0.4441651
482.0,482.0,0.4063299
483.0,483.0,0.542891
484.0,484.0,0.42937094
485.0,485.0,0.43184313
486.0,486.0,0.54971826
487.0,487.0,0.4695744
488.0,488.0,0.50316155
489.0,489.0,0.5558249
490.0,490.0,0.44505957
491.0,491.0,0.43706658
492.0,492.0,0.6064527
493.0,493.0,0.44687977
494.0,494.0,0.4726539
495.0,495.0,0.49304938
496.0,496.0,0.45527053
497.0,497.0,0.45617035
498.0,498.0,0.4081671
499.0,499.0,0.43069732
500.0,500.0,0.6003354
501.0,501.0,0.5461169
502.0,502.0,0.40742126
503.0,503.0,0.5151469
504.0,504.0,0.5535251
505.0,505.0,0.61935794
506.0,506.0,0.74798983
507.0,507.0,0.62040806
508.0,508.0,0.40397394
509.0,509.0,0.56651485
510.0,510.0,0.5277848
511.0,511.0,0.61097974
512.0,512.0,0.8200711
513.0,513.0,0.42771462
514.0,514.0,0.40759298
515.0,515.0,0.41531807
516.0,516.0,0.8140863
517.0,517.0,0.64631265
518.0,518.0,0.40903443
519.0,519.0,0.40317363
520.0,520.0,0.5402946
521.0,521.0,0.46365812
522.0,522.0,0.4907598
523.0,523.0,0.6773209
524.0,524.0,0.5635027
525.0,525.0,0.64888966
526.0,526.0,0.41316548
527.0,527.0,0.4441651
528.0,528.0,0.60220075
529.0,529.0,0.43281582
530.0,530.0,0.6320059
531.0,531.0,0.44188538
532.0,532.0,0.59423745
533.0,533.0,0.33587348
534.0,534.0,0.46789598
535.0,535.0,0.45143747
536.0,536.0,0.45981216
537.0,537.0,0.41392323
538.0,538.0,0.647653
539.0,539.0,0.66117424
540.0,540.0,0.64023745
541.0,541.0,0.44006374
542.0,542.0,0.5237883
543.0,543.0,0.41055372
544.0,544.0,0.42925876
545.0,545.0,0.4074911
546.0,546.0,0.7086665
547.0,547.0,0.5589527
548.0,548.0,0.45231542
549.0,549.0,0.5783551
550.0,550.0,0.56613153
551.0,551.0,0.6041894
552.0,552.0,0.6189813
553.0,553.0,0.43452564
554.0,554.0,0.46609473
555.0,555.0,0.524197
556.0,556.0,0.48910004
557.0,557.0,0.8221837
558.0,558.0,0.6252945
559.0,559.0,0.4415013
560.0,560.0,0.5471572
561.0,561.0,0.41817164
562.0,562.0,0.4512919
563.0,563.0,0.4056208
564.0,564.0,0.41888863
565.0,565.0,0.64452106
566.0,566.0,0.5454785
567.0,567.0,0.40713882
568.0,568.0,0.5585121
569.0,569.0,0.72318333
570.0,570.0,0.6563983
571.0,571.0,0.6825959
572.0,572.0,0.40849367
573.0,573.0,0.66958046
574.0,574.0,0.44530687
575.0,575.0,0.6770344
576.0,576.0,0.50181556
577.0,577.0,0.68355805
578.0,578.0,0.67512256
579.0,579.0,0.4129245
580.0,580.0,0.5692834
581.0,581.0,0.40995467
582.0,582.0,0.6529113
583.0,583.0,0.43987975
584.0,584.0,0.64720535
585.0,585.0,0.4109032
586.0,586.0,0.48563093
587.0,587.0,0.64948493
588.0,588.0,0.5293469
589.0,589.0,0.68297595
590.0,590.0,0.84031457
591.0,591.0,0.4853135
592.0,592.0,0.503497
593.0,593.0,0.42948312
594.0,594.0,0.5751307
595.0,595.0,0.48661593
596.0,596.0,0.74917823
597.0,597.0,0.43058494
598.0,598.0,0.5179894
599.0,599.0,0.78473675
600.0,600.0,0.40799305
601.0,601.0,0.6429159
602.0,602.0,0.40168804
603.0,603.0,0.88371843
604.0,604.0,0.54222274
605.0,605.0,0.64904505
606.0,606.0,0.84930307
607.0,607.0,0.38527796
608.0,608.0,0.66408515
609.0,609.0,0.568901
610.0,610.0,0.42447913
611.0,611.0,0.65112597
612.0,612.0,0.73838836
613.0,613.0,0.53251547
614.0,614.0,0.44981655
615.0,615.0,0.5835372
616.0,616.0,0.41596857
617.0,617.0,0.50313157
618.0,618.0,0.41503894
619.0,619.0,0.49777377
620.0,620.0,0.69027144
621.0,621.0,0.45375517
622.0,622.0,0.6323809
623.0,623.0,0.619776
624.0,624.0,0.40629923
625.0,625.0,0.562327
626.0,626.0,0.43076473
627.0,627.0,0.54605067
628.0,628.0,0.55844414
629.0,629.0,0.41075027
630.0,630.0,0.41406706
631.0,631.0,0.65060616
632.0,632.0,0.62086433
633.0,633.0,0.39221814
634.0,634.0,0.727905
635.0,635.0,0.40326527
636.0,636.0,0.45449594
637.0,637.0,0.50507045
638.0,638.0,0.57158977
639.0,639.0,0.8887865
640.0,640.0,0.44147322
641.0,641.0,0.40713298
642.0,642.0,0.5482946
643.0,643.0,0.46022698
644.0,644.0,0.6856008
645.0,645.0,0.43233135
646.0,646.0,0.7871383
647.0,647.0,0.44468752
648.0,648.0,0.58477426
649.0,649.0,0.4040348
650.0,650.0,0.7042506
651.0,651.0,0.4924017
652.0,652.0,0.4423191
653.0,653.0,0.41478217
654.0,654.0,0.52660245
655.0,655.0,0.48361334
656.0,656.0,0.53725827
657.0,657.0,0.4076821
658.0,658.0,0.6073636
659.0,659.0,0.6620354
660.0,660.0,0.61858696
661.0,661.0,0.48866186
662.0,662.0,0.61699176
663.0,663.0,0.5488707
664.0,664.0,0.75587076
665.0,665.0,0.44168296
666.0,666.0,0.66651094
667.0,667.0,0.5451018
668.0,668.0,0.5802457
669.0,669.0,0.6815609
670.0,670.0,0.6635688
671.0,671.0,0.4455404
672.0,672.0,0.75904536
673.0,673.0,0.41596857
674.0,674.0,0.47587466
675.0,675.0,0.41884193
676.0,676.0,0.6749069
677.0,677.0,0.53357476
678.0,678.0,0.6391067
679.0,679.0,0.55104595
680.0,680.0,0.4047145
681.0,681.0,0.8828188
682.0,682.0,0.810458
683.0,683.0,0.43646577
684.0,684.0,0.583466
685.0,685.0,0.3829827
686.0,686.0,0.49144942
687.0,687.0,0.5051785
688.0,688.0,0.4307198
689.0,689.0,0.6794189
690.0,690.0,0.6534194
691.0,691.0,0.40110582
692.0,692.0,0.51860976
693.0,693.0,0.43661243
694.0,694.0,0.4167706
695.0,695.0,0.70453984
696.0,696.0,0.4142878
697.0,697.0,0.46281028
698.0,698.0,0.44039872
699.0,699.0,0.62007505
700.0,700.0,0.7469123
701.0,701.0,0.5321769
702.0,702.0,0.61511123
703.0,703.0,0.41070658
704.0,704.0,0.5619792
705.0,705.0,0.5504429
706.0,706.0,0.56168777
707.0,707.0,0.8280049
708.0,708.0,0.64169866
709.0,709.0,0.6058769
710.0,710.0,0.7069412
711.0,711.0,0.65931934
712.0,712.0,0.40710625
713.0,713.0,0.6332953
714.0,714.0,0.42133525
715.0,715.0,0.60784435
716.0,716.0,0.76689374
717.0,717.0,0.45231542
718.0,718.0,0.521248
719.0,719.0,0.41596857
720.0,720.0,0.7043909
721.0,721.0,0.7589338
722.0,722.0,0.6312656
723.0,723.0,0.44214714
724.0,724.0,0.7829104
725.0,725.0,0.6291607
726.0,726.0,0.4359468
727.0,727.0,0.39814886
728.0,728.0,0.5666654
729.0,729.0,0.5895339
730.0,730.0,0.44150135
731.0,731.0,0.4781746
732.0,732.0,0.45943534
733.0,733.0,0.7018043
734.0,734.0,0.43062988
735.0,735.0,0.4681745
736.0,736.0,0.76329213
737.0,737.0,0.5984818
738.0,738.0,0.6038404
739.0,739.0,0.61947
740.0,740.0,0.41395026
741.0,741.0,0.40827465
742.0,742.0,0.5847933
743.0,743.0,0.4078465
744.0,744.0,0.4404898
745.0,745.0,0.6070108
746.0,746.0,0.44775966
747.0,747.0,0.7703385
748.0,748.0,0.40710625
749.0,749.0,0.6003306
750.0,750.0,0.40234473
751.0,751.0,0.48926562
752.0,752.0,0.42102474
753.0,753.0,0.6421436
754.0,754.0,0.7877406
755.0,755.0,0.6361463
756.0,756.0,0.34970123
757.0,757.0,0.798212
758.0,758.0,0.44188538
759.0,759.0,0.57963955
760.0,760.0,0.60775137
761.0,761.0,0.48387548
762.0,762.0,0.7305495
763.0,763.0,0.5579618
764.0,764.0,0.626937
765.0,765.0,0.5766444
766.0,766.0,0.4606882
767.0,767.0,0.4235928
768.0,768.0,0.8169549
769.0,769.0,0.7475277
770.0,770.0,0.47593305
771.0,771.0,0.394809
772.0,772.0,0.4468111
773.0,773.0,0.5675879
774.0,774.0,0.5463289
775.0,775.0,0.8199981
776.0,776.0,0.4105974
777.0,777.0,0.4417097
778.0,778.0,0.54479563
779.0,779.0,0.5533691
780.0,780.0,0.4081962
781.0,781.0,0.46586844
782.0,782.0,0.399722
783.0,783.0,0.40251607
784.0,784.0,0.6939837
785.0,785.0,0.42397937
786.0,786.0,0.43074226
787.0,787.0,0.467494
788.0,788.0,0.4636183
789.0,789.0,0.4600238
790.0,790.0,0.5387818
791.0,791.0,0.41035724
792.0,792.0,0.4076343
793.0,793.0,0.6733374
794.0,794.0,0.5637561
795.0,795.0,0.48857558
796.0,796.0,0.56352586
797.0,797.0,0.7581512
798.0,798.0,0.7103073
799.0,799.0,0.3822196
800.0,800.0,0.6994922
801.0,801.0,0.6003545
802.0,802.0,0.6194375
803.0,803.0,0.43042427
804.0,804.0,0.8143257
805.0,805.0,0.40993315
806.0,806.0,0.5752186
807.0,807.0,0.41677648
808.0,808.0,0.44147784
809.0,809.0,0.40725246
810.0,810.0,0.6462346
811.0,811.0,0.40673137
812.0,812.0,0.5607471
813.0,813.0,0.5443077
814.0,814.0,0.45144275
815.0,815.0,0.41886914
816.0,816.0,0.59310305
817.0,817.0,0.62356025
818.0,818.0,0.56715375
819.0,819.0,0.62792635
820.0,820.0,0.4072257
821.0,821.0,0.785105
822.0,822.0,0.48080954
823.0,823.0,0.42820615
824.0,824.0,0.40742126
825.0,825.0,0.665515
826.0,826.0,0.53839564
827.0,827.0,0.5074284
828.0,828.0,0.6781957
829.0,829.0,0.32426834
830.0,830.0,0.44805303
831.0,831.0,0.4553266
832.0,832.0,0.6618397
833.0,833.0,0.5974031
834.0,834.0,0.5974717
835.0,835.0,0.64718986
836.0,836.0,0.4123
837.0,837.0,0.6066902
838.0,838.0,0.5870212
839.0,839.0,0.45527053
840.0,840.0,0.662573
841.0,841.0,0.41334558
842.0,842.0,0.40814534
843.0,843.0,0.6394721
844.0,844.0,0.7348362
845.0,845.0,0.749132
846.0,846.0,0.6574007
847.0,847.0,0.36286306
848.0,848.0,0.40687853
849.0,849.0,0.40709305
850.0,850.0,0.5807568
851.0,851.0,0.5175617
852.0,852.0,0.6663275
853.0,853.0,0.40669602
854.0,854.0,0.51829493
855.0,855.0,0.40364313
856.0,856.0,0.56698906
857.0,857.0,0.6414405
858.0,858.0,0.83247685
859.0,859.0,0.8185026
860.0,860.0,0.4499702
861.0,861.0,0.5591547
862.0,862.0,0.5376763
863.0,863.0,0.5134949
864.0,864.0,0.5318391
865.0,865.0,0.7213881
866.0,866.0,0.5845782
867.0,867.0,0.5505082
868.0,868.0,0.60561574
869.0,869.0,0.65174264
870.0,870.0,0.7474289
871.0,871.0,0.4964168
872.0,872.0,0.7218299
873.0,873.0,0.39636892
874.0,874.0,0.7151338
875.0,875.0,0.62352556
876.0,876.0,0.66461647
877.0,877.0,0.56176823
878.0,878.0,0.5732535
879.0,879.0,0.5618257
880.0,880.0,0.36869144
881.0,881.0,0.43821743
882.0,882.0,0.5352155
883.0,883.0,0.7932801
884.0,884.0,0.8226321
885.0,885.0,0.4614236
886.0,886.0,0.79978144
887.0,887.0,0.3221537
888.0,888.0,0.60785955
889.0,889.0,0.46157974
890.0,890.0,0.62182814
891.0,891.0,0.68163294
892.0,892.0,0.4537046
893.0,893.0,0.4435353
894.0,894.0,0.5509166
895.0,895.0,0.40370017
896.0,896.0,0.5836432
897.0,897.0,0.6858605
898.0,898.0,0.57610476
899.0,899.0,0.40713227
900.0,900.0,0.46329007
901.0,901.0,0.7735459
902.0,902.0,0.63825184
903.0,903.0,0.421525
904.0,904.0,0.4020791
905.0,905.0,0.684525
906.0,906.0,0.5415831
907.0,907.0,0.45452067
908.0,908.0,0.44171104
909.0,909.0,0.4064327
910.0,910.0,0.6700498
911.0,911.0,0.66714364
912.0,912.0,0.49881086
913.0,913.0,0.568725
914.0,914.0,0.4063299
915.0,915.0,0.5591206
916.0,916.0,0.5606971
917.0,917.0,0.6223285
918.0,918.0,0.42542785
919.0,919.0,0.4019514
920.0,920.0,0.5504316
921.0,921.0,0.49160066
922.0,922.0,0.40431893
923.0,923.0,0.7545707
924.0,924.0,0.5767962
925.0,925.0,0.769377
926.0,926.0,0.3982934
927.0,927.0,0.6418328
928.0,928.0,0.59784234
929.0,929.0,0.41596857
930.0,930.0,0.50507045
931.0,931.0,0.4853135
932.0,932.0,0.5408142
933.0,933.0,0.4641568
934.0,934.0,0.41531807
935.0,935.0,0.5099348
936.0,936.0,0.63835615
937.0,937.0,0.45505452
938.0,938.0,0.48327237
939.0,939.0,0.45519817
940.0,940.0,0.50181127
941.0,941.0,0.5363828
942.0,942.0,0.74850404
943.0,943.0,0.86255705
944.0,944.0,0.6661966
945.0,945.0,0.7302818
946.0,946.0,0.4073126
947.0,947.0,0.6503391
948.0,948.0,0.53259945
949.0,949.0,0.41504207
950.0,950.0,0.6863731
951.0,951.0,0.66844887
952.0,952.0,0.47436038
953.0,953.0,0.5106499
954.0,954.0,0.46669015
955.0,955.0,0.465825
956.0,956.0,0.6347161
957.0,957.0,0.45940405
958.0,958.0,0.586558
959.0,959.0,0.7789667
960.0,960.0,0.53469414
961.0,961.0,0.568725
962.0,962.0,0.58726084
963.0,963.0,0.6689325
964.0,964.0,0.6914505
965.0,965.0,0.7972538
966.0,966.0,0.46985844
967.0,967.0,0.6615247
968.0,968.0,0.41054493
969.0,969.0,0.67455786
970.0,970.0,0.6842098
971.0,971.0,0.46143734
972.0,972.0,0.8220665
973.0,973.0,0.62071264
974.0,974.0,0.44147322
975.0,975.0,0.8204186
976.0,976.0,0.540386
977.0,977.0,0.7065848
978.0,978.0,0.40381327
979.0,979.0,0.44829276
980.0,980.0,0.47615716
981.0,981.0,0.6816542
982.0,982.0,0.5682504
983.0,983.0,0.6967009
984.0,984.0,0.41484934
985.0,985.0,0.53414
986.0,986.0,0.40710625
987.0,987.0,0.4308245
988.0,988.0,0.66952056
989.0,989.0,0.44147322
990.0,990.0,0.4654997
991.0,991.0,0.5855808
992.0,992.0,0.40831938
993.0,993.0,0.43992504
994.0,994.0,0.6412861
995.0,995.0,0.4308097
996.0,996.0,0.46058398
997.0,997.0,0.6216371
998.0,998.0,0.45194462
999.0,999.0,0.44215974
1000.0,1000.0,0.52070725
1001.0,1001.0,0.6734526
1002.0,1002.0,0.7877823
1003.0,1003.0,0.670085
1004.0,1004.0,0.6794719
1005.0,1005.0,0.4398922
1006.0,1006.0,0.40772554
1007.0,1007.0,0.42993551
1008.0,1008.0,0.70335424
1009.0,1009.0,0.45802727
1010.0,1010.0,0.6834734
1011.0,1011.0,0.49299714
1012.0,1012.0,0.40458262
1013.0,1013.0,0.519522
1014.0,1014.0,0.50029427
1015.0,1015.0,0.48994595
1016.0,1016.0,0.6877924
1017.0,1017.0,0.6337717
1018.0,1018.0,0.6273015
1019.0,1019.0,0.40844998
1020.0,1020.0,0.40993497
1021.0,1021.0,0.53031975
1022.0,1022.0,0.55161446
1023.0,1023.0,0.6417351
1024.0,1024.0,0.43821743
1025.0,1025.0,0.45929396
1026.0,1026.0,0.6439661
1027.0,1027.0,0.3854462
1028.0,1028.0,0.45741823
1029.0,1029.0,0.43288484
1030.0,1030.0,0.5744426
1031.0,1031.0,0.62679505
1032.0,1032.0,0.7403487
1033.0,1033.0,0.4079278
1034.0,1034.0,0.62874126
1035.0,1035.0,0.82165724
1036.0,1036.0,0.46435773
1037.0,1037.0,0.37352502
1038.0,1038.0,0.4466
1039.0,1039.0,0.58831406
1040.0,1040.0,0.6988319
1041.0,1041.0,0.38662803
1042.0,1042.0,0.46281028
1043.0,1043.0,0.4945572
1044.0,1044.0,0.6564375
1045.0,1045.0,0.6384439
1046.0,1046.0,0.66970634
1047.0,1047.0,0.6247465
1048.0,1048.0,0.40199387
1049.0,1049.0,0.75767344
1050.0,1050.0,0.40976813
1051.0,1051.0,0.43130443
1052.0,1052.0,0.53158545
1053.0,1053.0,0.6762716
1054.0,1054.0,0.6062063
1055.0,1055.0,0.66118705
1056.0,1056.0,0.7783184
1057.0,1057.0,0.71212846
1058.0,1058.0,0.41077211
1059.0,1059.0,0.43062988
1060.0,1060.0,0.6788501
1061.0,1061.0,0.40221334
1062.0,1062.0,0.52961683
1063.0,1063.0,0.5071192
1064.0,1064.0,0.5558245
1065.0,1065.0,0.66906625
1066.0,1066.0,0.54458594
1067.0,1067.0,0.4761079
1068.0,1068.0,0.69280577
1069.0,1069.0,0.7106591
1070.0,1070.0,0.40752992
1071.0,1071.0,0.64157456
1072.0,1072.0,0.4389549
1073.0,1073.0,0.5021805
1074.0,1074.0,0.5578736
1075.0,1075.0,0.6501461
1076.0,1076.0,0.6434244
1077.0,1077.0,0.5060186
1078.0,1078.0,0.40838468
1079.0,1079.0,0.43894696
1080.0,1080.0,0.40529284
1081.0,1081.0,0.80711025
1082.0,1082.0,0.44873196
1083.0,1083.0,0.7638666
1084.0,1084.0,0.40827587
1085.0,1085.0,0.4631467
1086.0,1086.0,0.45779395
1087.0,1087.0,0.40309057
1088.0,1088.0,0.670569
1089.0,1089.0,0.6368005
1090.0,1090.0,0.669392
1091.0,1091.0,0.4402101
1092.0,1092.0,0.62947786
1093.0,1093.0,0.82525146
1094.0,1094.0,0.46513733
1095.0,1095.0,0.6288678
1096.0,1096.0,0.48056006
1097.0,1097.0,0.50244087
1098.0,1098.0,0.42131567
1099.0,1099.0,0.4028706
1100.0,1100.0,0.5026821
1101.0,1101.0,0.55960685
1102.0,1102.0,0.61249274
1103.0,1103.0,0.5782497
1104.0,1104.0,0.5826917
1105.0,1105.0,0.70110416
1106.0,1106.0,0.6643195
1107.0,1107.0,0.4164047
1108.0,1108.0,0.67170584
1109.0,1109.0,0.41969407
1110.0,1110.0,0.44007218
1111.0,1111.0,0.6377104
1112.0,1112.0,0.6010438
1113.0,1113.0,0.5424338
1114.0,1114.0,0.6846033
1115.0,1115.0,0.7212952
1116.0,1116.0,0.5389497
1117.0,1117.0,0.6874136
1118.0,1118.0,0.69068825
1119.0,1119.0,0.4985375
1120.0,1120.0,0.49479258
1121.0,1121.0,0.6224594
1122.0,1122.0,0.620946
1123.0,1123.0,0.45038518
1124.0,1124.0,0.7172937
1125.0,1125.0,0.41465664
1126.0,1126.0,0.7004535
1127.0,1127.0,0.49304938
1128.0,1128.0,0.7548293
1129.0,1129.0,0.5820596
1130.0,1130.0,0.60249496
1131.0,1131.0,0.43078724
1132.0,1132.0,0.42995206
1133.0,1133.0,0.49304938
1134.0,1134.0,0.5644576
1135.0,1135.0,0.6968719
1136.0,1136.0,0.5710972
1137.0,1137.0,0.74431187
1138.0,1138.0,0.6016758
1139.0,1139.0,0.31203803
1140.0,1140.0,0.43089962
1141.0,1141.0,0.4018882
1142.0,1142.0,0.81717855
1143.0,1143.0,0.6718232
1144.0,1144.0,0.5612464
1145.0,1145.0,0.41596857
1146.0,1146.0,0.68861926
1147.0,1147.0,0.75419927
1148.0,1148.0,0.4307198
1149.0,1149.0,0.46068183
1150.0,1150.0,0.76964957
1151.0,1151.0,0.44328487
1152.0,1152.0,0.41884193
1153.0,1153.0,0.5272598
1154.0,1154.0,0.79488975
1155.0,1155.0,0.41596857
1156.0,1156.0,0.6899438
1157.0,1157.0,0.56730163
1158.0,1158.0,0.5611435
1159.0,1159.0,0.7929736
1160.0,1160.0,0.59785914
1161.0,1161.0,0.4642292
1162.0,1162.0,0.38882467
1163.0,1163.0,0.40904847
1164.0,1164.0,0.58243674
1165.0,1165.0,0.40273908
1166.0,1166.0,0.5467817
1167.0,1167.0,0.40929016
1168.0,1168.0,0.63879347
1169.0,1169.0,0.48083317
1170.0,1170.0,0.4945572
1171.0,1171.0,0.80453014
1172.0,1172.0,0.5059499
1173.0,1173.0,0.6489137
1174.0,1174.0,0.6586696
1175.0,1175.0,0.4068399
1176.0,1176.0,0.6892188
1177.0,1177.0,0.42766568
1178.0,1178.0,0.6787947
1179.0,1179.0,0.40814534
1180.0,1180.0,0.4441651
1181.0,1181.0,0.6235545
1182.0,1182.0,0.57786584
1183.0,1183.0,0.71884435
1184.0,1184.0,0.41068476
1185.0,1185.0,0.666818
1186.0,1186.0,0.5530352
1187.0,1187.0,0.46843135
1188.0,1188.0,0.49333557
1189.0,1189.0,0.4175155
1190.0,1190.0,0.54617965
1191.0,1191.0,0.46523246
1192.0,1192.0,0.49971727
1193.0,1193.0,0.40875906
1194.0,1194.0,0.69684786
1195.0,1195.0,0.4415013
1196.0,1196.0,0.41178423
1197.0,1197.0,0.43964773
1198.0,1198.0,0.41799575
1199.0,1199.0,0.550471
1200.0,1200.0,0.5530901
1201.0,1201.0,0.60480976
1202.0,1202.0,0.8591272
1203.0,1203.0,0.40743998
1204.0,1204.0,0.5056265
1205.0,1205.0,0.7398989
1206.0,1206.0,0.6771265
1207.0,1207.0,0.4941596
1208.0,1208.0,0.39566177
1209.0,1209.0,0.42489544
1210.0,1210.0,0.61971253
1211.0,1211.0,0.57450855
1212.0,1212.0,0.6172965
1213.0,1213.0,0.5333417
1214.0,1214.0,0.8103738
1215.0,1215.0,0.57408315
1216.0,1216.0,0.4130293
1217.0,1217.0,0.46149144
1218.0,1218.0,0.6117781
1219.0,1219.0,0.6561556
1220.0,1220.0,0.44300804
1221.0,1221.0,0.5298111
1222.0,1222.0,0.4674653
1223.0,1223.0,0.407443
1224.0,1224.0,0.49061978
1225.0,1225.0,0.4949669
1226.0,1226.0,0.4210469
1227.0,1227.0,0.570614
1228.0,1228.0,0.7872302
1229.0,1229.0,0.5577565
1230.0,1230.0,0.6851217
1231.0,1231.0,0.638525
1232.0,1232.0,0.542433
1233.0,1233.0,0.50390047
1234.0,1234.0,0.6542006
1235.0,1235.0,0.41596857
1236.0,1236.0,0.54524404
1237.0,1237.0,0.63870156
1238.0,1238.0,0.55596626
1239.0,1239.0,0.7583992
1240.0,1240.0,0.51633674
1241.0,1241.0,0.41884193
1242.0,1242.0,0.40704367
1243.0,1243.0,0.58683217
1244.0,1244.0,0.79187876
1245.0,1245.0,0.66983885
1246.0,1246.0,0.61484194
1247.0,1247.0,0.85321134
1248.0,1248.0,0.53693664
1249.0,1249.0,0.44069386
1250.0,1250.0,0.6009771
1251.0,1251.0,0.61854434
1252.0,1252.0,0.4426582
1253.0,1253.0,0.4142378
1254.0,1254.0,0.50198644
1255.0,1255.0,0.4180326
1256.0,1256.0,0.40739954
1257.0,1257.0,0.5186334
1258.0,1258.0,0.47054756
1259.0,1259.0,0.5781276
1260.0,1260.0,0.41596857
1261.0,1261.0,0.4105319
1262.0,1262.0,0.582821
1263.0,1263.0,0.49795693
1264.0,1264.0,0.7649907
1265.0,1265.0,0.5989551
1266.0,1266.0,0.6808739
1267.0,1267.0,0.41829515
1268.0,1268.0,0.44549242
1269.0,1269.0,0.6598532
1270.0,1270.0,0.7530553
1271.0,1271.0,0.4415866
1272.0,1272.0,0.42540202
1273.0,1273.0,0.564304
1274.0,1274.0,0.4048464
1275.0,1275.0,0.40784562
1276.0,1276.0,0.40616065
1277.0,1277.0,0.64820784
1278.0,1278.0,0.76582754
1279.0,1279.0,0.49304938
1280.0,1280.0,0.43760028
1281.0,1281.0,0.66181374
1282.0,1282.0,0.46665284
1283.0,1283.0,0.55428135
1284.0,1284.0,0.7122074
1285.0,1285.0,0.6606979
1286.0,1286.0,0.6133644
1287.0,1287.0,0.4062762
1288.0,1288.0,0.6555973
1289.0,1289.0,0.63915306
1290.0,1290.0,0.40379265
1291.0,1291.0,0.40427712
1292.0,1292.0,0.63376987
1293.0,1293.0,0.4191404
1294.0,1294.0,0.40374577
1295.0,1295.0,0.8411623
1296.0,1296.0,0.818898
1297.0,1297.0,0.5351379
1298.0,1298.0,0.6707499
1299.0,1299.0,0.40165895
1300.0,1300.0,0.6061594
1301.0,1301.0,0.45127046
1302.0,1302.0,0.44931355
1303.0,1303.0,0.4656379
1304.0,1304.0,0.41226897
1305.0,1305.0,0.6136388
1306.0,1306.0,0.46968716
1307.0,1307.0,0.6727201
1308.0,1308.0,0.69552934
1309.0,1309.0,0.73120475
1310.0,1310.0,0.39816213
1311.0,1311.0,0.63158625
1312.0,1312.0,0.43885282
1313.0,1313.0,0.41756853
1314.0,1314.0,0.5391703
1315.0,1315.0,0.80856127
1316.0,1316.0,0.40770382
1317.0,1317.0,0.4808759
1318.0,1318.0,0.79651225
1319.0,1319.0,0.5915212
1320.0,1320.0,0.5468382
1321.0,1321.0,0.4313494
1322.0,1322.0,0.4059428
1323.0,1323.0,0.46281028
1324.0,1324.0,0.40366018
1325.0,1325.0,0.6307185
1326.0,1326.0,0.5823983
1327.0,1327.0,0.55039215
1328.0,1328.0,0.4766922
1329.0,1329.0,0.53447956
1330.0,1330.0,0.61941826
1331.0,1331.0,0.53176266
1332.0,1332.0,0.55488294
1333.0,1333.0,0.5405854
1334.0,1334.0,0.6340763
1335.0,1335.0,0.81365156
1336.0,1336.0,0.4175155
1337.0,1337.0,0.71025276
1338.0,1338.0,0.462216
1339.0,1339.0,0.61835575
1340.0,1340.0,0.40921682
1341.0,1341.0,0.541731
1342.0,1342.0,0.49025565
1343.0,1343.0,0.41905195
1344.0,1344.0,0.41799575
1345.0,1345.0,0.41988108
1346.0,1346.0,0.4102481
1347.0,1347.0,0.7303244
1348.0,1348.0,0.86012703
1349.0,1349.0,0.43099487
1350.0,1350.0,0.6755874
1351.0,1351.0,0.3978023
1352.0,1352.0,0.440105
1353.0,1353.0,0.5550074
1354.0,1354.0,0.6713363
1355.0,1355.0,0.64141023
1356.0,1356.0,0.5296269
1357.0,1357.0,0.4178478
1358.0,1358.0,0.44453216
1359.0,1359.0,0.4607157
1360.0,1360.0,0.7449934
1361.0,1361.0,0.5613634
1362.0,1362.0,0.4095719
1363.0,1363.0,0.68679726
1364.0,1364.0,0.6592694
1365.0,1365.0,0.6394416
1366.0,1366.0,0.48092362
1367.0,1367.0,0.8031481
1368.0,1368.0,0.4085588
1369.0,1369.0,0.49304938
1370.0,1370.0,0.4289048
1371.0,1371.0,0.6631702
1372.0,1372.0,0.6838285
1373.0,1373.0,0.40461323
1374.0,1374.0,0.4823583
1375.0,1375.0,0.50526637
1376.0,1376.0,0.66116023
1377.0,1377.0,0.6568613
1378.0,1378.0,0.40720397
1379.0,1379.0,0.531437
1380.0,1380.0,0.46561816
1381.0,1381.0,0.4853135
1382.0,1382.0,0.6718421
1383.0,1383.0,0.6784405
1384.0,1384.0,0.42410427
1385.0,1385.0,0.4387106
1386.0,1386.0,0.75560147
1387.0,1387.0,0.47964686
1388.0,1388.0,0.5890736
1389.0,1389.0,0.4064108
1390.0,1390.0,0.4216471
1391.0,1391.0,0.74058807
1392.0,1392.0,0.569742
1393.0,1393.0,0.4197938
1394.0,1394.0,0.4425422
1395.0,1395.0,0.7240896
1396.0,1396.0,0.48387548
1397.0,1397.0,0.7851181
1398.0,1398.0,0.51729697
1399.0,1399.0,0.7033508
1400.0,1400.0,0.4068616
1401.0,1401.0,0.4853135
1402.0,1402.0,0.65913934
1403.0,1403.0,0.6015174
1404.0,1404.0,0.40755165
1405.0,1405.0,0.46519214
1406.0,1406.0,0.46093097
1407.0,1407.0,0.43713978
1408.0,1408.0,0.3991988
1409.0,1409.0,0.6761218
1410.0,1410.0,0.81335056
1411.0,1411.0,0.8531493
1412.0,1412.0,0.748192
1413.0,1413.0,0.6221553
1414.0,1414.0,0.43097225
1415.0,1415.0,0.7307506
1416.0,1416.0,0.6699974
1417.0,1417.0,0.41070658
1418.0,1418.0,0.54515177
1419.0,1419.0,0.6254722
1420.0,1420.0,0.46396518
1421.0,1421.0,0.40102348
1422.0,1422.0,0.49160066
1423.0,1423.0,0.47667947
1424.0,1424.0,0.7019265
1425.0,1425.0,0.6410234
1426.0,1426.0,0.6006614
1427.0,1427.0,0.4210469
1428.0,1428.0,0.45025837
1429.0,1429.0,0.5574652
1430.0,1430.0,0.4438574
1431.0,1431.0,0.5146554
1432.0,1432.0,0.4699043
1433.0,1433.0,0.54798734
1434.0,1434.0,0.67286795
1435.0,1435.0,0.57527345
1436.0,1436.0,0.7380573
1437.0,1437.0,0.44377235
1438.0,1438.0,0.5607676
1439.0,1439.0,0.47691175
1440.0,1440.0,0.4188079
1441.0,1441.0,0.69399345
1442.0,1442.0,0.57395625
1443.0,1443.0,0.7006226
1444.0,1444.0,0.59372663
1445.0,1445.0,0.81724584
1446.0,1446.0,0.6960104
1447.0,1447.0,0.8417645
1448.0,1448.0,0.4885847
1449.0,1449.0,0.43974108
1450.0,1450.0,0.6764762
1451.0,1451.0,0.4252908
1452.0,1452.0,0.70071083
1453.0,1453.0,0.33741483
1454.0,1454.0,0.45129722
1455.0,1455.0,0.48387548
1456.0,1456.0,0.47134078
1457.0,1457.0,0.62770927
1458.0,1458.0,0.6420691
1459.0,1459.0,0.4796321
1460.0,1460.0,0.54263324
1461.0,1461.0,0.40779078
1462.0,1462.0,0.455616
1463.0,1463.0,0.4550421
1464.0,1464.0,0.4192254
1465.0,1465.0,0.4522919
1466.0,1466.0,0.44182214
1467.0,1467.0,0.53306466
1468.0,1468.0,0.66450846
1469.0,1469.0,0.7951329
1470.0,1470.0,0.54727805
1471.0,1471.0,0.667004
1472.0,1472.0,0.4294607
1473.0,1473.0,0.4167335
1474.0,1474.0,0.53562605
1475.0,1475.0,0.56045246
1476.0,1476.0,0.45527053
1477.0,1477.0,0.41731957
1478.0,1478.0,0.68001455
1479.0,1479.0,0.54923964
1480.0,1480.0,0.4101991
1481.0,1481.0,0.5732535
1482.0,1482.0,0.6987607
1483.0,1483.0,0.7515568
1484.0,1484.0,0.39750132
1485.0,1485.0,0.6475811
1486.0,1486.0,0.40786257
1487.0,1487.0,0.446982
1488.0,1488.0,0.6556667
1489.0,1489.0,0.6457369
1490.0,1490.0,0.5064059
1491.0,1491.0,0.5428451
1492.0,1492.0,0.4305147
1493.0,1493.0,0.5454785
1494.0,1494.0,0.5670063
1495.0,1495.0,0.68108445
1496.0,1496.0,0.59621954
1497.0,1497.0,0.4309221
1498.0,1498.0,0.44065154
1499.0,1499.0,0.6655953
1500.0,1500.0,0.40011847
1501.0,1501.0,0.82522666
1502.0,1502.0,0.42102474
1503.0,1503.0,0.562727
1504.0,1504.0,0.6572646
1505.0,1505.0,0.5248526
1506.0,1506.0,0.68389666
1507.0,1507.0,0.6663259
1508.0,1508.0,0.657512
1509.0,1509.0,0.66802853
1510.0,1510.0,0.53962225
1511.0,1511.0,0.39813673
1512.0,1512.0,0.7628349
1513.0,1513.0,0.6794665
1514.0,1514.0,0.5572429
1515.0,1515.0,0.8073118
1516.0,1516.0,0.45636034
1517.0,1517.0,0.5486937
1518.0,1518.0,0.55094445
1519.0,1519.0,0.62826234
1520.0,1520.0,0.40710625
1521.0,1521.0,0.6242412
1522.0,1522.0,0.72483283
1523.0,1523.0,0.41492033
1524.0,1524.0,0.53078425
1525.0,1525.0,0.4893311
1526.0,1526.0,0.7750094
1527.0,1527.0,0.69079787
1528.0,1528.0,0.53399557
1529.0,1529.0,0.68528503
1530.0,1530.0,0.423304
1531.0,1531.0,0.7573286
1532.0,1532.0,0.34828028
1533.0,1533.0,0.44338354
1534.0,1534.0,0.45914757
1535.0,1535.0,0.6357116
1536.0,1536.0,0.4081671
1537.0,1537.0,0.40766525
1538.0,1538.0,0.65882826
1539.0,1539.0,0.4642166
1540.0,1540.0,0.58556575
1541.0,1541.0,0.6779607
1542.0,1542.0,0.825831
1543.0,1543.0,0.6415788
1544.0,1544.0,0.5455985
1545.0,1545.0,0.74495476
1546.0,1546.0,0.44571072
1547.0,1547.0,0.43074226
1548.0,1548.0,0.6691098
1549.0,1549.0,0.7880981
1550.0,1550.0,0.8198129
1551.0,1551.0,0.84290016
1552.0,1552.0,0.39597857
1553.0,1553.0,0.5466851
1554.0,1554.0,0.43788028
1555.0,1555.0,0.67837644
1556.0,1556.0,0.41158888
1557.0,1557.0,0.54858375
1558.0,1558.0,0.61139613
1559.0,1559.0,0.55385
1560.0,1560.0,0.39247456
1561.0,1561.0,0.5011734
1562.0,1562.0,0.7073142
1563.0,1563.0,0.7506805
1564.0,1564.0,0.4441651
1565.0,1565.0,0.61112595
1566.0,1566.0,0.33528596
1567.0,1567.0,0.5607471
1568.0,1568.0,0.43992504
1569.0,1569.0,0.5382255
1570.0,1570.0,0.40392438
1571.0,1571.0,0.5712314
1572.0,1572.0,0.40567857
1573.0,1573.0,0.5398267
1574.0,1574.0,0.4105319
1575.0,1575.0,0.41772327
1576.0,1576.0,0.40831938
1577.0,1577.0,0.58323896
1578.0,1578.0,0.4352243
1579.0,1579.0,0.3714273
1580.0,1580.0,0.48760846
1581.0,1581.0,0.41884193
1582.0,1582.0,0.4118771
1583.0,1583.0,0.66542476
1584.0,1584.0,0.64026165
1585.0,1585.0,0.4853135
1586.0,1586.0,0.6743943
1587.0,1587.0,0.7271422
1588.0,1588.0,0.6282617
1589.0,1589.0,0.41077211
1590.0,1590.0,0.67253387
1591.0,1591.0,0.69593215
1592.0,1592.0,0.6886489
1593.0,1593.0,0.6304334
1594.0,1594.0,0.6057818
1595.0,1595.0,0.5105304
1596.0,1596.0,0.6164348
1597.0,1597.0,0.68029875
1598.0,1598.0,0.40831798
1599.0,1599.0,0.68045896
1600.0,1600.0,0.63234115
1601.0,1601.0,0.48309508
1602.0,1602.0,0.67461544
1603.0,1603.0,0.4474765
1604.0,1604.0,0.4226949
1605.0,1605.0,0.47661254
1606.0,1606.0,0.56284136
1607.0,1607.0,0.4191793
1608.0,1608.0,0.44085106
1609.0,1609.0,0.4180439
1610.0,1610.0,0.61139303
1611.0,1611.0,0.59307575
1612.0,1612.0,0.6573012
1613.0,1613.0,0.62773913
1614.0,1614.0,0.5971377
1615.0,1615.0,0.46101055
1616.0,1616.0,0.6460571
1617.0,1617.0,0.4639436
1618.0,1618.0,0.45755965
1619.0,1619.0,0.54103
1620.0,1620.0,0.40497833
1621.0,1621.0,0.71766436
1622.0,1622.0,0.57111466
1623.0,1623.0,0.67729783
1624.0,1624.0,0.60817796
1625.0,1625.0,0.43835366
1626.0,1626.0,0.49064597
1627.0,1627.0,0.54433584
1628.0,1628.0,0.4336613
1629.0,1629.0,0.71281636
1630.0,1630.0,0.45465657
1631.0,1631.0,0.6625577
1632.0,1632.0,0.41905195
1633.0,1633.0,0.45243725
1634.0,1634.0,0.5494499
1635.0,1635.0,0.34654912
1636.0,1636.0,0.49387273
1637.0,1637.0,0.60179776
1638.0,1638.0,0.5574652
1639.0,1639.0,0.5823271
1640.0,1640.0,0.48963645
1641.0,1641.0,0.4455404
1642.0,1642.0,0.8743757
1643.0,1643.0,0.785854
1644.0,1644.0,0.50526637
1645.0,1645.0,0.6380365
1646.0,1646.0,0.57905066
1647.0,1647.0,0.63005215
1648.0,1648.0,0.41083765
1649.0,1649.0,0.46643427
1650.0,1650.0,0.7619869
1651.0,1651.0,0.5859391
1652.0,1652.0,0.40684432
1653.0,1653.0,0.5696787
1654.0,1654.0,0.68872833
1655.0,1655.0,0.48275524
1656.0,1656.0,0.5654052
1657.0,1657.0,0.40881786
1658.0,1658.0,0.56069154
1659.0,1659.0,0.42398646
1660.0,1660.0,0.5993454
1661.0,1661.0,0.647653
1662.0,1662.0,0.6433054
1663.0,1663.0,0.58891356
1664.0,1664.0,0.4103136
1665.0,1665.0,0.742822
1666.0,1666.0,0.52604383
1667.0,1667.0,0.57790995
1668.0,1668.0,0.5700316
1669.0,1669.0,0.6370906
1670.0,1670.0,0.4364797
1671.0,1671.0,0.6350998
1672.0,1672.0,0.5641158
1673.0,1673.0,0.6631526
1674.0,1674.0,0.67619145
1675.0,1675.0,0.40718228
1676.0,1676.0,0.719736
1677.0,1677.0,0.7346663
1678.0,1678.0,0.50270516
1679.0,1679.0,0.575628
1680.0,1680.0,0.4196498
1681.0,1681.0,0.44274935
1682.0,1682.0,0.63170576
1683.0,1683.0,0.63216984
1684.0,1684.0,0.39884537
1685.0,1685.0,0.55687964
1686.0,1686.0,0.4175155
1687.0,1687.0,0.44329345
1688.0,1688.0,0.64566135
1689.0,1689.0,0.46051705
1690.0,1690.0,0.44171104
1691.0,1691.0,0.5820425
1692.0,1692.0,0.69744474
1693.0,1693.0,0.40429834
1694.0,1694.0,0.4514897
1695.0,1695.0,0.44031438
1696.0,1696.0,0.5944376
1697.0,1697.0,0.40838468
1698.0,1698.0,0.5471207
1699.0,1699.0,0.51166546
1700.0,1700.0,0.5691996
1701.0,1701.0,0.8767328
1702.0,1702.0,0.64038974
1703.0,1703.0,0.6906277
1704.0,1704.0,0.47593305
1705.0,1705.0,0.65597653
1706.0,1706.0,0.59118986
1707.0,1707.0,0.40090007
1708.0,1708.0,0.55229187
1709.0,1709.0,0.46410424
1710.0,1710.0,0.49621722
1711.0,1711.0,0.657756
1712.0,1712.0,0.666672
1713.0,1713.0,0.81424224
1714.0,1714.0,0.57252496
1715.0,1715.0,0.43752134
1716.0,1716.0,0.5683433
1717.0,1717.0,0.40777415
1718.0,1718.0,0.44188538
1719.0,1719.0,0.55195653
1720.0,1720.0,0.61923146
1721.0,1721.0,0.5935217
1722.0,1722.0,0.652852
1723.0,1723.0,0.5026893
1724.0,1724.0,0.56376475
1725.0,1725.0,0.8228327
1726.0,1726.0,0.42554566
1727.0,1727.0,0.54342777
1728.0,1728.0,0.6834089
1729.0,1729.0,0.5888745
1730.0,1730.0,0.59758615
1731.0,1731.0,0.4307198
1732.0,1732.0,0.40729088
1733.0,1733.0,0.4537046
1734.0,1734.0,0.5455105
1735.0,1735.0,0.7367149
1736.0,1736.0,0.45690688
1737.0,1737.0,0.44979772
1738.0,1738.0,0.5642361
1739.0,1739.0,0.40724742
1740.0,1740.0,0.45314014
1741.0,1741.0,0.72715497
1742.0,1742.0,0.42441946
1743.0,1743.0,0.40902346
1744.0,1744.0,0.67993677
1745.0,1745.0,0.6146108
1746.0,1746.0,0.4175155
1747.0,1747.0,0.68655986
1748.0,1748.0,0.39802697
1749.0,1749.0,0.87585163
1750.0,1750.0,0.4856176
1751.0,1751.0,0.34054354
1752.0,1752.0,0.4076343
1753.0,1753.0,0.5457384
1754.0,1754.0,0.5608583
1755.0,1755.0,0.4086268
1756.0,1756.0,0.5473554
1757.0,1757.0,0.47370446
1758.0,1758.0,0.5586937
1759.0,1759.0,0.55088127
1760.0,1760.0,0.72244126
1761.0,1761.0,0.68950367
1762.0,1762.0,0.5536092
1763.0,1763.0,0.81738174
1764.0,1764.0,0.64738965
1765.0,1765.0,0.53661597
1766.0,1766.0,0.68511164
1767.0,1767.0,0.58948916
1768.0,1768.0,0.6504958
1769.0,1769.0,0.542611
1770.0,1770.0,0.58197135
1771.0,1771.0,0.44274917
1772.0,1772.0,0.53874
1773.0,1773.0,0.42809615
1774.0,1774.0,0.41596857
1775.0,1775.0,0.5610497
1776.0,1776.0,0.43125942
1777.0,1777.0,0.4019514
1778.0,1778.0,0.44554043
1779.0,1779.0,0.76696175
1780.0,1780.0,0.7394086
1781.0,1781.0,0.5968368
1782.0,1782.0,0.45231542
1783.0,1783.0,0.60791683
1784.0,1784.0,0.53055197
1785.0,1785.0,0.54980046
1786.0,1786.0,0.4759289
1787.0,1787.0,0.4994916
1788.0,1788.0,0.34162104
1789.0,1789.0,0.44405112
1790.0,1790.0,0.77585775
1791.0,1791.0,0.4415013
1792.0,1792.0,0.4853135
1793.0,1793.0,0.6023144
1794.0,1794.0,0.77179325
1795.0,1795.0,0.53469414
1796.0,1796.0,0.4191625
1797.0,1797.0,0.4109032
1798.0,1798.0,0.44354805
1799.0,1799.0,0.74986
1800.0,1800.0,0.6809128
1801.0,1801.0,0.45527053
1802.0,1802.0,0.6048665
1803.0,1803.0,0.674315
1804.0,1804.0,0.40682834
1805.0,1805.0,0.44407633
1806.0,1806.0,0.39983448
1807.0,1807.0,0.6923176
1808.0,1808.0,0.6945077
1809.0,1809.0,0.41398308
1810.0,1810.0,0.5240194
1811.0,1811.0,0.4309221
1812.0,1812.0,0.5904437
1813.0,1813.0,0.73221284
1814.0,1814.0,0.43078724
1815.0,1815.0,0.5429639
1816.0,1816.0,0.54726213
1817.0,1817.0,0.66784453
1818.0,1818.0,0.65866816
1819.0,1819.0,0.40326685
1820.0,1820.0,0.65891665
1821.0,1821.0,0.5722214
1822.0,1822.0,0.61652476
1823.0,1823.0,0.40926528
1824.0,1824.0,0.5700161
1825.0,1825.0,0.6418626
1826.0,1826.0,0.55733055
1827.0,1827.0,0.5511153
1828.0,1828.0,0.4309446
1829.0,1829.0,0.5819532
1830.0,1830.0,0.8907084
1831.0,1831.0,0.5940356
1832.0,1832.0,0.6311806
1833.0,1833.0,0.7849533
1834.0,1834.0,0.5722148
1835.0,1835.0,0.4481397
1836.0,1836.0,0.66028637
1837.0,1837.0,0.53746945
1838.0,1838.0,0.38544565
1839.0,1839.0,0.37831444
1840.0,1840.0,0.48664826
1841.0,1841.0,0.4251377
1842.0,1842.0,0.4537046
1843.0,1843.0,0.64849293
1844.0,1844.0,0.4044908
1845.0,1845.0,0.4233039
1846.0,1846.0,0.39610866
1847.0,1847.0,0.66363263
1848.0,1848.0,0.40720397
1849.0,1849.0,0.41305283
1850.0,1850.0,0.6783667
1851.0,1851.0,0.55746365
1852.0,1852.0,0.8862618
1853.0,1853.0,0.41596857
1854.0,1854.0,0.4587751
1855.0,1855.0,0.71012986
1856.0,1856.0,0.64465165
1857.0,1857.0,0.446729
1858.0,1858.0,0.40759513
1859.0,1859.0,0.4316106
1860.0,1860.0,0.44535097
1861.0,1861.0,0.5699272
1862.0,1862.0,0.41884193
1863.0,1863.0,0.47105765
1864.0,1864.0,0.5451267
1865.0,1865.0,0.68227136
1866.0,1866.0,0.56721294
1867.0,1867.0,0.5151469
1868.0,1868.0,0.41389918
1869.0,1869.0,0.5324112
1870.0,1870.0,0.40726915
1871.0,1871.0,0.5800715
1872.0,1872.0,0.64175564
1873.0,1873.0,0.73217183
1874.0,1874.0,0.62779003
1875.0,1875.0,0.6394102
1876.0,1876.0,0.577824
1877.0,1877.0,0.55135053
1878.0,1878.0,0.5728801
1879.0,1879.0,0.6357607
1880.0,1880.0,0.74136406
1881.0,1881.0,0.5774882
1882.0,1882.0,0.5374916
1883.0,1883.0,0.65237975
1884.0,1884.0,0.51032114
1885.0,1885.0,0.63217646
1886.0,1886.0,0.44053534
1887.0,1887.0,0.66624725
1888.0,1888.0,0.68300766
1889.0,1889.0,0.63076127
1890.0,1890.0,0.59207666
1891.0,1891.0,0.5500999
1892.0,1892.0,0.46499792
1893.0,1893.0,0.55340385
1894.0,1894.0,0.6823474
1895.0,1895.0,0.73173726
1896.0,1896.0,0.4733806
1897.0,1897.0,0.7406478
1898.0,1898.0,0.41139734
1899.0,1899.0,0.6417623
1900.0,1900.0,0.41072842
1901.0,1901.0,0.59322286
1902.0,1902.0,0.6432581
1903.0,1903.0,0.40799305
1904.0,1904.0,0.41581362
1905.0,1905.0,0.4319332
1906.0,1906.0,0.39130548
1907.0,1907.0,0.5962937
1908.0,1908.0,0.42303333
1909.0,1909.0,0.8363399
1910.0,1910.0,0.57424414
1911.0,1911.0,0.41072842
1912.0,1912.0,0.44187486
1913.0,1913.0,0.3997608
1914.0,1914.0,0.62805015
1915.0,1915.0,0.42222142
1916.0,1916.0,0.507678
1917.0,1917.0,0.42368197
1918.0,1918.0,0.4636455
1919.0,1919.0,0.47388205
1920.0,1920.0,0.41064107
1921.0,1921.0,0.43526182
1922.0,1922.0,0.44371143
1923.0,1923.0,0.6434244
1924.0,1924.0,0.40993497
1925.0,1925.0,0.5305077
1926.0,1926.0,0.398676
1927.0,1927.0,0.64018345
1928.0,1928.0,0.7342185
1929.0,1929.0,0.53875816
1930.0,1930.0,0.46045485
1931.0,1931.0,0.42405096
1932.0,1932.0,0.32549828
1933.0,1933.0,0.5033264
1934.0,1934.0,0.7452529
1935.0,1935.0,0.49509895
1936.0,1936.0,0.7594992
1937.0,1937.0,0.41002992
1938.0,1938.0,0.4047536
1939.0,1939.0,0.82267386
1940.0,1940.0,0.73477507
1941.0,1941.0,0.55412847
1942.0,1942.0,0.7496063
1943.0,1943.0,0.7350024
1944.0,1944.0,0.54987055
1945.0,1945.0,0.78892326
1946.0,1946.0,0.6924959
1947.0,1947.0,0.40797132
1948.0,1948.0,0.5523246
1949.0,1949.0,0.44188538
1950.0,1950.0,0.4853135
1951.0,1951.0,0.42596462
1952.0,1952.0,0.69424
1953.0,1953.0,0.6298712
1954.0,1954.0,0.6638477
1955.0,1955.0,0.8155227
1956.0,1956.0,0.7360277
1957.0,1957.0,0.659457
1958.0,1958.0,0.6498557
1959.0,1959.0,0.49089366
1960.0,1960.0,0.51035696
1961.0,1961.0,0.4497446
1962.0,1962.0,0.41395327
1963.0,1963.0,0.60235053
1964.0,1964.0,0.49304938
1965.0,1965.0,0.42611477
1966.0,1966.0,0.5615607
1967.0,1967.0,0.41339916
1968.0,1968.0,0.62906647
1969.0,1969.0,0.40364993
1970.0,1970.0,0.63344324
1971.0,1971.0,0.8116062
1972.0,1972.0,0.7836329
1973.0,1973.0,0.63524127
1974.0,1974.0,0.40154502
1975.0,1975.0,0.55953264
1976.0,1976.0,0.4378227
1977.0,1977.0,0.4556691
1978.0,1978.0,0.44188538
1979.0,1979.0,0.48387724
1980.0,1980.0,0.46026823
1981.0,1981.0,0.40814534
1982.0,1982.0,0.60346484
1983.0,1983.0,0.4420947
1984.0,1984.0,0.5322833
