x,y,species cloglog values
1.0,1.0,0.4353038
2.0,2.0,0.51558864
3.0,3.0,0.5236657
4.0,4.0,0.47775987
5.0,5.0,0.5845332
6.0,6.0,0.47970003
7.0,7.0,0.60818964
8.0,8.0,0.487885
9.0,9.0,0.6372657
10.0,10.0,0.5288105
11.0,11.0,0.52487695
12.0,12.0,0.66182166
13.0,13.0,0.5152408
14.0,14.0,0.58912045
15.0,15.0,0.44082716
16.0,16.0,0.7001101
17.0,17.0,0.66486347
18.0,18.0,0.5050737
19.0,19.0,0.5003542
20.0,20.0,0.5162995
21.0,21.0,0.5342047
22.0,22.0,0.39181885
23.0,23.0,0.60989064
24.0,24.0,0.48011556
25.0,25.0,0.5342572
26.0,26.0,0.74746966
27.0,27.0,0.740168
28.0,28.0,0.53897923
29.0,29.0,0.45406312
30.0,30.0,0.6837201
31.0,31.0,0.6940653
32.0,32.0,0.5072042
33.0,33.0,0.5212323
34.0,34.0,0.5678636
35.0,35.0,0.6597804
36.0,36.0,0.70966357
37.0,37.0,0.46372876
38.0,38.0,0.6486196
39.0,39.0,0.60772794
40.0,40.0,0.55686444
41.0,41.0,0.54224914
42.0,42.0,0.5223533
43.0,43.0,0.61733484
44.0,44.0,0.50679123
45.0,45.0,0.5155625
46.0,46.0,0.675033
47.0,47.0,0.44031513
48.0,48.0,0.67134565
49.0,49.0,0.5066174
50.0,50.0,0.48145992
51.0,51.0,0.57225806
52.0,52.0,0.5257254
53.0,53.0,0.615989
54.0,54.0,0.62074476
55.0,55.0,0.60282373
56.0,56.0,0.6290707
57.0,57.0,0.69307613
58.0,58.0,0.58485126
59.0,59.0,0.5542114
60.0,60.0,0.7499149
61.0,61.0,0.66654485
62.0,62.0,0.5051356
63.0,63.0,0.8075625
64.0,64.0,0.6590119
65.0,65.0,0.6731992
66.0,66.0,0.6602445
67.0,67.0,0.50535536
68.0,68.0,0.5597581
69.0,69.0,0.6791954
70.0,70.0,0.5098093
71.0,71.0,0.43674737
72.0,72.0,0.6425393
73.0,73.0,0.45209065
74.0,74.0,0.65091795
75.0,75.0,0.8726191
76.0,76.0,0.49292552
77.0,77.0,0.42681357
78.0,78.0,0.54146
79.0,79.0,0.5700612
80.0,80.0,0.52876
81.0,81.0,0.6284495
82.0,82.0,0.48479018
83.0,83.0,0.6136654
84.0,84.0,0.502226
85.0,85.0,0.39995232
86.0,86.0,0.5731017
87.0,87.0,0.63472694
88.0,88.0,0.5464779
89.0,89.0,0.6556679
90.0,90.0,0.49008828
91.0,91.0,0.6332044
92.0,92.0,0.61376387
93.0,93.0,0.5547269
94.0,94.0,0.6453847
95.0,95.0,0.43584743
96.0,96.0,0.5924372
97.0,97.0,0.48604673
98.0,98.0,0.82588315
99.0,99.0,0.7226866
100.0,100.0,0.66808116
101.0,101.0,0.69520766
102.0,102.0,0.67143506
103.0,103.0,0.46382815
104.0,104.0,0.46988454
105.0,105.0,0.50332063
106.0,106.0,0.5376481
107.0,107.0,0.5390423
108.0,108.0,0.61656785
109.0,109.0,0.43430227
110.0,110.0,0.46097672
111.0,111.0,0.6148124
112.0,112.0,0.47523722
113.0,113.0,0.47047618
114.0,114.0,0.60603166
115.0,115.0,0.5067767
116.0,116.0,0.5142208
117.0,117.0,0.6989066
118.0,118.0,0.721022
119.0,119.0,0.7945876
120.0,120.0,0.5482826
121.0,121.0,0.49865624
122.0,122.0,0.70980036
123.0,123.0,0.60177535
124.0,124.0,0.8690833
125.0,125.0,0.5084418
126.0,126.0,0.6175163
127.0,127.0,0.59259903
128.0,128.0,0.46347293
129.0,129.0,0.59039783
130.0,130.0,0.48438936
131.0,131.0,0.62375623
132.0,132.0,0.6420157
133.0,133.0,0.622245
134.0,134.0,0.48680475
135.0,135.0,0.6147015
136.0,136.0,0.5152696
137.0,137.0,0.507195
138.0,138.0,0.60480994
139.0,139.0,0.5893368
140.0,140.0,0.46371156
141.0,141.0,0.51798767
142.0,142.0,0.6167339
143.0,143.0,0.48625246
144.0,144.0,0.5940284
145.0,145.0,0.48415077
146.0,146.0,0.45636228
147.0,147.0,0.5663753
148.0,148.0,0.5658913
149.0,149.0,0.6112724
150.0,150.0,0.86329526
151.0,151.0,0.5032445
152.0,152.0,0.5257671
153.0,153.0,0.585964
154.0,154.0,0.6012772
155.0,155.0,0.46034884
156.0,156.0,0.5365766
157.0,157.0,0.57257193
158.0,158.0,0.73131907
159.0,159.0,0.6988279
160.0,160.0,0.51141053
161.0,161.0,0.59397376
162.0,162.0,0.56297994
163.0,163.0,0.73922074
164.0,164.0,0.4740184
165.0,165.0,0.6499176
166.0,166.0,0.5375157
167.0,167.0,0.60424906
168.0,168.0,0.7441729
169.0,169.0,0.61379075
170.0,170.0,0.74096316
171.0,171.0,0.72977847
172.0,172.0,0.48372796
173.0,173.0,0.5122653
174.0,174.0,0.5737448
175.0,175.0,0.64280546
176.0,176.0,0.6396327
177.0,177.0,0.6302757
178.0,178.0,0.46297327
179.0,179.0,0.64169997
180.0,180.0,0.5857873
181.0,181.0,0.5910251
182.0,182.0,0.74974686
183.0,183.0,0.50797486
184.0,184.0,0.5220026
185.0,185.0,0.53787833
186.0,186.0,0.50913167
187.0,187.0,0.59033734
188.0,188.0,0.61206955
189.0,189.0,0.6925009
190.0,190.0,0.656431
191.0,191.0,0.60022795
192.0,192.0,0.5639333
193.0,193.0,0.6120691
194.0,194.0,0.5960557
195.0,195.0,0.5705238
196.0,196.0,0.4748904
197.0,197.0,0.43653727
198.0,198.0,0.5446373
199.0,199.0,0.4341216
200.0,200.0,0.531807
201.0,201.0,0.70644104
202.0,202.0,0.48528162
203.0,203.0,0.49154416
204.0,204.0,0.4873838
205.0,205.0,0.6344006
206.0,206.0,0.5144375
207.0,207.0,0.63790405
208.0,208.0,0.6007025
209.0,209.0,0.5268171
210.0,210.0,0.60031605
211.0,211.0,0.45510086
212.0,212.0,0.7508548
213.0,213.0,0.4491302
214.0,214.0,0.520162
215.0,215.0,0.56707966
216.0,216.0,0.67364836
217.0,217.0,0.55997103
218.0,218.0,0.55506516
219.0,219.0,0.45320305
220.0,220.0,0.62788296
221.0,221.0,0.42599848
222.0,222.0,0.47901118
223.0,223.0,0.69516605
224.0,224.0,0.6522054
225.0,225.0,0.5382033
226.0,226.0,0.6426115
227.0,227.0,0.5358276
228.0,228.0,0.62265605
229.0,229.0,0.61809635
230.0,230.0,0.6823002
231.0,231.0,0.66932833
232.0,232.0,0.68832076
233.0,233.0,0.6858075
234.0,234.0,0.4554778
235.0,235.0,0.4529626
236.0,236.0,0.532888
237.0,237.0,0.66666085
238.0,238.0,0.6907975
239.0,239.0,0.49967274
240.0,240.0,0.43031254
241.0,241.0,0.5077399
242.0,242.0,0.7883258
243.0,243.0,0.6591367
244.0,244.0,0.58156705
245.0,245.0,0.6098951
246.0,246.0,0.61949885
247.0,247.0,0.74356806
248.0,248.0,0.53083247
249.0,249.0,0.5950118
250.0,250.0,0.4839946
251.0,251.0,0.6084626
252.0,252.0,0.5237455
253.0,253.0,0.6698334
254.0,254.0,0.6257838
255.0,255.0,0.594761
256.0,256.0,0.6160124
257.0,257.0,0.38926452
258.0,258.0,0.71237385
259.0,259.0,0.53411967
260.0,260.0,0.45238253
261.0,261.0,0.4338829
262.0,262.0,0.62357426
263.0,263.0,0.66101223
264.0,264.0,0.4965718
265.0,265.0,0.64343786
266.0,266.0,0.51569784
267.0,267.0,0.5891455
268.0,268.0,0.37480974
269.0,269.0,0.47436363
270.0,270.0,0.57582414
271.0,271.0,0.5555017
272.0,272.0,0.6013474
273.0,273.0,0.6084302
274.0,274.0,0.61799276
275.0,275.0,0.5635911
276.0,276.0,0.5253346
277.0,277.0,0.58822674
278.0,278.0,0.5173867
279.0,279.0,0.37380615
280.0,280.0,0.5280178
281.0,281.0,0.5013941
282.0,282.0,0.67746353
283.0,283.0,0.64083976
284.0,284.0,0.45750552
285.0,285.0,0.7581419
286.0,286.0,0.61185634
287.0,287.0,0.6129388
288.0,288.0,0.56000036
289.0,289.0,0.5083472
290.0,290.0,0.5033811
291.0,291.0,0.5507288
292.0,292.0,0.58838403
293.0,293.0,0.53503436
294.0,294.0,0.7216004
295.0,295.0,0.49665052
296.0,296.0,0.58806044
297.0,297.0,0.4800004
298.0,298.0,0.47253105
299.0,299.0,0.5635611
300.0,300.0,0.5698055
301.0,301.0,0.6783379
302.0,302.0,0.50738347
303.0,303.0,0.5274724
304.0,304.0,0.63962585
305.0,305.0,0.6874684
306.0,306.0,0.73867303
307.0,307.0,0.5609403
308.0,308.0,0.46644586
309.0,309.0,0.62509423
310.0,310.0,0.5381145
311.0,311.0,0.62059975
312.0,312.0,0.46517774
313.0,313.0,0.65309435
314.0,314.0,0.42196602
315.0,315.0,0.6207775
316.0,316.0,0.39900345
317.0,317.0,0.48705992
318.0,318.0,0.4910234
319.0,319.0,0.63209236
320.0,320.0,0.48595625
321.0,321.0,0.60426635
322.0,322.0,0.4740759
323.0,323.0,0.6285091
324.0,324.0,0.5255751
325.0,325.0,0.51472807
326.0,326.0,0.79772466
327.0,327.0,0.556945
328.0,328.0,0.73533756
329.0,329.0,0.7299567
330.0,330.0,0.51579505
331.0,331.0,0.4214484
332.0,332.0,0.53401357
333.0,333.0,0.44933885
334.0,334.0,0.67697734
335.0,335.0,0.55476964
336.0,336.0,0.37239873
337.0,337.0,0.80625427
338.0,338.0,0.6360639
339.0,339.0,0.58983976
340.0,340.0,0.7141803
341.0,341.0,0.58578366
342.0,342.0,0.61924356
343.0,343.0,0.55100244
344.0,344.0,0.7620765
345.0,345.0,0.4975556
346.0,346.0,0.6558585
347.0,347.0,0.628949
348.0,348.0,0.52449906
349.0,349.0,0.69821686
350.0,350.0,0.67041934
351.0,351.0,0.7051533
352.0,352.0,0.8372588
353.0,353.0,0.5736831
354.0,354.0,0.5697676
355.0,355.0,0.42857304
356.0,356.0,0.4975185
357.0,357.0,0.42932674
358.0,358.0,0.663659
359.0,359.0,0.6268108
360.0,360.0,0.62052435
361.0,361.0,0.51911587
362.0,362.0,0.46136087
363.0,363.0,0.4198369
364.0,364.0,0.5305102
365.0,365.0,0.5935185
366.0,366.0,0.5897872
367.0,367.0,0.43675414
368.0,368.0,0.45248514
369.0,369.0,0.512597
370.0,370.0,0.71244895
371.0,371.0,0.4802351
372.0,372.0,0.5433668
373.0,373.0,0.49854946
374.0,374.0,0.5985375
375.0,375.0,0.6116943
376.0,376.0,0.43530598
377.0,377.0,0.72143173
378.0,378.0,0.6268314
379.0,379.0,0.5585705
380.0,380.0,0.48391864
381.0,381.0,0.6676666
382.0,382.0,0.606243
383.0,383.0,0.53355634
384.0,384.0,0.43943903
385.0,385.0,0.6347268
386.0,386.0,0.6426425
387.0,387.0,0.572556
388.0,388.0,0.5305803
389.0,389.0,0.5802203
390.0,390.0,0.54952496
391.0,391.0,0.604619
392.0,392.0,0.6128111
393.0,393.0,0.71985346
394.0,394.0,0.51347256
395.0,395.0,0.44429353
396.0,396.0,0.67338663
397.0,397.0,0.677012
398.0,398.0,0.48993412
399.0,399.0,0.6359603
400.0,400.0,0.6315069
401.0,401.0,0.6105591
402.0,402.0,0.44386685
403.0,403.0,0.5528111
404.0,404.0,0.5604837
405.0,405.0,0.6948331
406.0,406.0,0.58194166
407.0,407.0,0.55420434
408.0,408.0,0.5107991
409.0,409.0,0.6186829
410.0,410.0,0.59393257
411.0,411.0,0.50658137
412.0,412.0,0.6741278
413.0,413.0,0.5886022
414.0,414.0,0.604713
415.0,415.0,0.4988383
416.0,416.0,0.62882614
417.0,417.0,0.60416275
418.0,418.0,0.8297557
419.0,419.0,0.6258068
420.0,420.0,0.57633865
421.0,421.0,0.4875137
422.0,422.0,0.6248211
423.0,423.0,0.5176846
424.0,424.0,0.54447025
425.0,425.0,0.72407943
426.0,426.0,0.7364465
427.0,427.0,0.6673969
428.0,428.0,0.6451064
429.0,429.0,0.7698446
430.0,430.0,0.72767854
431.0,431.0,0.4425699
432.0,432.0,0.6263564
433.0,433.0,0.6444873
434.0,434.0,0.49553543
435.0,435.0,0.6240708
436.0,436.0,0.38625386
437.0,437.0,0.57164365
438.0,438.0,0.6241589
439.0,439.0,0.69323987
440.0,440.0,0.5334423
441.0,441.0,0.6521937
442.0,442.0,0.6026308
443.0,443.0,0.51532495
444.0,444.0,0.65370375
445.0,445.0,0.6955852
446.0,446.0,0.6127929
447.0,447.0,0.43587783
448.0,448.0,0.6759876
449.0,449.0,0.60251963
450.0,450.0,0.64966863
451.0,451.0,0.71008825
452.0,452.0,0.50881255
453.0,453.0,0.4577183
454.0,454.0,0.4940856
455.0,455.0,0.64195704
456.0,456.0,0.696537
457.0,457.0,0.6552438
458.0,458.0,0.40609992
459.0,459.0,0.72391456
460.0,460.0,0.5844587
461.0,461.0,0.7113599
462.0,462.0,0.62572306
463.0,463.0,0.5859536
464.0,464.0,0.44407493
465.0,465.0,0.400797
466.0,466.0,0.7357176
467.0,467.0,0.49501768
468.0,468.0,0.5617069
469.0,469.0,0.6837561
470.0,470.0,0.48634622
471.0,471.0,0.57220465
472.0,472.0,0.4599201
473.0,473.0,0.6533488
474.0,474.0,0.52293056
475.0,475.0,0.7025211
476.0,476.0,0.6203169
477.0,477.0,0.5403838
478.0,478.0,0.64740026
479.0,479.0,0.68341976
480.0,480.0,0.6182914
481.0,481.0,0.5652184
482.0,482.0,0.9666028
483.0,483.0,0.55356705
484.0,484.0,0.64995265
485.0,485.0,0.6480191
486.0,486.0,0.78516394
487.0,487.0,0.5367781
488.0,488.0,0.70878804
489.0,489.0,0.48308963
490.0,490.0,0.6346826
491.0,491.0,0.564909
492.0,492.0,0.7730741
493.0,493.0,0.49183103
494.0,494.0,0.5509104
495.0,495.0,0.58153635
496.0,496.0,0.5263381
497.0,497.0,0.73177916
498.0,498.0,0.5823334
499.0,499.0,0.5933914
500.0,500.0,0.5257643
501.0,501.0,0.9487364
502.0,502.0,0.8274948
503.0,503.0,0.86078674
504.0,504.0,0.52460676
505.0,505.0,0.64769
506.0,506.0,0.4493385
507.0,507.0,0.4956398
508.0,508.0,0.65204084
509.0,509.0,0.4879336
510.0,510.0,0.5180466
511.0,511.0,0.58222765
512.0,512.0,0.61341643
513.0,513.0,0.58631706
514.0,514.0,0.5649756
515.0,515.0,0.67549974
516.0,516.0,0.59305614
517.0,517.0,0.43430197
518.0,518.0,0.50556076
519.0,519.0,0.5026179
520.0,520.0,0.69973546
521.0,521.0,0.6060145
522.0,522.0,0.5859683
523.0,523.0,0.74787647
524.0,524.0,0.59878695
525.0,525.0,0.64809287
526.0,526.0,0.47729388
527.0,527.0,0.47009706
528.0,528.0,0.66366893
529.0,529.0,0.61354107
530.0,530.0,0.5516395
531.0,531.0,0.6497165
532.0,532.0,0.68812966
533.0,533.0,0.43922722
534.0,534.0,0.7494124
535.0,535.0,0.53470355
536.0,536.0,0.69947696
537.0,537.0,0.77318615
538.0,538.0,0.68608636
539.0,539.0,0.59082884
540.0,540.0,0.507529
541.0,541.0,0.6989076
542.0,542.0,0.5981973
543.0,543.0,0.74109447
544.0,544.0,0.59773326
545.0,545.0,0.7741614
546.0,546.0,0.67614114
547.0,547.0,0.6644174
548.0,548.0,0.6947355
549.0,549.0,0.79151946
550.0,550.0,0.43283942
551.0,551.0,0.67193794
552.0,552.0,0.541885
553.0,553.0,0.66752696
554.0,554.0,0.6551694
555.0,555.0,0.5489895
556.0,556.0,0.69228494
557.0,557.0,0.6642652
558.0,558.0,0.46113536
559.0,559.0,0.50750744
560.0,560.0,0.68676716
561.0,561.0,0.5951981
562.0,562.0,0.54901254
563.0,563.0,0.42949662
564.0,564.0,0.73128736
565.0,565.0,0.53051084
566.0,566.0,0.522801
567.0,567.0,0.42012483
568.0,568.0,0.5525238
569.0,569.0,0.71313924
570.0,570.0,0.46953323
571.0,571.0,0.5605594
572.0,572.0,0.6318511
573.0,573.0,0.8023419
574.0,574.0,0.57835674
575.0,575.0,0.5294154
576.0,576.0,0.5159812
577.0,577.0,0.49398232
578.0,578.0,0.6969499
579.0,579.0,0.42532718
580.0,580.0,0.55219257
581.0,581.0,0.694344
582.0,582.0,0.4886207
583.0,583.0,0.5799236
584.0,584.0,0.52082837
585.0,585.0,0.6234978
586.0,586.0,0.4765455
587.0,587.0,0.68034893
588.0,588.0,0.5525561
589.0,589.0,0.4737142
590.0,590.0,0.64916754
591.0,591.0,0.4355351
592.0,592.0,0.7217693
593.0,593.0,0.53699833
594.0,594.0,0.67697334
595.0,595.0,0.56632817
596.0,596.0,0.70594305
597.0,597.0,0.56903976
598.0,598.0,0.6189376
599.0,599.0,0.60583645
600.0,600.0,0.6099078
601.0,601.0,0.6874646
602.0,602.0,0.56519413
603.0,603.0,0.5125829
604.0,604.0,0.61269283
605.0,605.0,0.44870096
606.0,606.0,0.4565283
607.0,607.0,0.48999602
608.0,608.0,0.6931987
609.0,609.0,0.6003851
610.0,610.0,0.5003677
611.0,611.0,0.8234918
612.0,612.0,0.49202693
613.0,613.0,0.72324646
614.0,614.0,0.6196077
615.0,615.0,0.4985264
616.0,616.0,0.67402315
617.0,617.0,0.62823206
618.0,618.0,0.57813376
619.0,619.0,0.77512825
620.0,620.0,0.54412204
621.0,621.0,0.6056794
622.0,622.0,0.5812865
623.0,623.0,0.5689807
624.0,624.0,0.5649339
625.0,625.0,0.53117293
626.0,626.0,0.43662107
627.0,627.0,0.65271807
628.0,628.0,0.5975812
629.0,629.0,0.65793973
630.0,630.0,0.5549858
631.0,631.0,0.5115555
632.0,632.0,0.48364568
633.0,633.0,0.6669475
634.0,634.0,0.75711805
635.0,635.0,0.58375543
636.0,636.0,0.8817158
637.0,637.0,0.67746353
638.0,638.0,0.60429436
639.0,639.0,0.646222
640.0,640.0,0.7396553
641.0,641.0,0.71561784
642.0,642.0,0.39996552
643.0,643.0,0.7445967
644.0,644.0,0.42499155
645.0,645.0,0.48600665
646.0,646.0,0.7000912
647.0,647.0,0.73361826
648.0,648.0,0.42055717
649.0,649.0,0.4885829
650.0,650.0,0.766651
651.0,651.0,0.4171666
652.0,652.0,0.37592348
653.0,653.0,0.6823563
654.0,654.0,0.7408299
655.0,655.0,0.7137701
656.0,656.0,0.48754543
657.0,657.0,0.47531515
658.0,658.0,0.51990557
659.0,659.0,0.57273805
660.0,660.0,0.6018195
661.0,661.0,0.5533366
662.0,662.0,0.6365151
663.0,663.0,0.6508331
664.0,664.0,0.6345477
665.0,665.0,0.6474451
666.0,666.0,0.7288086
667.0,667.0,0.59380466
668.0,668.0,0.61339265
669.0,669.0,0.37880167
670.0,670.0,0.6467762
671.0,671.0,0.72529644
672.0,672.0,0.48653352
673.0,673.0,0.4942957
674.0,674.0,0.59290785
675.0,675.0,0.5256915
676.0,676.0,0.4768335
677.0,677.0,0.67304504
678.0,678.0,0.49372262
679.0,679.0,0.43339598
680.0,680.0,0.5518869
681.0,681.0,0.501676
682.0,682.0,0.7761996
683.0,683.0,0.5139685
684.0,684.0,0.8573931
685.0,685.0,0.73768765
686.0,686.0,0.65700155
687.0,687.0,0.53796774
688.0,688.0,0.47196797
689.0,689.0,0.5908847
690.0,690.0,0.8526451
691.0,691.0,0.5908847
692.0,692.0,0.5077112
693.0,693.0,0.63677377
694.0,694.0,0.7111523
695.0,695.0,0.5008408
696.0,696.0,0.5925438
697.0,697.0,0.4153493
698.0,698.0,0.75595087
699.0,699.0,0.5386567
700.0,700.0,0.6884569
701.0,701.0,0.6078383
702.0,702.0,0.756167
703.0,703.0,0.6738821
704.0,704.0,0.73289585
705.0,705.0,0.59785014
706.0,706.0,0.46975356
707.0,707.0,0.6212983
708.0,708.0,0.55514723
709.0,709.0,0.48671904
710.0,710.0,0.6272447
711.0,711.0,0.57536983
712.0,712.0,0.5289202
713.0,713.0,0.59180903
714.0,714.0,0.61976844
715.0,715.0,0.6929864
716.0,716.0,0.71751297
717.0,717.0,0.5100885
718.0,718.0,0.42726606
719.0,719.0,0.6294223
720.0,720.0,0.49779364
721.0,721.0,0.3759246
722.0,722.0,0.5431437
723.0,723.0,0.6548451
724.0,724.0,0.6206984
725.0,725.0,0.7227828
726.0,726.0,0.47317025
727.0,727.0,0.62802875
728.0,728.0,0.5491018
729.0,729.0,0.63853776
730.0,730.0,0.546332
731.0,731.0,0.72795427
732.0,732.0,0.5799605
733.0,733.0,0.59754294
734.0,734.0,0.71717453
735.0,735.0,0.5710325
736.0,736.0,0.66699976
737.0,737.0,0.46271676
738.0,738.0,0.6484073
739.0,739.0,0.70553875
740.0,740.0,0.7294248
741.0,741.0,0.60641134
742.0,742.0,0.65155286
743.0,743.0,0.58761996
744.0,744.0,0.602045
745.0,745.0,0.80365086
746.0,746.0,0.4613021
747.0,747.0,0.8241471
748.0,748.0,0.5883687
749.0,749.0,0.49787
750.0,750.0,0.46622854
751.0,751.0,0.47312307
752.0,752.0,0.56333256
753.0,753.0,0.46003583
754.0,754.0,0.6400448
755.0,755.0,0.66391957
756.0,756.0,0.6276951
757.0,757.0,0.6263107
758.0,758.0,0.46893567
759.0,759.0,0.492323
760.0,760.0,0.7075418
761.0,761.0,0.60408247
762.0,762.0,0.6035577
763.0,763.0,0.63865954
764.0,764.0,0.41521293
765.0,765.0,0.58522254
766.0,766.0,0.65497273
767.0,767.0,0.45765936
768.0,768.0,0.41845533
769.0,769.0,0.6220137
770.0,770.0,0.56321216
771.0,771.0,0.5845708
772.0,772.0,0.6275088
773.0,773.0,0.63718283
774.0,774.0,0.751683
775.0,775.0,0.48340112
776.0,776.0,0.7235099
777.0,777.0,0.51636565
778.0,778.0,0.38149744
779.0,779.0,0.65084726
780.0,780.0,0.70074534
781.0,781.0,0.59504116
782.0,782.0,0.6453765
783.0,783.0,0.6473144
784.0,784.0,0.55470115
785.0,785.0,0.51339
786.0,786.0,0.5085241
787.0,787.0,0.7032471
788.0,788.0,0.47936597
789.0,789.0,0.68183917
790.0,790.0,0.6053856
791.0,791.0,0.6237933
792.0,792.0,0.6317959
793.0,793.0,0.54947376
794.0,794.0,0.42978707
795.0,795.0,0.6454971
796.0,796.0,0.8255884
797.0,797.0,0.6816468
798.0,798.0,0.60427463
799.0,799.0,0.5583998
800.0,800.0,0.4979785
801.0,801.0,0.46166945
802.0,802.0,0.47662914
803.0,803.0,0.49466676
804.0,804.0,0.7040686
805.0,805.0,0.6153581
806.0,806.0,0.60247606
807.0,807.0,0.54168695
808.0,808.0,0.3815086
809.0,809.0,0.45294374
810.0,810.0,0.57367706
811.0,811.0,0.63963044
812.0,812.0,0.6523935
813.0,813.0,0.59574294
814.0,814.0,0.5382883
815.0,815.0,0.55443376
816.0,816.0,0.5949253
817.0,817.0,0.52896315
818.0,818.0,0.601838
819.0,819.0,0.53074396
820.0,820.0,0.56950325
821.0,821.0,0.67781955
822.0,822.0,0.59357333
823.0,823.0,0.6212242
824.0,824.0,0.7401472
825.0,825.0,0.4415366
826.0,826.0,0.47728175
827.0,827.0,0.5882761
828.0,828.0,0.5905353
829.0,829.0,0.5284011
830.0,830.0,0.64343154
831.0,831.0,0.64957505
832.0,832.0,0.65567094
833.0,833.0,0.473478
834.0,834.0,0.52391636
835.0,835.0,0.48628473
836.0,836.0,0.44610757
837.0,837.0,0.5752756
838.0,838.0,0.54668134
839.0,839.0,0.61570865
840.0,840.0,0.6270443
841.0,841.0,0.67262894
842.0,842.0,0.54233634
843.0,843.0,0.5927592
844.0,844.0,0.6289703
845.0,845.0,0.68376
846.0,846.0,0.45387697
847.0,847.0,0.5055191
848.0,848.0,0.5677069
849.0,849.0,0.6184643
850.0,850.0,0.45626825
851.0,851.0,0.7957828
852.0,852.0,0.6362856
853.0,853.0,0.5967103
854.0,854.0,0.6134495
855.0,855.0,0.5784144
856.0,856.0,0.4884259
857.0,857.0,0.67997766
858.0,858.0,0.61572784
859.0,859.0,0.7920715
860.0,860.0,0.51492727
861.0,861.0,0.41565135
862.0,862.0,0.68466157
863.0,863.0,0.5922088
864.0,864.0,0.5966365
865.0,865.0,0.6075267
866.0,866.0,0.60540026
867.0,867.0,0.74926066
868.0,868.0,0.6012768
869.0,869.0,0.4573447
870.0,870.0,0.55578876
871.0,871.0,0.65156883
872.0,872.0,0.4424719
873.0,873.0,0.60440063
874.0,874.0,0.56256753
875.0,875.0,0.5323964
876.0,876.0,0.5765129
877.0,877.0,0.5965371
878.0,878.0,0.5038544
879.0,879.0,0.71052706
880.0,880.0,0.587109
881.0,881.0,0.5539344
882.0,882.0,0.4684762
883.0,883.0,0.65826535
884.0,884.0,0.59397095
885.0,885.0,0.59971416
886.0,886.0,0.59662646
887.0,887.0,0.471195
888.0,888.0,0.4780853
889.0,889.0,0.62214094
890.0,890.0,0.4353081
891.0,891.0,0.7248967
892.0,892.0,0.455573
893.0,893.0,0.6726422
894.0,894.0,0.666065
895.0,895.0,0.5457825
896.0,896.0,0.38928175
897.0,897.0,0.50344133
898.0,898.0,0.6703693
899.0,899.0,0.63853526
900.0,900.0,0.73473245
901.0,901.0,0.47619167
902.0,902.0,0.7391923
903.0,903.0,0.78447497
904.0,904.0,0.5686799
905.0,905.0,0.6132473
906.0,906.0,0.5172358
907.0,907.0,0.72959423
908.0,908.0,0.6234075
909.0,909.0,0.5646867
910.0,910.0,0.42252088
911.0,911.0,0.62429976
912.0,912.0,0.64132524
913.0,913.0,0.46794805
914.0,914.0,0.6831668
915.0,915.0,0.6649174
916.0,916.0,0.5427138
917.0,917.0,0.7672323
918.0,918.0,0.5567098
919.0,919.0,0.840478
920.0,920.0,0.64899325
921.0,921.0,0.650662
922.0,922.0,0.7291411
923.0,923.0,0.5186858
924.0,924.0,0.60419613
925.0,925.0,0.63329685
926.0,926.0,0.62033534
927.0,927.0,0.50385565
928.0,928.0,0.5333597
929.0,929.0,0.60478663
930.0,930.0,0.5051317
931.0,931.0,0.49313387
932.0,932.0,0.66834515
933.0,933.0,0.64228857
934.0,934.0,0.5644612
935.0,935.0,0.6021205
936.0,936.0,0.59991854
937.0,937.0,0.4257404
938.0,938.0,0.52293223
939.0,939.0,0.6414595
940.0,940.0,0.5635379
941.0,941.0,0.5138801
942.0,942.0,0.5451629
943.0,943.0,0.44068006
944.0,944.0,0.6941418
945.0,945.0,0.9221458
946.0,946.0,0.6233999
947.0,947.0,0.63230073
948.0,948.0,0.677576
949.0,949.0,0.507403
950.0,950.0,0.581772
951.0,951.0,0.71157724
952.0,952.0,0.65595996
953.0,953.0,0.6259776
954.0,954.0,0.49361113
955.0,955.0,0.43923143
956.0,956.0,0.68392146
957.0,957.0,0.69786835
958.0,958.0,0.7232609
959.0,959.0,0.6903459
960.0,960.0,0.6349459
961.0,961.0,0.44572657
962.0,962.0,0.6183862
963.0,963.0,0.5988572
964.0,964.0,0.67920184
965.0,965.0,0.70275605
966.0,966.0,0.632708
967.0,967.0,0.5520484
968.0,968.0,0.6003035
969.0,969.0,0.54286665
970.0,970.0,0.6433364
971.0,971.0,0.64070666
972.0,972.0,0.58429044
973.0,973.0,0.40755886
974.0,974.0,0.4679707
975.0,975.0,0.39272994
976.0,976.0,0.51013464
977.0,977.0,0.45764104
978.0,978.0,0.4831539
979.0,979.0,0.5158188
980.0,980.0,0.6980832
981.0,981.0,0.5329549
982.0,982.0,0.7361792
983.0,983.0,0.44559538
984.0,984.0,0.6209402
985.0,985.0,0.4795007
986.0,986.0,0.63173926
987.0,987.0,0.5823402
988.0,988.0,0.5822256
989.0,989.0,0.5590557
990.0,990.0,0.5789844
991.0,991.0,0.650069
992.0,992.0,0.6893102
993.0,993.0,0.693746
994.0,994.0,0.5330824
995.0,995.0,0.7172239
996.0,996.0,0.49143928
997.0,997.0,0.5230357
998.0,998.0,0.45319763
999.0,999.0,0.6583429
1000.0,1000.0,0.4993614
1001.0,1001.0,0.55162317
1002.0,1002.0,0.7569247
1003.0,1003.0,0.39985546
1004.0,1004.0,0.59638923
1005.0,1005.0,0.5156498
1006.0,1006.0,0.7432067
1007.0,1007.0,0.6368099
1008.0,1008.0,0.5579092
1009.0,1009.0,0.7270111
1010.0,1010.0,0.5009821
1011.0,1011.0,0.6532942
1012.0,1012.0,0.49312726
1013.0,1013.0,0.5049729
1014.0,1014.0,0.6377377
1015.0,1015.0,0.5183242
1016.0,1016.0,0.56194633
1017.0,1017.0,0.47018993
1018.0,1018.0,0.6353191
1019.0,1019.0,0.5841289
1020.0,1020.0,0.5085596
1021.0,1021.0,0.42500255
1022.0,1022.0,0.53835917
1023.0,1023.0,0.44834125
1024.0,1024.0,0.70874935
1025.0,1025.0,0.6432873
1026.0,1026.0,0.6537975
1027.0,1027.0,0.68799204
1028.0,1028.0,0.4654656
1029.0,1029.0,0.7122797
1030.0,1030.0,0.5982994
1031.0,1031.0,0.64359206
1032.0,1032.0,0.7572794
1033.0,1033.0,0.63160425
1034.0,1034.0,0.5044733
1035.0,1035.0,0.5213722
1036.0,1036.0,0.5258297
1037.0,1037.0,0.49623188
1038.0,1038.0,0.5885129
1039.0,1039.0,0.54722935
1040.0,1040.0,0.6538641
1041.0,1041.0,0.7379581
1042.0,1042.0,0.45267344
1043.0,1043.0,0.3987689
1044.0,1044.0,0.6102832
1045.0,1045.0,0.50215167
1046.0,1046.0,0.592279
1047.0,1047.0,0.5290952
1048.0,1048.0,0.68203515
1049.0,1049.0,0.65802824
1050.0,1050.0,0.62340194
1051.0,1051.0,0.4288521
1052.0,1052.0,0.4283239
1053.0,1053.0,0.4532266
1054.0,1054.0,0.6326429
1055.0,1055.0,0.733451
1056.0,1056.0,0.62363636
1057.0,1057.0,0.5404304
1058.0,1058.0,0.5475349
1059.0,1059.0,0.56024754
1060.0,1060.0,0.7212494
1061.0,1061.0,0.5096686
1062.0,1062.0,0.6449052
1063.0,1063.0,0.51162505
1064.0,1064.0,0.6010284
1065.0,1065.0,0.6662274
1066.0,1066.0,0.5101057
1067.0,1067.0,0.5159505
1068.0,1068.0,0.4743937
1069.0,1069.0,0.65864706
1070.0,1070.0,0.56471217
1071.0,1071.0,0.5005986
1072.0,1072.0,0.483609
1073.0,1073.0,0.44401515
1074.0,1074.0,0.564327
1075.0,1075.0,0.5163407
1076.0,1076.0,0.6349089
1077.0,1077.0,0.649955
1078.0,1078.0,0.66408294
1079.0,1079.0,0.5788195
1080.0,1080.0,0.504797
1081.0,1081.0,0.7820527
1082.0,1082.0,0.6028827
1083.0,1083.0,0.59630126
1084.0,1084.0,0.5787118
1085.0,1085.0,0.70218587
1086.0,1086.0,0.7141332
1087.0,1087.0,0.39432797
1088.0,1088.0,0.65578645
1089.0,1089.0,0.653803
1090.0,1090.0,0.50600845
1091.0,1091.0,0.41409698
1092.0,1092.0,0.7322716
1093.0,1093.0,0.56361717
1094.0,1094.0,0.59181356
1095.0,1095.0,0.59432817
1096.0,1096.0,0.6052105
1097.0,1097.0,0.6290968
1098.0,1098.0,0.5021079
1099.0,1099.0,0.43648255
1100.0,1100.0,0.47592923
1101.0,1101.0,0.5443604
1102.0,1102.0,0.47837552
1103.0,1103.0,0.7216458
1104.0,1104.0,0.63614595
1105.0,1105.0,0.54842293
1106.0,1106.0,0.6951257
1107.0,1107.0,0.52526754
1108.0,1108.0,0.73898715
1109.0,1109.0,0.7127606
1110.0,1110.0,0.68522733
1111.0,1111.0,0.64095783
1112.0,1112.0,0.586578
1113.0,1113.0,0.47297418
1114.0,1114.0,0.5203552
1115.0,1115.0,0.6263194
1116.0,1116.0,0.49609235
1117.0,1117.0,0.64535826
1118.0,1118.0,0.68439436
1119.0,1119.0,0.73464435
1120.0,1120.0,0.750863
1121.0,1121.0,0.5939474
1122.0,1122.0,0.5143708
1123.0,1123.0,0.6120351
1124.0,1124.0,0.67256635
1125.0,1125.0,0.72151
1126.0,1126.0,0.57558835
1127.0,1127.0,0.6801074
1128.0,1128.0,0.6422227
1129.0,1129.0,0.5432624
1130.0,1130.0,0.53987867
1131.0,1131.0,0.53196234
1132.0,1132.0,0.5598746
1133.0,1133.0,0.532616
1134.0,1134.0,0.49302095
1135.0,1135.0,0.6280781
1136.0,1136.0,0.51765865
1137.0,1137.0,0.5268647
1138.0,1138.0,0.66529566
1139.0,1139.0,0.6288925
1140.0,1140.0,0.47248384
1141.0,1141.0,0.65627503
1142.0,1142.0,0.6080154
1143.0,1143.0,0.6002039
1144.0,1144.0,0.6271741
1145.0,1145.0,0.6425393
1146.0,1146.0,0.60054445
1147.0,1147.0,0.557542
1148.0,1148.0,0.55375457
1149.0,1149.0,0.6289525
1150.0,1150.0,0.6215108
1151.0,1151.0,0.641001
1152.0,1152.0,0.5662532
1153.0,1153.0,0.6185968
1154.0,1154.0,0.397231
1155.0,1155.0,0.52013594
1156.0,1156.0,0.5925618
1157.0,1157.0,0.6842393
1158.0,1158.0,0.5337441
1159.0,1159.0,0.6326495
1160.0,1160.0,0.5174937
1161.0,1161.0,0.4225211
1162.0,1162.0,0.60805494
1163.0,1163.0,0.6507933
1164.0,1164.0,0.6598504
1165.0,1165.0,0.6100623
1166.0,1166.0,0.44534236
1167.0,1167.0,0.62375623
1168.0,1168.0,0.67511004
1169.0,1169.0,0.57584655
1170.0,1170.0,0.6908289
1171.0,1171.0,0.472477
1172.0,1172.0,0.5642587
1173.0,1173.0,0.58103776
1174.0,1174.0,0.60866773
1175.0,1175.0,0.681145
1176.0,1176.0,0.62206703
1177.0,1177.0,0.7331114
1178.0,1178.0,0.57456803
1179.0,1179.0,0.43279654
1180.0,1180.0,0.6561562
1181.0,1181.0,0.6005682
1182.0,1182.0,0.55535346
1183.0,1183.0,0.60966134
1184.0,1184.0,0.63912904
1185.0,1185.0,0.49129897
1186.0,1186.0,0.670933
1187.0,1187.0,0.57206506
1188.0,1188.0,0.6707863
1189.0,1189.0,0.4523057
1190.0,1190.0,0.5082356
1191.0,1191.0,0.6163993
1192.0,1192.0,0.73613375
1193.0,1193.0,0.65955514
1194.0,1194.0,0.6871934
1195.0,1195.0,0.710783
1196.0,1196.0,0.50604206
1197.0,1197.0,0.7367025
1198.0,1198.0,0.50956357
1199.0,1199.0,0.58044904
1200.0,1200.0,0.59133995
1201.0,1201.0,0.45396757
1202.0,1202.0,0.6254932
1203.0,1203.0,0.49935514
1204.0,1204.0,0.6257517
1205.0,1205.0,0.38652807
1206.0,1206.0,0.6644356
1207.0,1207.0,0.44381064
1208.0,1208.0,0.5838213
1209.0,1209.0,0.61886764
1210.0,1210.0,0.65526253
1211.0,1211.0,0.54674417
1212.0,1212.0,0.40643603
1213.0,1213.0,0.516034
1214.0,1214.0,0.5895448
1215.0,1215.0,0.5974625
1216.0,1216.0,0.5383322
1217.0,1217.0,0.51110595
1218.0,1218.0,0.50036424
1219.0,1219.0,0.56498265
1220.0,1220.0,0.38358006
1221.0,1221.0,0.6881886
1222.0,1222.0,0.49711743
1223.0,1223.0,0.7404244
1224.0,1224.0,0.6765317
1225.0,1225.0,0.5469621
1226.0,1226.0,0.55983776
1227.0,1227.0,0.62638205
1228.0,1228.0,0.50771093
1229.0,1229.0,0.5052772
1230.0,1230.0,0.67439985
1231.0,1231.0,0.65298265
1232.0,1232.0,0.4444138
1233.0,1233.0,0.42948273
1234.0,1234.0,0.74067515
1235.0,1235.0,0.5037563
1236.0,1236.0,0.5943766
1237.0,1237.0,0.5447362
1238.0,1238.0,0.6289031
1239.0,1239.0,0.7828075
1240.0,1240.0,0.52715456
1241.0,1241.0,0.657321
1242.0,1242.0,0.6812889
1243.0,1243.0,0.4551847
1244.0,1244.0,0.7506743
1245.0,1245.0,0.7261871
1246.0,1246.0,0.5386711
1247.0,1247.0,0.4455952
1248.0,1248.0,0.7674407
1249.0,1249.0,0.5001479
1250.0,1250.0,0.61429375
1251.0,1251.0,0.44969594
1252.0,1252.0,0.6147021
1253.0,1253.0,0.4348881
1254.0,1254.0,0.5970434
1255.0,1255.0,0.61372775
1256.0,1256.0,0.7431086
1257.0,1257.0,0.41938555
1258.0,1258.0,0.5568353
1259.0,1259.0,0.77967197
1260.0,1260.0,0.65431696
1261.0,1261.0,0.7355493
1262.0,1262.0,0.43664113
1263.0,1263.0,0.47067735
1264.0,1264.0,0.82842714
1265.0,1265.0,0.6527
1266.0,1266.0,0.82386726
1267.0,1267.0,0.5275272
1268.0,1268.0,0.61098784
1269.0,1269.0,0.6889459
1270.0,1270.0,0.60133827
1271.0,1271.0,0.45550898
1272.0,1272.0,0.50223
1273.0,1273.0,0.6081233
1274.0,1274.0,0.486889
1275.0,1275.0,0.60416347
1276.0,1276.0,0.72427416
1277.0,1277.0,0.5168739
1278.0,1278.0,0.64070594
1279.0,1279.0,0.6329628
1280.0,1280.0,0.57825005
1281.0,1281.0,0.5235672
1282.0,1282.0,0.58522254
1283.0,1283.0,0.6822263
1284.0,1284.0,0.5817966
1285.0,1285.0,0.6380398
1286.0,1286.0,0.47483665
1287.0,1287.0,0.65362704
1288.0,1288.0,0.6245387
1289.0,1289.0,0.43190724
1290.0,1290.0,0.7035131
1291.0,1291.0,0.631673
1292.0,1292.0,0.74393487
1293.0,1293.0,0.5809959
1294.0,1294.0,0.4804801
1295.0,1295.0,0.62572235
1296.0,1296.0,0.48650002
1297.0,1297.0,0.48258877
1298.0,1298.0,0.68910265
1299.0,1299.0,0.7672323
1300.0,1300.0,0.52275914
1301.0,1301.0,0.6453237
1302.0,1302.0,0.6824332
1303.0,1303.0,0.5684986
1304.0,1304.0,0.59836334
1305.0,1305.0,0.61379075
1306.0,1306.0,0.51548076
1307.0,1307.0,0.50198907
1308.0,1308.0,0.6267974
1309.0,1309.0,0.71186656
1310.0,1310.0,0.42802757
1311.0,1311.0,0.700578
1312.0,1312.0,0.4868298
1313.0,1313.0,0.5920988
1314.0,1314.0,0.70549434
1315.0,1315.0,0.76388144
1316.0,1316.0,0.49371508
1317.0,1317.0,0.6657444
1318.0,1318.0,0.82167476
1319.0,1319.0,0.54745203
1320.0,1320.0,0.7317881
1321.0,1321.0,0.64765173
1322.0,1322.0,0.49439406
1323.0,1323.0,0.66752285
1324.0,1324.0,0.6229274
1325.0,1325.0,0.51796895
1326.0,1326.0,0.48345727
1327.0,1327.0,0.46903348
1328.0,1328.0,0.5780503
1329.0,1329.0,0.54978544
1330.0,1330.0,0.59375566
1331.0,1331.0,0.46203217
1332.0,1332.0,0.46093148
1333.0,1333.0,0.65605915
1334.0,1334.0,0.59806734
1335.0,1335.0,0.57550704
1336.0,1336.0,0.6332246
1337.0,1337.0,0.6898472
1338.0,1338.0,0.6403418
1339.0,1339.0,0.54504573
1340.0,1340.0,0.62941206
1341.0,1341.0,0.44159716
1342.0,1342.0,0.5765699
1343.0,1343.0,0.7515781
1344.0,1344.0,0.67624444
1345.0,1345.0,0.6147021
1346.0,1346.0,0.56489474
1347.0,1347.0,0.5336404
1348.0,1348.0,0.61658055
1349.0,1349.0,0.5064716
1350.0,1350.0,0.6653528
1351.0,1351.0,0.6055262
1352.0,1352.0,0.57684803
1353.0,1353.0,0.829277
1354.0,1354.0,0.6626038
1355.0,1355.0,0.60033816
1356.0,1356.0,0.8310253
1357.0,1357.0,0.7503781
1358.0,1358.0,0.6503631
1359.0,1359.0,0.53310597
1360.0,1360.0,0.5120075
1361.0,1361.0,0.67931366
1362.0,1362.0,0.54106694
1363.0,1363.0,0.42683172
1364.0,1364.0,0.7979661
1365.0,1365.0,0.5954761
1366.0,1366.0,0.51261324
1367.0,1367.0,0.43203148
1368.0,1368.0,0.7733212
1369.0,1369.0,0.5939065
1370.0,1370.0,0.4101825
1371.0,1371.0,0.5013025
1372.0,1372.0,0.5463652
1373.0,1373.0,0.67849594
1374.0,1374.0,0.5135991
1375.0,1375.0,0.6232638
1376.0,1376.0,0.6884607
1377.0,1377.0,0.62910646
1378.0,1378.0,0.704724
1379.0,1379.0,0.70305747
1380.0,1380.0,0.5886712
1381.0,1381.0,0.5765691
1382.0,1382.0,0.59392387
1383.0,1383.0,0.37108147
1384.0,1384.0,0.530875
1385.0,1385.0,0.69426775
1386.0,1386.0,0.59731513
1387.0,1387.0,0.69332886
1388.0,1388.0,0.5279461
1389.0,1389.0,0.68630886
1390.0,1390.0,0.63689315
1391.0,1391.0,0.45541838
1392.0,1392.0,0.63155013
1393.0,1393.0,0.7582938
1394.0,1394.0,0.6474208
1395.0,1395.0,0.5804305
1396.0,1396.0,0.6146638
1397.0,1397.0,0.4847245
1398.0,1398.0,0.69594514
1399.0,1399.0,0.50385094
1400.0,1400.0,0.49371865
1401.0,1401.0,0.6335723
1402.0,1402.0,0.37358114
1403.0,1403.0,0.6594254
1404.0,1404.0,0.6518869
1405.0,1405.0,0.5928963
1406.0,1406.0,0.5592494
1407.0,1407.0,0.624611
1408.0,1408.0,0.48747435
1409.0,1409.0,0.49369553
1410.0,1410.0,0.62435085
1411.0,1411.0,0.72240347
1412.0,1412.0,0.50826836
1413.0,1413.0,0.62653023
1414.0,1414.0,0.49219757
1415.0,1415.0,0.45238876
1416.0,1416.0,0.52928865
1417.0,1417.0,0.5066787
1418.0,1418.0,0.61134195
1419.0,1419.0,0.44116214
1420.0,1420.0,0.62552917
1421.0,1421.0,0.37807447
1422.0,1422.0,0.6469164
1423.0,1423.0,0.5241406
1424.0,1424.0,0.47795728
1425.0,1425.0,0.6898063
1426.0,1426.0,0.4977041
1427.0,1427.0,0.5163549
1428.0,1428.0,0.6238096
1429.0,1429.0,0.5068103
1430.0,1430.0,0.4221777
1431.0,1431.0,0.5268055
1432.0,1432.0,0.51443475
1433.0,1433.0,0.6397858
1434.0,1434.0,0.6017996
1435.0,1435.0,0.6900682
1436.0,1436.0,0.45138827
1437.0,1437.0,0.4259857
1438.0,1438.0,0.7786997
1439.0,1439.0,0.69130975
1440.0,1440.0,0.5791358
1441.0,1441.0,0.6222625
1442.0,1442.0,0.80840003
1443.0,1443.0,0.57328826
1444.0,1444.0,0.646224
1445.0,1445.0,0.5810577
1446.0,1446.0,0.5698483
1447.0,1447.0,0.59302247
1448.0,1448.0,0.47250554
1449.0,1449.0,0.49501455
1450.0,1450.0,0.5960738
1451.0,1451.0,0.68477905
1452.0,1452.0,0.5671461
1453.0,1453.0,0.65949005
1454.0,1454.0,0.72046447
1455.0,1455.0,0.7009267
1456.0,1456.0,0.48705465
1457.0,1457.0,0.48041832
1458.0,1458.0,0.6327562
1459.0,1459.0,0.49529755
1460.0,1460.0,0.6589299
1461.0,1461.0,0.614174
1462.0,1462.0,0.4631498
1463.0,1463.0,0.6306078
1464.0,1464.0,0.48415685
1465.0,1465.0,0.9814407
1466.0,1466.0,0.47777393
1467.0,1467.0,0.5464212
1468.0,1468.0,0.5399069
1469.0,1469.0,0.46848518
1470.0,1470.0,0.6285957
1471.0,1471.0,0.73371094
1472.0,1472.0,0.61126584
1473.0,1473.0,0.5357288
1474.0,1474.0,0.6084795
1475.0,1475.0,0.61360455
1476.0,1476.0,0.6228596
1477.0,1477.0,0.62217706
1478.0,1478.0,0.45118958
1479.0,1479.0,0.5039711
1480.0,1480.0,0.6623437
1481.0,1481.0,0.5728392
1482.0,1482.0,0.746651
1483.0,1483.0,0.73598516
1484.0,1484.0,0.45260417
1485.0,1485.0,0.6690936
1486.0,1486.0,0.6095621
1487.0,1487.0,0.5264064
1488.0,1488.0,0.42087153
1489.0,1489.0,0.5307726
1490.0,1490.0,0.73916566
1491.0,1491.0,0.5745028
1492.0,1492.0,0.45450297
1493.0,1493.0,0.49414802
1494.0,1494.0,0.63257
1495.0,1495.0,0.39615303
1496.0,1496.0,0.62716323
1497.0,1497.0,0.50384116
1498.0,1498.0,0.48816583
1499.0,1499.0,0.6782414
1500.0,1500.0,0.6610999
1501.0,1501.0,0.7128746
1502.0,1502.0,0.6769879
1503.0,1503.0,0.4516845
1504.0,1504.0,0.71992534
1505.0,1505.0,0.5210165
1506.0,1506.0,0.5195895
1507.0,1507.0,0.64247084
1508.0,1508.0,0.54298997
1509.0,1509.0,0.5096165
1510.0,1510.0,0.45538
1511.0,1511.0,0.5840821
1512.0,1512.0,0.47839496
1513.0,1513.0,0.4378887
1514.0,1514.0,0.62304014
1515.0,1515.0,0.6406066
1516.0,1516.0,0.46700385
1517.0,1517.0,0.5823724
1518.0,1518.0,0.40887922
1519.0,1519.0,0.5472941
1520.0,1520.0,0.53282696
1521.0,1521.0,0.48946577
1522.0,1522.0,0.5351386
1523.0,1523.0,0.6037896
1524.0,1524.0,0.67654985
1525.0,1525.0,0.49068874
1526.0,1526.0,0.6946818
1527.0,1527.0,0.5317889
1528.0,1528.0,0.58524114
1529.0,1529.0,0.5962701
1530.0,1530.0,0.48072925
1531.0,1531.0,0.6539962
1532.0,1532.0,0.6870387
1533.0,1533.0,0.5098468
1534.0,1534.0,0.38691032
1535.0,1535.0,0.6046428
1536.0,1536.0,0.53860617
1537.0,1537.0,0.65481865
1538.0,1538.0,0.8861907
1539.0,1539.0,0.70207393
1540.0,1540.0,0.6713243
1541.0,1541.0,0.7338642
1542.0,1542.0,0.628848
1543.0,1543.0,0.7623389
1544.0,1544.0,0.5411812
1545.0,1545.0,0.6160323
1546.0,1546.0,0.49951535
1547.0,1547.0,0.63134295
1548.0,1548.0,0.7497732
1549.0,1549.0,0.694717
1550.0,1550.0,0.46377724
1551.0,1551.0,0.5488599
1552.0,1552.0,0.5745712
1553.0,1553.0,0.4482759
1554.0,1554.0,0.5555496
1555.0,1555.0,0.6274567
1556.0,1556.0,0.5598963
1557.0,1557.0,0.47946844
1558.0,1558.0,0.4794035
1559.0,1559.0,0.6886041
1560.0,1560.0,0.6109597
1561.0,1561.0,0.7175396
1562.0,1562.0,0.5339995
1563.0,1563.0,0.50664604
1564.0,1564.0,0.5455418
1565.0,1565.0,0.6832464
1566.0,1566.0,0.8135661
1567.0,1567.0,0.6222681
1568.0,1568.0,0.5304331
1569.0,1569.0,0.71345747
1570.0,1570.0,0.616977
1571.0,1571.0,0.58996135
1572.0,1572.0,0.6499176
1573.0,1573.0,0.76312417
1574.0,1574.0,0.640027
1575.0,1575.0,0.6297571
1576.0,1576.0,0.63682127
1577.0,1577.0,0.4027865
1578.0,1578.0,0.51729494
1579.0,1579.0,0.70422494
1580.0,1580.0,0.82381684
1581.0,1581.0,0.5575225
1582.0,1582.0,0.6055775
1583.0,1583.0,0.4713829
1584.0,1584.0,0.5491384
1585.0,1585.0,0.59722686
1586.0,1586.0,0.6086318
1587.0,1587.0,0.5240444
1588.0,1588.0,0.47779754
1589.0,1589.0,0.5148498
1590.0,1590.0,0.4544635
1591.0,1591.0,0.4163398
1592.0,1592.0,0.3747634
1593.0,1593.0,0.6617542
1594.0,1594.0,0.49153414
1595.0,1595.0,0.65620714
1596.0,1596.0,0.6344218
1597.0,1597.0,0.37068528
1598.0,1598.0,0.5887587
1599.0,1599.0,0.44512406
1600.0,1600.0,0.78113747
1601.0,1601.0,0.5349201
1602.0,1602.0,0.64557105
1603.0,1603.0,0.5683972
1604.0,1604.0,0.5543894
1605.0,1605.0,0.5682022
1606.0,1606.0,0.73442954
1607.0,1607.0,0.53858536
1608.0,1608.0,0.65221405
1609.0,1609.0,0.6351483
1610.0,1610.0,0.733748
1611.0,1611.0,0.48813236
1612.0,1612.0,0.71652454
1613.0,1613.0,0.42526004
1614.0,1614.0,0.5012968
1615.0,1615.0,0.5887885
1616.0,1616.0,0.55877966
1617.0,1617.0,0.8127893
1618.0,1618.0,0.443597
1619.0,1619.0,0.41075405
1620.0,1620.0,0.5586805
1621.0,1621.0,0.4385053
1622.0,1622.0,0.6668088
1623.0,1623.0,0.6545261
1624.0,1624.0,0.5169019
1625.0,1625.0,0.64536506
1626.0,1626.0,0.6006087
1627.0,1627.0,0.52190346
1628.0,1628.0,0.6055071
1629.0,1629.0,0.42445672
1630.0,1630.0,0.49358886
1631.0,1631.0,0.6335032
1632.0,1632.0,0.7754059
1633.0,1633.0,0.55794805
1634.0,1634.0,0.54069823
1635.0,1635.0,0.3922624
1636.0,1636.0,0.59439164
1637.0,1637.0,0.63690376
1638.0,1638.0,0.5860905
1639.0,1639.0,0.59923476
1640.0,1640.0,0.58109385
1641.0,1641.0,0.63460636
1642.0,1642.0,0.5478738
1643.0,1643.0,0.5451247
1644.0,1644.0,0.493793
1645.0,1645.0,0.59276485
1646.0,1646.0,0.58228356
1647.0,1647.0,0.58497417
1648.0,1648.0,0.71452564
1649.0,1649.0,0.5182026
1650.0,1650.0,0.61658156
1651.0,1651.0,0.6247266
1652.0,1652.0,0.65162784
1653.0,1653.0,0.54883873
1654.0,1654.0,0.65854806
1655.0,1655.0,0.58474004
1656.0,1656.0,0.48049438
1657.0,1657.0,0.8435072
1658.0,1658.0,0.5401784
1659.0,1659.0,0.590609
1660.0,1660.0,0.53740156
1661.0,1661.0,0.75677204
1662.0,1662.0,0.5984581
1663.0,1663.0,0.45133844
1664.0,1664.0,0.69526803
1665.0,1665.0,0.5191394
1666.0,1666.0,0.5544654
1667.0,1667.0,0.43709147
1668.0,1668.0,0.74288887
1669.0,1669.0,0.6191054
1670.0,1670.0,0.6352561
1671.0,1671.0,0.6402416
1672.0,1672.0,0.6505888
1673.0,1673.0,0.5871063
1674.0,1674.0,0.55043024
1675.0,1675.0,0.5219763
1676.0,1676.0,0.5817542
1677.0,1677.0,0.6304851
1678.0,1678.0,0.5345996
1679.0,1679.0,0.8380581
1680.0,1680.0,0.79347414
1681.0,1681.0,0.6536919
1682.0,1682.0,0.48951337
1683.0,1683.0,0.67058825
1684.0,1684.0,0.4703355
1685.0,1685.0,0.53147185
1686.0,1686.0,0.41933447
1687.0,1687.0,0.5897708
1688.0,1688.0,0.62704456
1689.0,1689.0,0.53242105
1690.0,1690.0,0.52480215
1691.0,1691.0,0.5109704
1692.0,1692.0,0.51957715
1693.0,1693.0,0.56910044
1694.0,1694.0,0.7206599
1695.0,1695.0,0.7255721
1696.0,1696.0,0.54036665
1697.0,1697.0,0.520396
1698.0,1698.0,0.5907515
1699.0,1699.0,0.50470275
1700.0,1700.0,0.67144
1701.0,1701.0,0.42794445
1702.0,1702.0,0.60955095
1703.0,1703.0,0.57777065
1704.0,1704.0,0.604925
1705.0,1705.0,0.44657603
1706.0,1706.0,0.7207361
1707.0,1707.0,0.51450914
1708.0,1708.0,0.7254757
1709.0,1709.0,0.6804807
1710.0,1710.0,0.73325425
1711.0,1711.0,0.71971005
1712.0,1712.0,0.76853484
1713.0,1713.0,0.6422348
1714.0,1714.0,0.37495545
1715.0,1715.0,0.65222317
1716.0,1716.0,0.51842314
1717.0,1717.0,0.6309417
1718.0,1718.0,0.71040165
1719.0,1719.0,0.59900993
1720.0,1720.0,0.80789685
1721.0,1721.0,0.6325825
1722.0,1722.0,0.54209536
1723.0,1723.0,0.69735193
1724.0,1724.0,0.4156459
1725.0,1725.0,0.63792795
1726.0,1726.0,0.6086405
1727.0,1727.0,0.5100546
1728.0,1728.0,0.5474365
1729.0,1729.0,0.48632383
1730.0,1730.0,0.5396182
1731.0,1731.0,0.7347561
1732.0,1732.0,0.42397606
1733.0,1733.0,0.6127569
1734.0,1734.0,0.8031589
1735.0,1735.0,0.59802717
1736.0,1736.0,0.72317547
1737.0,1737.0,0.6198952
1738.0,1738.0,0.54702044
1739.0,1739.0,0.76109374
1740.0,1740.0,0.48610526
1741.0,1741.0,0.6217119
1742.0,1742.0,0.61570865
1743.0,1743.0,0.54183674
1744.0,1744.0,0.57096326
1745.0,1745.0,0.7448089
1746.0,1746.0,0.43658614
1747.0,1747.0,0.7081579
1748.0,1748.0,0.57588166
1749.0,1749.0,0.7417909
1750.0,1750.0,0.7647047
1751.0,1751.0,0.73806304
1752.0,1752.0,0.6078113
1753.0,1753.0,0.5167031
1754.0,1754.0,0.37530002
1755.0,1755.0,0.48572686
1756.0,1756.0,0.6066808
1757.0,1757.0,0.6090306
1758.0,1758.0,0.5900095
1759.0,1759.0,0.6733365
1760.0,1760.0,0.61162835
1761.0,1761.0,0.66512346
1762.0,1762.0,0.70182043
1763.0,1763.0,0.6258068
1764.0,1764.0,0.69218516
1765.0,1765.0,0.55884385
1766.0,1766.0,0.54904276
1767.0,1767.0,0.49093452
1768.0,1768.0,0.53103685
1769.0,1769.0,0.6038084
1770.0,1770.0,0.6943546
1771.0,1771.0,0.3949258
1772.0,1772.0,0.6298614
1773.0,1773.0,0.62842125
1774.0,1774.0,0.45817798
1775.0,1775.0,0.51918334
1776.0,1776.0,0.6861729
1777.0,1777.0,0.7616763
1778.0,1778.0,0.4504784
1779.0,1779.0,0.7772237
1780.0,1780.0,0.5525648
1781.0,1781.0,0.5583329
1782.0,1782.0,0.59333575
1783.0,1783.0,0.5782035
1784.0,1784.0,0.38125947
1785.0,1785.0,0.5548017
1786.0,1786.0,0.7276704
1787.0,1787.0,0.4380456
1788.0,1788.0,0.592601
1789.0,1789.0,0.63932127
1790.0,1790.0,0.6711578
1791.0,1791.0,0.7314932
1792.0,1792.0,0.7667538
1793.0,1793.0,0.530268
1794.0,1794.0,0.57104737
1795.0,1795.0,0.518938
1796.0,1796.0,0.5974239
1797.0,1797.0,0.5220741
1798.0,1798.0,0.5720664
1799.0,1799.0,0.76153255
1800.0,1800.0,0.748964
1801.0,1801.0,0.5639268
1802.0,1802.0,0.51748526
1803.0,1803.0,0.45497382
1804.0,1804.0,0.55953354
1805.0,1805.0,0.45589826
1806.0,1806.0,0.66243696
1807.0,1807.0,0.67093295
1808.0,1808.0,0.5593238
1809.0,1809.0,0.52168745
1810.0,1810.0,0.6867886
1811.0,1811.0,0.5768846
1812.0,1812.0,0.5201803
1813.0,1813.0,0.496374
1814.0,1814.0,0.47130802
1815.0,1815.0,0.4610349
1816.0,1816.0,0.6096972
1817.0,1817.0,0.55001575
1818.0,1818.0,0.48686978
1819.0,1819.0,0.59076625
1820.0,1820.0,0.4883672
1821.0,1821.0,0.56084114
1822.0,1822.0,0.61304194
1823.0,1823.0,0.43647057
1824.0,1824.0,0.6423971
1825.0,1825.0,0.6317395
1826.0,1826.0,0.5891761
1827.0,1827.0,0.64504987
1828.0,1828.0,0.71420944
1829.0,1829.0,0.7321446
1830.0,1830.0,0.56418777
1831.0,1831.0,0.7501297
1832.0,1832.0,0.82134324
1833.0,1833.0,0.61984366
1834.0,1834.0,0.46669972
1835.0,1835.0,0.6960998
1836.0,1836.0,0.5021742
1837.0,1837.0,0.50295293
1838.0,1838.0,0.6192132
1839.0,1839.0,0.47405815
1840.0,1840.0,0.5318741
1841.0,1841.0,0.55918264
1842.0,1842.0,0.44708273
1843.0,1843.0,0.4106656
1844.0,1844.0,0.6712087
1845.0,1845.0,0.46523398
1846.0,1846.0,0.49601373
1847.0,1847.0,0.48561805
1848.0,1848.0,0.6123601
1849.0,1849.0,0.55219835
1850.0,1850.0,0.45316893
1851.0,1851.0,0.62891686
1852.0,1852.0,0.85443693
1853.0,1853.0,0.655615
1854.0,1854.0,0.7064916
1855.0,1855.0,0.5773212
1856.0,1856.0,0.5136538
1857.0,1857.0,0.6546381
1858.0,1858.0,0.6759965
1859.0,1859.0,0.4498544
1860.0,1860.0,0.59263575
1861.0,1861.0,0.73398066
1862.0,1862.0,0.50925475
1863.0,1863.0,0.7181903
1864.0,1864.0,0.52211833
1865.0,1865.0,0.56729287
1866.0,1866.0,0.74531287
1867.0,1867.0,0.94311297
1868.0,1868.0,0.80621326
1869.0,1869.0,0.8317188
1870.0,1870.0,0.81427205
1871.0,1871.0,0.5875267
1872.0,1872.0,0.6428927
1873.0,1873.0,0.50533015
1874.0,1874.0,0.529761
1875.0,1875.0,0.56087387
1876.0,1876.0,0.70440334
1877.0,1877.0,0.7897746
1878.0,1878.0,0.59852713
1879.0,1879.0,0.7286331
1880.0,1880.0,0.5295132
1881.0,1881.0,0.3981402
1882.0,1882.0,0.7463451
1883.0,1883.0,0.49551037
1884.0,1884.0,0.9780894
1885.0,1885.0,0.54941624
1886.0,1886.0,0.752146
1887.0,1887.0,0.5993077
1888.0,1888.0,0.5661626
1889.0,1889.0,0.58261305
1890.0,1890.0,0.60458314
1891.0,1891.0,0.5398252
1892.0,1892.0,0.50292176
1893.0,1893.0,0.42274287
1894.0,1894.0,0.7319978
1895.0,1895.0,0.6816472
1896.0,1896.0,0.5939662
1897.0,1897.0,0.623667
1898.0,1898.0,0.6058712
1899.0,1899.0,0.6251207
1900.0,1900.0,0.51253086
1901.0,1901.0,0.6994384
1902.0,1902.0,0.55941474
1903.0,1903.0,0.5009885
1904.0,1904.0,0.4833704
1905.0,1905.0,0.68726486
1906.0,1906.0,0.64109534
1907.0,1907.0,0.5654696
1908.0,1908.0,0.50618327
1909.0,1909.0,0.49699003
1910.0,1910.0,0.6031805
1911.0,1911.0,0.6554172
1912.0,1912.0,0.4762079
1913.0,1913.0,0.496953
1914.0,1914.0,0.7829409
1915.0,1915.0,0.6231756
1916.0,1916.0,0.54153174
1917.0,1917.0,0.5538559
1918.0,1918.0,0.5192753
1919.0,1919.0,0.59323883
1920.0,1920.0,0.49529114
1921.0,1921.0,0.6394926
1922.0,1922.0,0.6536256
1923.0,1923.0,0.52375865
1924.0,1924.0,0.523173
1925.0,1925.0,0.56703603
1926.0,1926.0,0.5409342
1927.0,1927.0,0.57386506
1928.0,1928.0,0.65793324
1929.0,1929.0,0.8721021
1930.0,1930.0,0.55176514
1931.0,1931.0,0.6119295
1932.0,1932.0,0.5908659
1933.0,1933.0,0.85491335
1934.0,1934.0,0.6222955
1935.0,1935.0,0.6945109
1936.0,1936.0,0.73574764
1937.0,1937.0,0.62642944
1938.0,1938.0,0.5225412
1939.0,1939.0,0.4521485
1940.0,1940.0,0.42924726
1941.0,1941.0,0.46176928
1942.0,1942.0,0.64692926
1943.0,1943.0,0.5406578
1944.0,1944.0,0.7541975
1945.0,1945.0,0.4280269
1946.0,1946.0,0.63257724
1947.0,1947.0,0.45351392
1948.0,1948.0,0.50948864
1949.0,1949.0,0.51624346
1950.0,1950.0,0.5943993
1951.0,1951.0,0.4764487
1952.0,1952.0,0.7377321
1953.0,1953.0,0.64106905
1954.0,1954.0,0.529149
1955.0,1955.0,0.5978466
1956.0,1956.0,0.623128
1957.0,1957.0,0.49222416
1958.0,1958.0,0.72711563
1959.0,1959.0,0.54566664
1960.0,1960.0,0.66915107
1961.0,1961.0,0.6589888
1962.0,1962.0,0.61243516
1963.0,1963.0,0.58228445
1964.0,1964.0,0.52982146
1965.0,1965.0,0.56271344
1966.0,1966.0,0.6005959
1967.0,1967.0,0.52884644
1968.0,1968.0,0.45925555
1969.0,1969.0,0.49788293
1970.0,1970.0,0.52296245
1971.0,1971.0,0.5134231
1972.0,1972.0,0.5328745
1973.0,1973.0,0.6960117
1974.0,1974.0,0.5406921
1975.0,1975.0,0.6321215
1976.0,1976.0,0.48879442
1977.0,1977.0,0.7537566
1978.0,1978.0,0.5474407
1979.0,1979.0,0.46128833
1980.0,1980.0,0.39108154
1981.0,1981.0,0.71907246
1982.0,1982.0,0.53388333
1983.0,1983.0,0.6694608
1984.0,1984.0,0.8329672
1985.0,1985.0,0.5684458
1986.0,1986.0,0.62868273
1987.0,1987.0,0.59132826
1988.0,1988.0,0.6974913
1989.0,1989.0,0.6342874
1990.0,1990.0,0.6184339
1991.0,1991.0,0.5048121
1992.0,1992.0,0.39536926
1993.0,1993.0,0.4263569
