<?xml version="1.0" encoding="utf-8"?>
<eml:eml xmlns:eml="eml://ecoinformatics.org/eml-2.1.1" xmlns:xsi="http://www.w3.org/2001/XMLSchema-instance"
         xsi:schemaLocation="eml://ecoinformatics.org/eml-2.1.1 http://rs.gbif.org/schema/eml-gbif-profile/1.1/eml.xsd"
        packageId="10.15468/dl.hfsqxz"  system="http://gbif.org" scope="system"
  xml:lang="en">

<dataset>
        <alternateIdentifier>0002606-181003121212138</alternateIdentifier>
    <title>GBIF Occurrence Download 10.15468/dl.hfsqxz</title>
    <creator>
    <individualName>
          <surName>GBIF Download Service</surName>
    </individualName>
<electronicMailAddress>support@gbif.org</electronicMailAddress>    </creator>
    <metadataProvider>
    <individualName>
          <surName>GBIF Download Service</surName>
    </individualName>
<electronicMailAddress>support@gbif.org</electronicMailAddress>    </metadataProvider>
    <associatedParty>
    <individualName>
<givenName>Beranger Koua Serge</givenName>          <surName>N&apos;GORAN</surName>
    </individualName>
<organizationName>Centre National de Floristique</organizationName><positionName>Gestionnaire de base de données</positionName>    <address>
<deliveryPoint>22 BP 582 Abidjan 22</deliveryPoint><city>Abidjan</city><administrativeArea>District Autonome D&apos;Abidjan</administrativeArea><postalCode>225</postalCode><country>CÔTE_DIVOIRE</country>    </address>
<phone>(+225)58415317</phone><electronicMailAddress>kouaberanger@yahoo.fr</electronicMailAddress><onlineUrl>http://cnf-ufhb.ci</onlineUrl>    <role>CONTENT_PROVIDER</role>
    </associatedParty>
    <associatedParty>
    <individualName>
<givenName>Alex</givenName>          <surName>Asase</surName>
    </individualName>
<organizationName>University of Ghana</organizationName>    <address>
<deliveryPoint>P. O. Box LG 55</deliveryPoint><city>Accra</city><administrativeArea>N/A</administrativeArea><postalCode>LG</postalCode><country>GHANA</country>    </address>
<phone>0244128800</phone><electronicMailAddress>alexasase@gmail.com</electronicMailAddress>    <role>CONTENT_PROVIDER</role>
    </associatedParty>
    <associatedParty>
    <individualName>
<givenName>Anders</givenName>          <surName>Telenius</surName>
    </individualName>
<organizationName>Swedish Museum of Natural History</organizationName><positionName>Node manager</positionName>    <address>
<city>Stockholm</city><country>SWEDEN</country>    </address>
<electronicMailAddress>anders.telenius@nrm.se</electronicMailAddress>    <role>CONTENT_PROVIDER</role>
    </associatedParty>
    <associatedParty>
<organizationName>Australia&apos;s Virtual Herbarium</organizationName><onlineUrl>http://avh.rbg.vic.gov.au</onlineUrl>    <role>CONTENT_PROVIDER</role>
    </associatedParty>
    <associatedParty>
    <individualName>
<givenName>Francisca E</givenName>          <surName>Oboh-Ikuenobe</surName>
    </individualName>
    <role>CONTENT_PROVIDER</role>
    </associatedParty>
    <associatedParty>
    <individualName>
<givenName>Yaw</givenName>          <surName>Osei-Owusu</surName>
    </individualName>
<organizationName>Conservation Alliance International</organizationName><positionName>Executive Director</positionName>    <address>
<deliveryPoint>H/No.5 Odum Street, North Dzorwulu,  P.O Box KA 30426, KIA</deliveryPoint><city>Accra</city><country>GHANA</country>    </address>
<phone>+233 (0) 244277795</phone><electronicMailAddress>yosei-owusu@conservealliance.org</electronicMailAddress><onlineUrl>http://www.conservealliance.org</onlineUrl>      <userId directory="https://www.linkedin.com/profile/view?id=">https://www.linkedin.com/in/yaw-osei-owusu-42844925/</userId>
    <role>CONTENT_PROVIDER</role>
    </associatedParty>
    <associatedParty>
    <individualName>
<givenName>Raoufou Pierre</givenName>          <surName>Radji</surName>
    </individualName>
<organizationName>Herbarium Togoense - Laboratory of Forest Research</organizationName><positionName>Herbarium Curator</positionName>    <address>
<deliveryPoint>Faculty of Science - University of Lomé</deliveryPoint><city>Lomé</city><administrativeArea>Maritim</administrativeArea><postalCode>01BP 1515</postalCode><country>TOGO</country>    </address>
<phone>+2289045114</phone><electronicMailAddress>pradji@hotmail.com</electronicMailAddress>      <userId directory="http://orcid.org/">ORCID http://orcid.org/0000-0001-6597-8438</userId>
    <role>CONTENT_PROVIDER</role>
    </associatedParty>
    <associatedParty>
    <individualName>
          <surName>Dr Paul M Kirk</surName>
    </individualName>
<electronicMailAddress>p.kirk@cabi.org</electronicMailAddress>    <role>CONTENT_PROVIDER</role>
    </associatedParty>
    <associatedParty>
    <individualName>
<givenName>Alex</givenName>          <surName>Asase</surName>
    </individualName>
<organizationName>University of Ghana</organizationName>    <address>
<deliveryPoint>P. O. Box LG 55</deliveryPoint><city>Accra</city><administrativeArea>N/A</administrativeArea><postalCode>LG</postalCode><country>GHANA</country>    </address>
<phone>0244128800</phone><electronicMailAddress>alexasase@gmail.com</electronicMailAddress>    <role>CONTENT_PROVIDER</role>
    </associatedParty>
    <associatedParty>
    <individualName>
          <surName>Jennifer Owens</surName>
    </individualName>
<electronicMailAddress>jennifer.owens@colostate.edu</electronicMailAddress>    <role>CONTENT_PROVIDER</role>
    </associatedParty>
    <associatedParty>
    <individualName>
<givenName>Raoufou Pierre</givenName>          <surName>RADJI</surName>
    </individualName>
<organizationName>GBIF-TOGO</organizationName><positionName>Node GBIF</positionName>    <address>
<deliveryPoint>01bp:1515 lome1</deliveryPoint><city>Lomé</city><administrativeArea>Maritim</administrativeArea><postalCode>01BP:1515 Lome1</postalCode><country>TOGO</country>    </address>
<phone>+22890045114</phone><electronicMailAddress>pradji@hotmail.com</electronicMailAddress><onlineUrl>http://Univ-lome.tg</onlineUrl>      <userId directory="http://orcid.org/">http://orcid.org/0000-0001-6597-8438</userId>
    <role>CONTENT_PROVIDER</role>
    </associatedParty>
    <associatedParty>
    <individualName>
          <surName>University of Alberta Museums</surName>
    </individualName>
    <address>
<deliveryPoint>Ring House 1, Museums and Collections Services, University of Alberta</deliveryPoint><city>Edmonton</city><administrativeArea>Alberta</administrativeArea><postalCode>T6G 2E1</postalCode><country>CANADA</country>    </address>
<phone>780-492-5834</phone><electronicMailAddress>museums@ualberta.ca</electronicMailAddress><onlineUrl>http://www.museums.ualberta.ca/</onlineUrl>    <role>CONTENT_PROVIDER</role>
    </associatedParty>
    <associatedParty>
    <individualName>
          <surName>Fatima Parker-Allie</surName>
    </individualName>
<positionName>system administrator</positionName><phone>+27217998698</phone><electronicMailAddress>f.parker@sanbi.org.za</electronicMailAddress>    <role>CONTENT_PROVIDER</role>
    </associatedParty>
    <associatedParty>
    <individualName>
          <surName>Reto Nyffeler</surName>
    </individualName>
    <address>
<deliveryPoint>Zollikerstrasse 107, CH-8008 Zürich, Switzerland</deliveryPoint>    </address>
<phone>0041 (0)44 634 84 42</phone><electronicMailAddress>rnyffeler@systbot.unizh.ch</electronicMailAddress>    <role>CONTENT_PROVIDER</role>
    </associatedParty>
    <associatedParty>
    <individualName>
          <surName>Leif Schulman</surName>
    </individualName>
<electronicMailAddress>leif.schulman@helsinki.fi</electronicMailAddress>    <role>CONTENT_PROVIDER</role>
    </associatedParty>
    <associatedParty>
    <individualName>
<givenName>Bob</givenName>          <surName>Magill</surName>
    </individualName>
<organizationName>Missouri Botanical Garden</organizationName><positionName>Senior Curator Science and Conservation</positionName><electronicMailAddress>bob.magill@mobot.org</electronicMailAddress>    <role>CONTENT_PROVIDER</role>
    </associatedParty>
    <associatedParty>
    <individualName>
<givenName>Alex</givenName>          <surName>Asase</surName>
    </individualName>
<organizationName>University of Ghana</organizationName>    <address>
<deliveryPoint>P. O. Box LG 55</deliveryPoint><city>Accra</city><administrativeArea>N/A</administrativeArea><postalCode>LG</postalCode><country>GHANA</country>    </address>
<phone>0244128800</phone><electronicMailAddress>alexasase@gmail.com</electronicMailAddress>    <role>CONTENT_PROVIDER</role>
    </associatedParty>
    <associatedParty>
    <individualName>
<givenName>Raoufou Pierre</givenName>          <surName>Radji</surName>
    </individualName>
<organizationName>GBIF-TOGO</organizationName><positionName>Node Manager</positionName>    <address>
<deliveryPoint>01bp:1515 lome1</deliveryPoint><city>Lomé</city><administrativeArea>Maritim</administrativeArea><postalCode>01BP:1515 Lome1</postalCode><country>TOGO</country>    </address>
<phone>+22890045114</phone><electronicMailAddress>pradji@hotmail.com</electronicMailAddress><onlineUrl>http://Univ-lome.tg</onlineUrl>      <userId directory="http://orcid.org/">http://orcid.org/0000-0001-6597-8438</userId>
    <role>CONTENT_PROVIDER</role>
    </associatedParty>
    <associatedParty>
    <individualName>
<givenName>Michael</givenName>          <surName>McClennen</surName>
    </individualName>
<organizationName>Paleobiology Database</organizationName><positionName>Chief Informaticist</positionName><phone>+1-608-262-5366</phone><electronicMailAddress>mmcclenn@geology.wisc.edu</electronicMailAddress><onlineUrl>https://paleobiodb.org</onlineUrl>    <role>CONTENT_PROVIDER</role>
    </associatedParty>
    <associatedParty>
    <individualName>
<givenName>Edwige</givenName>          <surName>Masure</surName>
    </individualName>
    <role>CONTENT_PROVIDER</role>
    </associatedParty>
    <associatedParty>
    <individualName>
          <surName>Mary Barkworth</surName>
    </individualName>
<electronicMailAddress>mary@biology.usu.edu</electronicMailAddress>    <role>CONTENT_PROVIDER</role>
    </associatedParty>
    <associatedParty>
<organizationName>Natural History Museum, University of Oslo</organizationName>    <address>
<country>NORWAY</country>    </address>
    <role>CONTENT_PROVIDER</role>
    </associatedParty>
    <associatedParty>
    <individualName>
<givenName>Terry</givenName>          <surName>Tinder-Smith</surName>
    </individualName>
<organizationName>Bolus Herbarium, University of Cape Town</organizationName><positionName>Curator</positionName>    <address>
<deliveryPoint>Bolus Herbarium, Botany Department, University of Cape Town, Rhodes Gift</deliveryPoint><city>Cape Town</city><administrativeArea>Western Cape</administrativeArea><postalCode>7707</postalCode><country>SOUTH_AFRICA</country>    </address>
<phone>(021) 6503724</phone><electronicMailAddress>Terry.Trinder-Smith@uct.ac.za</electronicMailAddress><onlineUrl>http://www.bolus.uct.ac.za/</onlineUrl>    <role>CONTENT_PROVIDER</role>
    </associatedParty>
    <associatedParty>
    <individualName>
          <surName>National Center for Genetic Resources Preservation</surName>
    </individualName>
<electronicMailAddress>nssl@ars-grin.gov</electronicMailAddress>    <role>CONTENT_PROVIDER</role>
    </associatedParty>
    <associatedParty>
    <individualName>
<givenName>Yaw</givenName>          <surName>Osei-Owusu</surName>
    </individualName>
<organizationName>Conservation Alliance International</organizationName><positionName>Executive Director</positionName>    <address>
<deliveryPoint>NO 5 Odum Street, North Dworwulu, P.O Box KA 30426, Kotoka International Airport</deliveryPoint><city>Accra</city><administrativeArea>Greater Accra</administrativeArea><postalCode>KA 30426</postalCode><country>GHANA</country>    </address>
<phone>+233 (0) 244277795</phone><electronicMailAddress>yosei-owusu@conservealliance.org</electronicMailAddress><onlineUrl>http://www.conservealliance.org</onlineUrl>      <userId directory="http://www.researcherid.com/rid/">https://www.linkedin.com/in/yaw-osei-owusu-42844925/</userId>
    <role>CONTENT_PROVIDER</role>
    </associatedParty>
    <associatedParty>
    <individualName>
<givenName>Anders</givenName>          <surName>Telenius</surName>
    </individualName>
<organizationName>Swedish museum of natural history</organizationName><positionName>Node manager</positionName>    <address>
<city>Stockholm</city><country>SWEDEN</country>    </address>
<electronicMailAddress>anders.telenius@nrm.se</electronicMailAddress>    <role>CONTENT_PROVIDER</role>
    </associatedParty>
    <associatedParty>
    <individualName>
<givenName>Carmen</givenName>          <surName>Regina Marcati</surName>
    </individualName>
<organizationName>Instituto de Biociências - Universidade Estadual Paulista - Campus de Botucatu (UNESP-IBB)</organizationName><positionName>Curador</positionName>    <address>
<deliveryPoint>Fazenda Experimental Lageado s/n.</deliveryPoint><city>Botucatu</city><administrativeArea>São Paulo</administrativeArea><postalCode>18603-970</postalCode><country>BRAZIL</country>    </address>
<phone>+55 14 3811-7168</phone><electronicMailAddress>carmen@fca.unesp.br</electronicMailAddress><onlineUrl>http://splink.cria.org.br/manager/detail?resource=BOTUw</onlineUrl>    <role>CONTENT_PROVIDER</role>
    </associatedParty>
    <associatedParty>
    <individualName>
<givenName>Louis Blanc</givenName>          <surName>Traore</surName>
    </individualName>
<organizationName>Division du Développement des Compétences, de l&apos;Information et du Monitoring de l’Environnement</organizationName><positionName>Directeur</positionName>    <address>
<city>Ouagadougou</city><country>BURKINA_FASO</country>    </address>
<phone>+ 226 5033 3700</phone><electronicMailAddress>lbtraore@yahoo.fr</electronicMailAddress>    <role>CONTENT_PROVIDER</role>
    </associatedParty>
    <associatedParty>
    <individualName>
<givenName>Fernando</givenName>          <surName>Ortega Escalona</surName>
    </individualName>
<organizationName>Instituto de Ecología ACDivisión de Vegetación y FloraDepartamento de Productos Forestales y Conservación de BosquesLaboratorio de Ciencia y Tecnología de la Madera</organizationName><positionName>Responsable</positionName>    <address>
<city>Xalapa</city><administrativeArea>Veracruz</administrativeArea><postalCode>91070</postalCode><country>MEXICO</country>    </address>
<phone>Tel 91(28)42 1800  Tel/Fax 91(28)18 7809, 91(28)18 6732</phone><electronicMailAddress>fernando.ortega@inecol.edu.mx</electronicMailAddress>    <role>CONTENT_PROVIDER</role>
    </associatedParty>
    <associatedParty>
    <individualName>
<givenName>Sharon</givenName>          <surName>Grant</surName>
    </individualName>
<organizationName>Field Museum of Natural History</organizationName><positionName>Technology Liaison to Science</positionName>    <address>
<deliveryPoint>1400 S Lake Shore Drive</deliveryPoint><city>Chicago</city><administrativeArea>IL</administrativeArea><postalCode>60605</postalCode><country>UNITED_STATES</country>    </address>
<phone>3126657203</phone><electronicMailAddress>sgrant@fieldmuseum.org</electronicMailAddress><onlineUrl>http://fieldmuseum.org/users/sharon-grant</onlineUrl>    <role>CONTENT_PROVIDER</role>
    </associatedParty>
    <associatedParty>
<organizationName>NTNU University Museum</organizationName>    <address>
<country>NORWAY</country>    </address>
    <role>CONTENT_PROVIDER</role>
    </associatedParty>
    <associatedParty>
    <individualName>
<givenName>Kieran</givenName>          <surName>Shepherd</surName>
    </individualName>
<organizationName>Canadian Museum of Nature</organizationName><positionName>Curator, Palaeobiology</positionName>    <address>
<city>Ottawa</city><administrativeArea>Ontario</administrativeArea><country>CANADA</country>    </address>
<phone>1-613-364-4054</phone><electronicMailAddress>kshepherd@nature.ca</electronicMailAddress>    <role>CONTENT_PROVIDER</role>
    </associatedParty>
    <associatedParty>
    <individualName>
<givenName>Francisca E</givenName>          <surName>Oboh-Ikuenobe</surName>
    </individualName>
    <role>CONTENT_PROVIDER</role>
    </associatedParty>
    <associatedParty>
    <individualName>
<givenName>Maria</givenName>          <surName>Cândida Henrique Mamede</surName>
    </individualName>
<organizationName>Instituto de Botânica IBt</organizationName><positionName>Curador</positionName>    <address>
<deliveryPoint>Instituto de Botânica; Av. Miguel Stefano, 3087; Água Funda; Entrada pela portaria II</deliveryPoint><city>São Paulo</city><administrativeArea>São Paulo</administrativeArea><country>BRAZIL</country>    </address>
<phone>+55 11 5067-6089</phone><electronicMailAddress>mcmamede@uol.com.br</electronicMailAddress>    <role>CONTENT_PROVIDER</role>
    </associatedParty>
    <associatedParty>
    <individualName>
<givenName>Akpovi</givenName>          <surName>AKOEGNINOU</surName>
    </individualName>
<organizationName>Laboratoire de Botanique et d&apos;Ecologie végétale /FAST</organizationName><positionName>Scientist</positionName>    <address>
<deliveryPoint>Cotonou</deliveryPoint><city>Cotonou</city><administrativeArea>Cotonou</administrativeArea><postalCode>01 BP 4526</postalCode><country>BENIN</country>    </address>
    <role>CONTENT_PROVIDER</role>
    </associatedParty>
    <associatedParty>
    <individualName>
<givenName>Jeroen</givenName>          <surName>Creuwels</surName>
    </individualName>
<organizationName>Naturalis Biodiversity Center</organizationName><positionName>Data manager</positionName>    <address>
<deliveryPoint>PO Box 9517</deliveryPoint><city>Leiden</city><administrativeArea>Zuid Holland</administrativeArea><postalCode>NL-2300 RA</postalCode><country>NETHERLANDS</country>    </address>
<phone>+31.71.7519600</phone><electronicMailAddress>informatiemanagement@naturalis.nl</electronicMailAddress><onlineUrl>http://science.naturalis.nl</onlineUrl>    <role>CONTENT_PROVIDER</role>
    </associatedParty>
    <associatedParty>
    <individualName>
<givenName>Beranger Koua Serge</givenName>          <surName>N&apos;GORAN</surName>
    </individualName>
<organizationName>Université Felix Houphouet Boigny, Centre National de Floristique</organizationName><positionName>Researcher</positionName>    <address>
<deliveryPoint>22 BP 582 Abidjan 22</deliveryPoint><city>Abidjan</city><administrativeArea>District Autonome</administrativeArea><postalCode>+225</postalCode><country>CÔTE_DIVOIRE</country>    </address>
<phone>0022558415317</phone><electronicMailAddress>kouaberanger@yahoo.fr</electronicMailAddress>    <role>CONTENT_PROVIDER</role>
    </associatedParty>
    <associatedParty>
<organizationName>The Natural History Museum, London</organizationName><electronicMailAddress>data@nhm.ac.uk</electronicMailAddress><onlineUrl>http://data.nhm.ac.uk</onlineUrl>    <role>CONTENT_PROVIDER</role>
    </associatedParty>
    <associatedParty>
    <individualName>
<givenName>Konan</givenName>          <surName>YAO</surName>
    </individualName>
<organizationName>Université Felix Houphouet Boigny, Centre National de Floristique</organizationName><positionName>Researcher</positionName>    <address>
<deliveryPoint>22 BP 582 Abidjan 22</deliveryPoint><city>Abidjan</city><administrativeArea>District Autonome</administrativeArea><postalCode>+225</postalCode><country>CÔTE_DIVOIRE</country>    </address>
<phone>+225 08017956</phone><electronicMailAddress>yao83konan@gmail.com</electronicMailAddress>    <role>CONTENT_PROVIDER</role>
    </associatedParty>
    <associatedParty>
    <individualName>
          <surName>MNHN</surName>
    </individualName>
<organizationName>MNHN</organizationName><positionName>Provider</positionName>    <role>CONTENT_PROVIDER</role>
    </associatedParty>
    <associatedParty>
    <individualName>
<givenName>Håkan</givenName>          <surName>Wittzell</surName>
    </individualName>
<organizationName>Lund University Botanical Museum</organizationName><positionName>Assoc. Prof.</positionName>    <address>
<deliveryPoint>Box 117</deliveryPoint><city>Lund</city><administrativeArea>Skåne</administrativeArea><postalCode>221 00</postalCode><country>SWEDEN</country>    </address>
<electronicMailAddress>Hakan.Wittzell@biol.lu.se</electronicMailAddress><onlineUrl>http://www.biomus.lu.se/en/botanical-collections</onlineUrl>    <role>CONTENT_PROVIDER</role>
    </associatedParty>
    <associatedParty>
    <individualName>
<givenName>Frank</givenName>          <surName>Menting</surName>
    </individualName>
<organizationName>CGN</organizationName>    <address>
<deliveryPoint>Droevendaalsesteeg 1</deliveryPoint><city>Wageningen</city><postalCode>NL-6708 PB</postalCode><country>NETHERLANDS</country>    </address>
<phone>+31 317 480917</phone><electronicMailAddress>frank.menting@wur.nl</electronicMailAddress><onlineUrl>http://www.cgn.wur.nl</onlineUrl>    <role>CONTENT_PROVIDER</role>
    </associatedParty>
    <associatedParty>
    <individualName>
<givenName>Deb</givenName>          <surName>Trock</surName>
    </individualName>
<organizationName>California Academy of Sciences</organizationName><positionName>Senior Collections Manager, Botany</positionName>    <address>
<deliveryPoint>55 Music Concourse Dr.</deliveryPoint><city>San Francisco</city><administrativeArea>CA</administrativeArea><postalCode>94118</postalCode><country>UNITED_STATES</country>    </address>
<phone>+1 (415) 379-5363</phone><electronicMailAddress>dtrock@calacademy.org</electronicMailAddress><onlineUrl>https://www.calacademy.org/staff/ibss/botany/debra-trock-phd</onlineUrl>    <role>CONTENT_PROVIDER</role>
    </associatedParty>
    <associatedParty>
    <individualName>
          <surName>Crop Wild Relatives Occurrence data consortia</surName>
    </individualName>
<organizationName>International Center for Tropical Agriculture (CIAT)</organizationName>    <address>
<country>COLOMBIA</country>    </address>
<electronicMailAddress>cropwildrelatives@croptrust.org</electronicMailAddress><onlineUrl>http://www.cwrdiversity.org/</onlineUrl>    <role>CONTENT_PROVIDER</role>
    </associatedParty>
    <associatedParty>
<organizationName>Royal Botanic Gardens, Kew</organizationName>    <role>CONTENT_PROVIDER</role>
    </associatedParty>
    <associatedParty>
    <individualName>
<givenName>Jacqueline Sapoama</givenName>          <surName>Mbawine</surName>
    </individualName>
<organizationName>A Rocha Ghana</organizationName><positionName>Scientific Officer</positionName>    <address>
<deliveryPoint>10 Wawa Rd, Kokomlemle</deliveryPoint><city>Accra</city><administrativeArea>Greater Accra Region</administrativeArea><postalCode>KN3480, Kaneshie</postalCode><country>GHANA</country>    </address>
<phone>+233261077158</phone><electronicMailAddress>jacqueline.kumadoh@arocha.org</electronicMailAddress><onlineUrl>http://ghana.arocha.org/people/jacqueline-kumadoh-mbawine/</onlineUrl>      <userId directory="https://www.linkedin.com/profile/view?id=">https://www.linkedin.com/in/jacqueline-kumadoh-57402670/</userId>
    <role>CONTENT_PROVIDER</role>
    </associatedParty>
    <associatedParty>
    <individualName>
<givenName>Ching-I</givenName>          <surName>Peng</surName>
    </individualName>
<organizationName>Biodiversity Research Center, Academia Sinica</organizationName><positionName>Research Fellow</positionName>    <address>
<deliveryPoint>No. 128, Sec. 2, Academia Rd., Nankang Dist.</deliveryPoint><city>Taipei</city><administrativeArea>TAIWAN</administrativeArea><country>TAIWAN</country>    </address>
<electronicMailAddress>bopeng@gate.sinica.edu.tw</electronicMailAddress>    <role>CONTENT_PROVIDER</role>
    </associatedParty>
    <associatedParty>
<organizationName>NTNU University Museum</organizationName>    <address>
<country>NORWAY</country>    </address>
    <role>CONTENT_PROVIDER</role>
    </associatedParty>
    <associatedParty>
    <individualName>
<givenName>Rosario</givenName>          <surName>Noya Santos</surName>
    </individualName>
<organizationName>REAL JARDÍN BOTÁNICO-CSIC</organizationName><positionName>Collection Manager</positionName>    <address>
<deliveryPoint>Plaza de Murillo, 2. 28014 Madrid</deliveryPoint><city>MADRID</city><administrativeArea>MADRID</administrativeArea><postalCode>28014</postalCode><country>SPAIN</country>    </address>
<phone>+34914203585</phone><electronicMailAddress>noya@rjb.csic.es</electronicMailAddress>    <role>CONTENT_PROVIDER</role>
    </associatedParty>
    <associatedParty>
    <individualName>
<givenName>Raoufou</givenName>          <surName>Radji</surName>
    </individualName>
<organizationName>University of Lomé</organizationName><positionName>Node Manager</positionName>    <address>
<deliveryPoint>Department of Botany, University of Lome</deliveryPoint><city>Lomé</city><administrativeArea>Maritim</administrativeArea><postalCode>06BP 6135</postalCode><country>TOGO</country>    </address>
<phone>+22890045114</phone><electronicMailAddress>pradji@hotmail.com</electronicMailAddress>      <userId directory="http://orcid.org/">http://orcid.org/0000-0002-5724-2903</userId>
    <role>CONTENT_PROVIDER</role>
    </associatedParty>
    <associatedParty>
    <individualName>
<givenName>Tonny</givenName>          <surName>Asafo-Agyei</surName>
    </individualName>
<organizationName>Centre for Plant Medicine Research (CPMR)</organizationName><positionName>Researcher</positionName>    <address>
<city>Mampong-Akuapem</city><country>GHANA</country>    </address>
    <role>CONTENT_PROVIDER</role>
    </associatedParty>
    <associatedParty>
    <individualName>
<givenName>Thomas</givenName>          <surName>Orrell</surName>
    </individualName>
<organizationName>National Museum of Natural History, Smithsonian Institution</organizationName><positionName>Branch Chief, NMNH Informatics</positionName>    <address>
<deliveryPoint>P.O. Box 37012, MRC 136</deliveryPoint><city>Washington</city><administrativeArea>DC</administrativeArea><postalCode>20013-7012</postalCode><country>UNITED_STATES</country>    </address>
<phone>202-633-2151</phone><electronicMailAddress>orrellt@si.edu</electronicMailAddress><onlineUrl>http://collections.mnh.si.edu</onlineUrl>      <userId directory="http://orcid.org/">0000-0003-1038-3028</userId>
    <role>CONTENT_PROVIDER</role>
    </associatedParty>
    <associatedParty>
    <individualName>
          <surName>Rob Cubey</surName>
    </individualName>
    <role>CONTENT_PROVIDER</role>
    </associatedParty>
    <associatedParty>
    <individualName>
          <surName>MNHN</surName>
    </individualName>
<organizationName>MNHN</organizationName><positionName>Provider</positionName>    <role>CONTENT_PROVIDER</role>
    </associatedParty>
    <associatedParty>
    <individualName>
          <surName>Harvard University Herbaria</surName>
    </individualName>
<organizationName>Harvard University Herbaria</organizationName>    <address>
<deliveryPoint>22 Divinity Ave</deliveryPoint><city>Cambridge</city><administrativeArea>MA</administrativeArea><postalCode>02138</postalCode><country>UNITED_STATES</country>    </address>
<electronicMailAddress>bdim@oeb.harvard.edu</electronicMailAddress>    <role>CONTENT_PROVIDER</role>
    </associatedParty>
    <associatedParty>
    <individualName>
<givenName>Anders</givenName>          <surName>Telenius</surName>
    </individualName>
<organizationName>Swedish museum of natural history</organizationName><positionName>Node manager</positionName>    <address>
<city>Stockholm</city><country>SWEDEN</country>    </address>
<electronicMailAddress>anders.telenius@nrm.se</electronicMailAddress>    <role>CONTENT_PROVIDER</role>
    </associatedParty>
    <associatedParty>
    <individualName>
<givenName>Anders</givenName>          <surName>Telenius</surName>
    </individualName>
<organizationName>Swedish Museum of Natural History</organizationName><positionName>Node manager</positionName>    <address>
<city>Stockholm</city><country>SWEDEN</country>    </address>
<electronicMailAddress>anders.telenius@nrm.se</electronicMailAddress>    <role>CONTENT_PROVIDER</role>
    </associatedParty>
    <associatedParty>
    <individualName>
<givenName>Alex</givenName>          <surName>Asase</surName>
    </individualName>
<organizationName>University of Ghana</organizationName><positionName>Node Manager GhaBIF</positionName>    <address>
<deliveryPoint>P.O. Box LG 55</deliveryPoint><city>Legon</city><country>GHANA</country>    </address>
<electronicMailAddress>aasase@ug.edu.gh</electronicMailAddress>    <role>CONTENT_PROVIDER</role>
    </associatedParty>
    <associatedParty>
    <individualName>
          <surName>Meise Botanic Garden</surName>
    </individualName>
<organizationName>Meise Botanic Garden</organizationName><positionName>Garden</positionName>    <address>
<country>BELGIUM</country>    </address>
    <role>CONTENT_PROVIDER</role>
    </associatedParty>
    <associatedParty>
    <individualName>
          <surName>Rob Cubey</surName>
    </individualName>
    <role>CONTENT_PROVIDER</role>
    </associatedParty>
    <associatedParty>
    <individualName>
          <surName>Elizabeth Arnaud, SINGER Coordinator</surName>
    </individualName>
<electronicMailAddress>E.ARNAUD@CGIAR.ORG</electronicMailAddress>    <role>CONTENT_PROVIDER</role>
    </associatedParty>
    <associatedParty>
    <individualName>
<givenName>Emma Ablan</givenName>          <surName>AKE-ASSI</surName>
    </individualName>
<organizationName>Université Felix Houphouet Boigny</organizationName><positionName>Researcher</positionName>    <address>
<deliveryPoint>22 BP 582 22 Abidjan 22</deliveryPoint><city>Abidjan</city><administrativeArea>District Autonome</administrativeArea><postalCode>225</postalCode><country>CÔTE_DIVOIRE</country>    </address>
<phone>+225 07464294</phone><electronicMailAddress>emmaaak@yahoo.fr</electronicMailAddress>    <role>CONTENT_PROVIDER</role>
    </associatedParty>
    <associatedParty>
    <individualName>
<givenName>Paul Smart</givenName>          <surName>Osei-Kofi</surName>
    </individualName>
<organizationName>CSIR-Plant Genetic Resources Research Institute</organizationName><positionName>Librarian/ Data Manager</positionName>    <address>
<deliveryPoint>H/No. A31c Nsutam Akim, East Akim Municipality</deliveryPoint><city>Bunso</city><administrativeArea>Eastern Region</administrativeArea><postalCode>P.O Box 7</postalCode><country>GHANA</country>    </address>
<phone>+233502617459</phone><electronicMailAddress>oseikofips@csirpgrri.org</electronicMailAddress>    <role>CONTENT_PROVIDER</role>
    </associatedParty>
    <associatedParty>
    <individualName>
<givenName>Kent D.</givenName>          <surName>Perkins</surName>
    </individualName>
<organizationName>Florida Museum of Natural History</organizationName><positionName>Herbarium Collection Manager</positionName>    <address>
<deliveryPoint>PO Box 110575</deliveryPoint><city>Gainesville</city><administrativeArea>FL</administrativeArea><postalCode>32611-0575</postalCode><country>UNITED_STATES</country>    </address>
<phone>352-273-1990</phone><electronicMailAddress>kperkins@flmnh.ufl.edu</electronicMailAddress><onlineUrl>http://www.flmnh.ufl..edu/herbarium/</onlineUrl>    <role>CONTENT_PROVIDER</role>
    </associatedParty>
    <associatedParty>
<organizationName>European Bioinformatics Institute (EMBL-EBI)</organizationName><electronicMailAddress>datasubs@ebi.ac.uk</electronicMailAddress><onlineUrl>http://www.ebi.ac.uk</onlineUrl>    <role>CONTENT_PROVIDER</role>
    </associatedParty>
    <associatedParty>
    <individualName>
<givenName>Alan R.</givenName>          <surName>Franck</surName>
    </individualName>
<organizationName>University of South Florida</organizationName><positionName>Curator</positionName>    <address>
<deliveryPoint>4202 E. Fowler Ave, ISA 2015</deliveryPoint><city>Tampa</city><administrativeArea>Florida</administrativeArea><postalCode>33620-5150</postalCode><country>UNITED_STATES</country>    </address>
<phone>+01-813-974-7602</phone><electronicMailAddress>afranck@mail.usf.edu</electronicMailAddress><onlineUrl>http://florida.plantatlas.usf.edu</onlineUrl>    <role>CONTENT_PROVIDER</role>
    </associatedParty>
    <associatedParty>
    <individualName>
<givenName>Richard</givenName>          <surName>Pyle</surName>
    </individualName>
<organizationName>Bernice P. Bishop Museum</organizationName><positionName>Database Coordinator</positionName>    <address>
<deliveryPoint>1525 Bernice Street</deliveryPoint><city>Honolulu</city><administrativeArea>Hawaii</administrativeArea><postalCode>96817</postalCode><country>UNITED_STATES</country>    </address>
<phone>808-848-4115</phone><electronicMailAddress>deepreef@bishopmuseum.org</electronicMailAddress><onlineUrl>http://hbs.bishopmuseum.org/staff/pylerichard.html</onlineUrl>    <role>CONTENT_PROVIDER</role>
    </associatedParty>
    <associatedParty>
    <individualName>
<givenName>Omokafe</givenName>          <surName>Ugbogu</surName>
    </individualName>
<organizationName>Forestry Research Institute of Nigeria</organizationName><positionName>Director</positionName>    <address>
<deliveryPoint>Jericho Hill, Dugbe</deliveryPoint><city>Ibadan</city><administrativeArea>Oyo State</administrativeArea><country>NIGERIA</country>    </address>
<phone>+234 8032236876</phone><electronicMailAddress>omokafeugbogu@yahoo.com</electronicMailAddress>    <role>CONTENT_PROVIDER</role>
    </associatedParty>
    <associatedParty>
    <individualName>
<givenName>Melissa</givenName>          <surName>Tulig</surName>
    </individualName>
<organizationName>The New York Botanical Garden</organizationName><positionName>Director of Biodiversity Information Management</positionName>    <address>
<city>Bronx</city><administrativeArea>New York</administrativeArea><country>UNITED_STATES</country>    </address>
<electronicMailAddress>mtulig@nybg.org</electronicMailAddress>    <role>CONTENT_PROVIDER</role>
    </associatedParty>
    <associatedParty>
    <individualName>
<givenName>Luc</givenName>          <surName>Brouillet</surName>
    </individualName>
<organizationName>Université de Montréal Biodiversity Centre</organizationName><positionName>Curator</positionName>    <address>
<deliveryPoint>4101 rue Sherbrooke est</deliveryPoint><city>Montreal</city><administrativeArea>Quebec</administrativeArea><postalCode>H1X2B2</postalCode><country>CANADA</country>    </address>
<phone>514-343-2142</phone><electronicMailAddress>luc.brouillet@umontreal.ca</electronicMailAddress><onlineUrl>http://www.irbv.umontreal.ca/luc-brouillet</onlineUrl>    <role>CONTENT_PROVIDER</role>
    </associatedParty>
    <associatedParty>
    <individualName>
<givenName>Alexey</givenName>          <surName>Seregin</surName>
    </individualName>
<organizationName>Moscow State University</organizationName><positionName>Dr. Sci.</positionName>    <address>
<deliveryPoint>Leninskie Gory 1</deliveryPoint><city>Moscow</city><postalCode>119234</postalCode><country>RUSSIAN_FEDERATION</country>    </address>
<phone>+7 (926) 369-9935</phone><electronicMailAddress>botanik.seregin@gmail.com</electronicMailAddress><onlineUrl>https://istina.msu.ru/profile/Allium/</onlineUrl>      <userId directory="http://scholar.google.com/citations?user=">34fmTxcAAAAJ</userId>
    <role>CONTENT_PROVIDER</role>
    </associatedParty>
    <associatedParty>
    <individualName>
<givenName>Rui</givenName>          <surName>Figueira</surName>
    </individualName>
<organizationName>Instituto de Investigação Científica Tropical</organizationName><positionName>Researcher</positionName>    <address>
<deliveryPoint>Trav. Conde da Ribeira 9</deliveryPoint><city>Lisboa</city><postalCode>1300-142</postalCode><country>PORTUGAL</country>    </address>
<phone>+351-213616340</phone><electronicMailAddress>rui.figueira@iict.pt</electronicMailAddress><onlineUrl>http://maerua.iict.pt/colecoes</onlineUrl>    <role>CONTENT_PROVIDER</role>
    </associatedParty>
    <associatedParty>
    <individualName>
          <surName>Ms Sonia Dias, EURISCO Coordinator</surName>
    </individualName>
    <address>
<deliveryPoint>Bioversity International, Via dei Tre Denari 472/a, 00057 Maccarese, Rome, ITALY</deliveryPoint>    </address>
<electronicMailAddress>s.dias@cgiar.org</electronicMailAddress>    <role>CONTENT_PROVIDER</role>
    </associatedParty>
    <associatedParty>
    <individualName>
<givenName>Hannes</givenName>          <surName>Gaisberger</surName>
    </individualName>
<organizationName>Bioversity International</organizationName><positionName>GIS Specialist</positionName>    <address>
<deliveryPoint>Via dei Tre Denari, 472/a</deliveryPoint><city>Maccarese</city><postalCode>00054</postalCode><country>ITALY</country>    </address>
<electronicMailAddress>h.gaisberger@cgiar.org</electronicMailAddress><onlineUrl>http://www.bioversityinternational.org/about-us/who-we-are/staff-bios/single-details-bios/gaisberger-hannes/</onlineUrl>    <role>CONTENT_PROVIDER</role>
    </associatedParty>
      <pubDate>
      2018-10-09
      </pubDate>
    <language>ENGLISH</language>
    <abstract>
        <para>A dataset containing all occurrences available in GBIF matching the query:
Country: Ghana 
TaxonKey: Plantae
The dataset includes records from the following constituent datasets. The full metadata for each constituent is also included in this archive:
1 records from UCBG TAPIR Provider
1 records from Carnet en Ligne
1 records from University of Alberta Vascular Plant Herbarium (ALTA-VP)
1 records from Botanic Garden of the Finnish Museum of Natural History
1 records from USU-UTC Specimen Database
1 records from Bolus Herbarium Specimens Collection (1865-2009)
1 records from Computarización de la xiloteca Dr. Faustino Miranda del Instituto de Ecología, AC
1 records from Algae herbarium, NTNU University Museum
1 records from Range table from dinoflagellates, acritarchs and prasinophytes in ODP Hole 159-962D
1 records from Herbier du Bénin
1 records from Database of Native Plants in Taiwan
1 records from Herbarium of Umeå University (UME)
1 records from Algaterra Types
1 records from Occurrences portant sur 941 espèces de plantes appartenant à 45 familles de l&apos;herbier du Centre National de Floristique, en Côte d&apos;Ivoire
2 records from Herbarium Hamburgense
2 records from Bryophyte herbarium, Göttingen (GOET)
2 records from University of Graz, Institute of Plant Sciences - Herbarium GZU
2 records from Liste des récoltes par Herbier de dépôt TOGO
2 records from Herbaria of the University and ETH Zürich
2 records from Vascular Plant Herbarium, Oslo (O)
2 records from CAS Botany (BOT)
2 records from University of Florida Herbarium (FLAS)
3 records from Natural History Museum, Vienna - Herbarium W
3 records from Les Poaceae, les Fabaceae, les Euphorbiaceae, les Caesalpiniaceae, les Cyperaceae, les Mimosaceae, les Hippocrateaeceae, les Lamiaceae, les Dioscoreaceae, les Ebenaceae et quelque 28 autres autres familles de l&apos;herbier du Centre National de Floristique, en Côte d&apos;Ivoire.
3 records from University of South Florida Herbarium (USF)
3 records from Marie-Victorin Herbarium (MT) - Plantes vasculaires
3 records from IICT Herbário LISC
4 records from Diversité à partir d&apos;une liste d&apos;occurrences d&apos;espèces appartenant à quelques familles de l&apos;Herbier du Centre National de Floristique (CNF) en Côte d&apos;Ivoire.
4 records from Range table from dinoflagellates, acritarchs and prasinophytes in ODP Hole 159-959D
4 records from Bryophyte herbarium, NTNU University Museum
4 records from The Vascular Plant Collection at the Botanische Staatssammlung München
5 records from naturgucker
5 records from Field Museum of Natural History (Botany)  Seed Plant Collection
7 records from Precis Plant Data
8 records from Harvard University Herbaria
8 records from Bernice P. Bishop Museum
9 records from Lund Botanical Museum (LD)
9 records from Continuous Plankton Recorder Dataset (SAHFOS)
9 records from Mosses (S)
10 records from Range table from dinoflagellates, acritarchs and prasinophytes in ODP Hole 159-959D
10 records from Les Rubiaceae, Orchidaceae, Moraceae, Sapindaceae, Malvaceae, Melastomataceae, Verbenaceae, Loganiaceae, Sapotaceae, Scrophulariaceae, Sterculiaceae, Liliaceae, Meliaceae, Ochnaceae, Tiliaceae, Rosaceae, Solanaceae, Violaceae, Zingiberaceae, Myrtaceae, Rutaceae, Loranthaceae et quelques 71 autres familles de plantes de l&apos;Herbier du Centre National de Floristique en Côte d&apos;Ivoire.
11 records from Royal Botanic Garden Edinburgh Living Plant Collections (E)
12 records from Geographically tagged INSDC sequences
14 records from CABI Bioscience Fungus Collection
14 records from The New York Botanical Garden Herbarium (NY)
15 records from BOTUw - Xiloteca &quot;Profa. Dra. Maria Aparecida Mourão Brasil&quot;
17 records from Centre for Genetic Resources, the Netherlands, PGR passport data
18 records from Herbier CNRST/INERA
19 records from Togo National Herbarium Database
19 records from herbarium_database
20 records from Liste des pays par taxon spécimen TOGO
20 records from Geneva Herbarium – General Collection (G)
29 records from Canadian Museum of Nature Palynology Collection
32 records from Geneva Herbarium – De Candolle&apos;s Prodromus (G-DC)
32 records from iNaturalist Research-grade Observations
33 records from Moscow University Herbarium (MW)
37 records from Plant Species Recorded at Elluokrom in Ghana
43 records from Herbarium GAT
46 records from Herbarium Berolinense
48 records from Herbarium Senckenbergianum (FR)
52 records from SP - Herbário do Estado &quot;Maria Eneyda P. Kaufmann Fidalgo&quot; - Coleção de Fanerógamas
61 records from The cryptogamy collection (PC) at the Herbarium of the Muséum national d&apos;Histoire Naturelle (MNHN - Paris)
70 records from Australia&apos;s Virtual Herbarium
126 records from Colorado State University Herbarium
129 records from Grasses of the Forest Herbarium Ibadan (FHI) Nigeria
135 records from EURISCO, The European Genetic Resources Search Catalogue
158 records from United States National Plant Germplasm System Collection
201 records from Botany (UPS)
206 records from Paleobiology Database
248 records from Phanerogamic Botanical Collections (S)
318 records from Neptune Deep-Sea Microfossil Occurrence Database
404 records from CSIC-Real Jardín Botánico-Colección de Plantas Vasculares (MA)
443 records from The vascular plants collection (P) at the Herbarium of the Muséum national d&apos;Histoire Naturelle (MNHN - Paris)
475 records from SINGER Coordinator
544 records from African Plants - a photo guide
547 records from Herbarium Collections of the Centre for Plant Medicine Research (CPMR), Ghana
564 records from Atewa Range Forest Reserve Bryophytes dataset, Ghana
602 records from Royal Botanic Garden Edinburgh Herbarium (E)
934 records from NMNH Extant Specimen Records
1123 records from Natural History Museum (London) Collection Specimens
1242 records from Rapid Assessment Program (RAP) Biodiversity Survey Database
1249 records from Bioversity Collecting Mission Database
1330 records from Legume Collections of the Plant Genetic Resources Research Institute (CSIR-PGRRI),Ghana
1520 records from PRECIS
1801 records from The System-wide Information Network for Genetic Resources (SINGER)
1893 records from Root and Tuber germplasm collections at Bunso in the Eastern Region of Ghana
1916 records from Plant Species Sampled in Some Selected Forest Reserves in the High Forest Zone of Ghana
2599 records from Royal Botanic Gardens, Kew - Herbarium Specimens
2697 records from Meise Botanic Garden Herbarium (BR)
3637 records from Tropicos Specimen Data
4436 records from A global database for the distributions of crop wild relatives
5496 records from Grass Collections from Ghana
12478 records from Naturalis Biodiversity Center (NL) - Botany
38254 records from Plants of Ghana
63146 records from University of Ghana - Ghana Herbarium
</para>
    </abstract>
      <contact>
    <individualName>
          <surName>GBIF Download Service</surName>
    </individualName>
<electronicMailAddress>support@gbif.org</electronicMailAddress>      </contact>

</dataset>

<additionalMetadata>
    <metadata>
      <gbif>
        <dateStamp>2018-10-09T09:43:21Z</dateStamp>
      <citation identifier="10.15468/dl.hfsqxz">GBIF Occurrence Download 10.15468/dl.hfsqxz</citation>
              <physical>
                  <objectName>Darwin Core Archive</objectName>
                  <characterEncoding>UTF-8</characterEncoding>
                  <dataFormat>
                      <externallyDefinedFormat>
                          <formatName>Darwin Core Archive</formatName>
                      </externallyDefinedFormat>
                  </dataFormat>
                  <distribution>
                      <online>
                          <url function="download">http://api.gbif.org/v1/occurrence/download/request/0002606-181003121212138.zip</url>
                      </online>
                  </distribution>
              </physical>
        </gbif>
    </metadata>
</additionalMetadata>

</eml:eml>
