x,y,species avg
1.0,1.0,0.48840386
2.0,2.0,0.5169701
3.0,3.0,0.69220334
4.0,4.0,0.51585484
5.0,5.0,0.24588497
6.0,6.0,0.7007297
7.0,7.0,0.4880246
8.0,8.0,0.68827355
9.0,9.0,0.69313085
10.0,10.0,0.6915957
11.0,11.0,0.13846555
12.0,12.0,0.51179516
13.0,13.0,0.5086858
14.0,14.0,0.47345322
15.0,15.0,0.52600044
16.0,16.0,0.43120757
17.0,17.0,0.6895452
18.0,18.0,0.6843288
19.0,19.0,0.47639826
20.0,20.0,0.6883618
21.0,21.0,0.61497414
22.0,22.0,0.5980584
23.0,23.0,0.6971213
24.0,24.0,0.6863601
25.0,25.0,0.69543415
26.0,26.0,0.35727033
27.0,27.0,0.30147526
28.0,28.0,0.7861086
29.0,29.0,0.17665485
30.0,30.0,0.68970424
31.0,31.0,0.7036374
32.0,32.0,0.5924636
33.0,33.0,0.77944976
34.0,34.0,0.683149
35.0,35.0,0.68853575
36.0,36.0,0.2941547
37.0,37.0,0.64344436
38.0,38.0,0.7048414
39.0,39.0,0.6891954
40.0,40.0,0.31043968
41.0,41.0,0.6877222
42.0,42.0,0.68907183
43.0,43.0,0.7870131
44.0,44.0,0.4151458
45.0,45.0,0.69246334
46.0,46.0,0.4668517
47.0,47.0,0.70428705
48.0,48.0,0.34537438
49.0,49.0,0.2313426
50.0,50.0,0.6853493
51.0,51.0,0.6143171
52.0,52.0,0.6949957
53.0,53.0,0.5670833
54.0,54.0,0.2985989
55.0,55.0,0.27126428
56.0,56.0,0.25022215
57.0,57.0,0.6893821
58.0,58.0,0.35011706
59.0,59.0,0.6946859
60.0,60.0,0.22728787
61.0,61.0,0.56152004
62.0,62.0,0.25944918
63.0,63.0,0.6933992
64.0,64.0,0.6621122
65.0,65.0,0.6887731
66.0,66.0,0.688289
67.0,67.0,0.6967262
68.0,68.0,0.68764585
69.0,69.0,0.39554298
70.0,70.0,0.61024773
71.0,71.0,0.2562478
72.0,72.0,0.35039884
73.0,73.0,0.27336097
74.0,74.0,0.7665039
75.0,75.0,0.6943075
76.0,76.0,0.6407536
77.0,77.0,0.649018
78.0,78.0,0.5316509
79.0,79.0,0.37270004
80.0,80.0,0.25131574
81.0,81.0,0.372526
82.0,82.0,0.5315188
83.0,83.0,0.6938593
84.0,84.0,0.22982016
85.0,85.0,0.6849489
86.0,86.0,0.5277256
87.0,87.0,0.6920404
88.0,88.0,0.6898823
89.0,89.0,0.27478364
90.0,90.0,0.69328946
91.0,91.0,0.70210475
92.0,92.0,0.4079138
93.0,93.0,0.52543956
94.0,94.0,0.69061667
95.0,95.0,0.78463566
96.0,96.0,0.692263
97.0,97.0,0.6936164
98.0,98.0,0.7596488
99.0,99.0,0.7115517
100.0,100.0,0.5524581
101.0,101.0,0.38536495
102.0,102.0,0.6879761
103.0,103.0,0.18105477
104.0,104.0,0.25343817
105.0,105.0,0.6955795
106.0,106.0,0.6902208
107.0,107.0,0.6911482
108.0,108.0,0.6922733
109.0,109.0,0.7059758
110.0,110.0,0.68911684
111.0,111.0,0.2589715
112.0,112.0,0.68048346
113.0,113.0,0.69387347
114.0,114.0,0.5783133
115.0,115.0,0.40918237
116.0,116.0,0.6799585
117.0,117.0,0.78259534
118.0,118.0,0.33956537
119.0,119.0,0.6916039
120.0,120.0,0.58276695
121.0,121.0,0.22864883
122.0,122.0,0.23659688
123.0,123.0,0.7010092
124.0,124.0,0.6889012
125.0,125.0,0.69197065
126.0,126.0,0.2924854
127.0,127.0,0.31005502
128.0,128.0,0.64978665
129.0,129.0,0.5431733
130.0,130.0,0.6742311
131.0,131.0,0.48729762
132.0,132.0,0.70336044
133.0,133.0,0.6831368
134.0,134.0,0.4038137
135.0,135.0,0.2978717
136.0,136.0,0.6854739
137.0,137.0,0.6909056
138.0,138.0,0.3193587
139.0,139.0,0.5569671
140.0,140.0,0.5102159
141.0,141.0,0.36596417
142.0,142.0,0.4621966
143.0,143.0,0.20336275
144.0,144.0,0.7061462
145.0,145.0,0.7890425
146.0,146.0,0.56599206
147.0,147.0,0.6933948
148.0,148.0,0.7126213
149.0,149.0,0.64107794
150.0,150.0,0.6863258
151.0,151.0,0.4203367
152.0,152.0,0.37531
153.0,153.0,0.2699992
154.0,154.0,0.20428453
155.0,155.0,0.36931053
156.0,156.0,0.27856407
157.0,157.0,0.4802733
158.0,158.0,0.6888564
159.0,159.0,0.14950064
160.0,160.0,0.41314954
161.0,161.0,0.69287944
162.0,162.0,0.6912754
163.0,163.0,0.7053592
164.0,164.0,0.5572403
165.0,165.0,0.44766158
166.0,166.0,0.7911539
167.0,167.0,0.22668774
168.0,168.0,0.7051861
169.0,169.0,0.69299096
170.0,170.0,0.6964524
171.0,171.0,0.17146765
172.0,172.0,0.1867462
173.0,173.0,0.69150615
174.0,174.0,0.4397679
175.0,175.0,0.70598763
176.0,176.0,0.426014
177.0,177.0,0.54848075
178.0,178.0,0.33705297
179.0,179.0,0.2745378
180.0,180.0,0.7416838
181.0,181.0,0.6922839
182.0,182.0,0.69674826
183.0,183.0,0.702191
184.0,184.0,0.3478294
185.0,185.0,0.65304786
186.0,186.0,0.79831225
187.0,187.0,0.69091386
188.0,188.0,0.3855947
189.0,189.0,0.65568376
190.0,190.0,0.5152675
191.0,191.0,0.340703
192.0,192.0,0.6893521
193.0,193.0,0.61820656
194.0,194.0,0.68223214
195.0,195.0,0.7048267
196.0,196.0,0.68321234
197.0,197.0,0.47590896
198.0,198.0,0.6858428
199.0,199.0,0.59794813
200.0,200.0,0.70551205
201.0,201.0,0.7022726
202.0,202.0,0.33450383
203.0,203.0,0.5889505
204.0,204.0,0.5125427
205.0,205.0,0.61126864
206.0,206.0,0.55129004
207.0,207.0,0.3583898
208.0,208.0,0.69243985
209.0,209.0,0.692697
210.0,210.0,0.5145207
211.0,211.0,0.42184284
212.0,212.0,0.21477662
213.0,213.0,0.692921
214.0,214.0,0.31384203
215.0,215.0,0.47792184
216.0,216.0,0.5163408
217.0,217.0,0.6946558
218.0,218.0,0.71324867
219.0,219.0,0.41179296
220.0,220.0,0.76439714
221.0,221.0,0.30398107
222.0,222.0,0.68966544
223.0,223.0,0.718773
224.0,224.0,0.49404114
225.0,225.0,0.1858756
226.0,226.0,0.68913746
227.0,227.0,0.7906331
228.0,228.0,0.68924516
229.0,229.0,0.69039065
230.0,230.0,0.35719693
231.0,231.0,0.30538142
232.0,232.0,0.69405055
233.0,233.0,0.22244744
234.0,234.0,0.49352294
235.0,235.0,0.691063
236.0,236.0,0.54125875
237.0,237.0,0.6883029
238.0,238.0,0.6822656
239.0,239.0,0.70577806
240.0,240.0,0.5077708
241.0,241.0,0.506996
242.0,242.0,0.6948435
243.0,243.0,0.7048358
244.0,244.0,0.28438216
245.0,245.0,0.71178114
246.0,246.0,0.6790832
247.0,247.0,0.40274426
248.0,248.0,0.23384942
249.0,249.0,0.17376778
250.0,250.0,0.44672385
251.0,251.0,0.40359163
252.0,252.0,0.68894297
253.0,253.0,0.46570063
254.0,254.0,0.54538226
255.0,255.0,0.49629605
256.0,256.0,0.6884844
257.0,257.0,0.3934923
258.0,258.0,0.6885917
259.0,259.0,0.24096918
260.0,260.0,0.30375403
261.0,261.0,0.27031752
262.0,262.0,0.6860408
263.0,263.0,0.40997565
264.0,264.0,0.60912305
265.0,265.0,0.25056964
266.0,266.0,0.33702904
267.0,267.0,0.68877786
268.0,268.0,0.6929788
269.0,269.0,0.27703542
270.0,270.0,0.7399729
271.0,271.0,0.78902817
272.0,272.0,0.6907797
273.0,273.0,0.68016446
274.0,274.0,0.46300453
275.0,275.0,0.6132599
276.0,276.0,0.67941785
277.0,277.0,0.702492
278.0,278.0,0.3098592
279.0,279.0,0.5823467
280.0,280.0,0.71034795
281.0,281.0,0.692016
282.0,282.0,0.6929937
283.0,283.0,0.7056904
284.0,284.0,0.37847933
285.0,285.0,0.6946349
286.0,286.0,0.36670828
287.0,287.0,0.43314874
288.0,288.0,0.28973153
289.0,289.0,0.6911965
290.0,290.0,0.69633585
291.0,291.0,0.7047681
292.0,292.0,0.6869347
293.0,293.0,0.5336905
294.0,294.0,0.48622915
295.0,295.0,0.6884243
296.0,296.0,0.6946773
297.0,297.0,0.6914137
298.0,298.0,0.27313995
299.0,299.0,0.685905
300.0,300.0,0.5683704
301.0,301.0,0.7820848
302.0,302.0,0.5153972
303.0,303.0,0.7129548
304.0,304.0,0.5877178
305.0,305.0,0.39291236
306.0,306.0,0.484892
307.0,307.0,0.6934749
308.0,308.0,0.35412127
309.0,309.0,0.6434154
310.0,310.0,0.6921674
311.0,311.0,0.693062
312.0,312.0,0.79770297
313.0,313.0,0.35867935
314.0,314.0,0.78998435
315.0,315.0,0.6910231
316.0,316.0,0.6893601
317.0,317.0,0.41895798
318.0,318.0,0.82367337
319.0,319.0,0.20854402
320.0,320.0,0.69501096
321.0,321.0,0.6900946
322.0,322.0,0.3397666
323.0,323.0,0.5907583
324.0,324.0,0.6760603
325.0,325.0,0.7009215
326.0,326.0,0.5565456
327.0,327.0,0.6937877
328.0,328.0,0.6905775
329.0,329.0,0.6827352
330.0,330.0,0.42155007
331.0,331.0,0.55202353
332.0,332.0,0.6918184
333.0,333.0,0.26521003
334.0,334.0,0.6946189
335.0,335.0,0.7054749
336.0,336.0,0.6794979
337.0,337.0,0.35570395
338.0,338.0,0.6929072
339.0,339.0,0.69354486
340.0,340.0,0.49069053
341.0,341.0,0.46300474
342.0,342.0,0.5425898
343.0,343.0,0.5088688
344.0,344.0,0.6913003
345.0,345.0,0.1972624
346.0,346.0,0.6827559
347.0,347.0,0.5453678
348.0,348.0,0.6839763
349.0,349.0,0.682188
350.0,350.0,0.58919096
351.0,351.0,0.6777272
352.0,352.0,0.38328663
353.0,353.0,0.519719
354.0,354.0,0.4201138
355.0,355.0,0.69555455
356.0,356.0,0.36508211
357.0,357.0,0.56736517
358.0,358.0,0.689448
359.0,359.0,0.45684665
360.0,360.0,0.6914383
361.0,361.0,0.40961283
362.0,362.0,0.2763214
363.0,363.0,0.23904693
364.0,364.0,0.7074946
365.0,365.0,0.69185174
366.0,366.0,0.69023865
367.0,367.0,0.6949892
368.0,368.0,0.6955966
369.0,369.0,0.6896748
370.0,370.0,0.7898323
371.0,371.0,0.69562465
372.0,372.0,0.35046893
373.0,373.0,0.2685713
374.0,374.0,0.3059016
375.0,375.0,0.7062948
376.0,376.0,0.6899199
377.0,377.0,0.6879575
378.0,378.0,0.7062315
379.0,379.0,0.49179325
380.0,380.0,0.4122599
381.0,381.0,0.3442104
382.0,382.0,0.6898449
383.0,383.0,0.14546743
384.0,384.0,0.688964
385.0,385.0,0.53811526
386.0,386.0,0.19940743
387.0,387.0,0.21599549
388.0,388.0,0.21617942
389.0,389.0,0.21566595
390.0,390.0,0.68864805
391.0,391.0,0.69030684
392.0,392.0,0.4623104
393.0,393.0,0.7874289
394.0,394.0,0.6827763
395.0,395.0,0.69747007
396.0,396.0,0.701189
397.0,397.0,0.70569396
398.0,398.0,0.18666273
399.0,399.0,0.6929666
400.0,400.0,0.26895508
401.0,401.0,0.5870835
402.0,402.0,0.67249835
403.0,403.0,0.6923453
404.0,404.0,0.69524914
405.0,405.0,0.70556563
406.0,406.0,0.6920267
407.0,407.0,0.6124682
408.0,408.0,0.68177587
409.0,409.0,0.6918871
410.0,410.0,0.29015473
411.0,411.0,0.5359737
412.0,412.0,0.32324538
413.0,413.0,0.61300504
414.0,414.0,0.33425665
415.0,415.0,0.69547516
416.0,416.0,0.44813326
417.0,417.0,0.6864159
418.0,418.0,0.6868649
419.0,419.0,0.38846642
420.0,420.0,0.6900469
421.0,421.0,0.6965091
422.0,422.0,0.5080405
423.0,423.0,0.30430096
424.0,424.0,0.6960764
425.0,425.0,0.2426266
426.0,426.0,0.68495363
427.0,427.0,0.78713065
428.0,428.0,0.79086995
429.0,429.0,0.6930271
430.0,430.0,0.6943945
431.0,431.0,0.4029076
432.0,432.0,0.6894349
433.0,433.0,0.70350784
434.0,434.0,0.68995154
435.0,435.0,0.23846532
436.0,436.0,0.39203507
437.0,437.0,0.6845086
438.0,438.0,0.5334469
439.0,439.0,0.6903056
440.0,440.0,0.63778996
441.0,441.0,0.4852574
442.0,442.0,0.694388
443.0,443.0,0.7094399
444.0,444.0,0.3385341
445.0,445.0,0.7404222
446.0,446.0,0.49403152
447.0,447.0,0.3524773
448.0,448.0,0.6919719
449.0,449.0,0.69100356
450.0,450.0,0.69269687
451.0,451.0,0.34045747
452.0,452.0,0.6874803
453.0,453.0,0.6857381
454.0,454.0,0.49112397
455.0,455.0,0.5065719
456.0,456.0,0.34107015
457.0,457.0,0.5495871
458.0,458.0,0.6573071
459.0,459.0,0.41352472
460.0,460.0,0.6895705
461.0,461.0,0.6917952
462.0,462.0,0.6793231
463.0,463.0,0.25734863
464.0,464.0,0.69073904
465.0,465.0,0.55469227
466.0,466.0,0.5494394
467.0,467.0,0.479334
468.0,468.0,0.76525813
469.0,469.0,0.27245507
470.0,470.0,0.68441176
471.0,471.0,0.69649416
472.0,472.0,0.35979265
473.0,473.0,0.28448454
474.0,474.0,0.6860619
475.0,475.0,0.7034737
476.0,476.0,0.7876603
477.0,477.0,0.68911934
478.0,478.0,0.6969753
479.0,479.0,0.360203
480.0,480.0,0.6885096
481.0,481.0,0.69826984
482.0,482.0,0.41187888
483.0,483.0,0.68977004
484.0,484.0,0.42544088
485.0,485.0,0.79073036
486.0,486.0,0.49645606
487.0,487.0,0.6879754
488.0,488.0,0.43372646
489.0,489.0,0.69787776
490.0,490.0,0.715875
491.0,491.0,0.63252574
492.0,492.0,0.48947728
493.0,493.0,0.69444335
494.0,494.0,0.46180174
495.0,495.0,0.29307476
496.0,496.0,0.3253071
497.0,497.0,0.68491274
498.0,498.0,0.46439347
499.0,499.0,0.26643664
500.0,500.0,0.60539734
501.0,501.0,0.69279915
502.0,502.0,0.41337
503.0,503.0,0.25477955
504.0,504.0,0.34325945
505.0,505.0,0.69879204
506.0,506.0,0.56515646
507.0,507.0,0.5436147
508.0,508.0,0.26693973
509.0,509.0,0.2695135
510.0,510.0,0.30165532
511.0,511.0,0.68904847
512.0,512.0,0.22638229
513.0,513.0,0.68765134
514.0,514.0,0.69573003
515.0,515.0,0.3354428
516.0,516.0,0.68852454
517.0,517.0,0.6889913
518.0,518.0,0.7373027
519.0,519.0,0.34528396
520.0,520.0,0.69575036
521.0,521.0,0.18666984
522.0,522.0,0.81383014
523.0,523.0,0.50624686
524.0,524.0,0.7023715
525.0,525.0,0.7215661
526.0,526.0,0.27743778
527.0,527.0,0.7875337
528.0,528.0,0.4404365
529.0,529.0,0.70071524
530.0,530.0,0.6908584
531.0,531.0,0.69100124
532.0,532.0,0.5007306
533.0,533.0,0.57803077
534.0,534.0,0.2547692
535.0,535.0,0.6983703
536.0,536.0,0.6897632
537.0,537.0,0.68880296
538.0,538.0,0.41264305
539.0,539.0,0.69111943
540.0,540.0,0.35395774
541.0,541.0,0.6954013
542.0,542.0,0.26880974
543.0,543.0,0.48742598
544.0,544.0,0.69409454
545.0,545.0,0.28171661
546.0,546.0,0.69448155
547.0,547.0,0.59847873
548.0,548.0,0.4772501
549.0,549.0,0.69501346
550.0,550.0,0.25511715
551.0,551.0,0.686307
552.0,552.0,0.4857011
553.0,553.0,0.68607754
554.0,554.0,0.704591
555.0,555.0,0.5378545
556.0,556.0,0.48314556
557.0,557.0,0.48281458
558.0,558.0,0.6891532
559.0,559.0,0.6903189
560.0,560.0,0.6952763
561.0,561.0,0.4223428
562.0,562.0,0.61576
563.0,563.0,0.44608617
564.0,564.0,0.705216
565.0,565.0,0.61705947
566.0,566.0,0.69429976
567.0,567.0,0.6967848
568.0,568.0,0.1765059
569.0,569.0,0.68820053
570.0,570.0,0.698238
571.0,571.0,0.3761302
572.0,572.0,0.44707122
573.0,573.0,0.6929067
574.0,574.0,0.45207497
575.0,575.0,0.6890303
576.0,576.0,0.17474298
577.0,577.0,0.6946006
578.0,578.0,0.6951216
579.0,579.0,0.6811638
580.0,580.0,0.6932499
581.0,581.0,0.69155824
582.0,582.0,0.6912853
583.0,583.0,0.70073444
584.0,584.0,0.28014117
585.0,585.0,0.34006724
586.0,586.0,0.24432246
587.0,587.0,0.66302043
588.0,588.0,0.3468727
589.0,589.0,0.70524865
590.0,590.0,0.22045967
591.0,591.0,0.48030087
592.0,592.0,0.69382143
593.0,593.0,0.6820573
594.0,594.0,0.6971726
595.0,595.0,0.69356966
596.0,596.0,0.6902575
597.0,597.0,0.28352857
598.0,598.0,0.6916068
599.0,599.0,0.69494224
600.0,600.0,0.48324293
601.0,601.0,0.68914783
602.0,602.0,0.6893084
603.0,603.0,0.41739684
604.0,604.0,0.6943726
605.0,605.0,0.69452083
606.0,606.0,0.7175648
607.0,607.0,0.64554244
608.0,608.0,0.6847762
609.0,609.0,0.6183188
610.0,610.0,0.70756435
611.0,611.0,0.4483887
612.0,612.0,0.617119
613.0,613.0,0.70028305
614.0,614.0,0.69621575
615.0,615.0,0.6975314
616.0,616.0,0.15204877
617.0,617.0,0.49605197
618.0,618.0,0.6908139
619.0,619.0,0.31301668
620.0,620.0,0.29411694
621.0,621.0,0.29344264
622.0,622.0,0.5934952
623.0,623.0,0.7066149
624.0,624.0,0.69083005
625.0,625.0,0.6907919
626.0,626.0,0.6967923
627.0,627.0,0.69219357
628.0,628.0,0.6760094
629.0,629.0,0.6799169
630.0,630.0,0.32350782
631.0,631.0,0.69850904
632.0,632.0,0.67319584
633.0,633.0,0.34087524
634.0,634.0,0.4775538
635.0,635.0,0.697754
636.0,636.0,0.6899063
637.0,637.0,0.6972254
638.0,638.0,0.36185902
639.0,639.0,0.7064153
640.0,640.0,0.6512424
641.0,641.0,0.2855345
642.0,642.0,0.5406164
643.0,643.0,0.2969394
644.0,644.0,0.56008655
645.0,645.0,0.28103662
646.0,646.0,0.7024482
647.0,647.0,0.28816205
648.0,648.0,0.47240335
649.0,649.0,0.33677068
650.0,650.0,0.7044951
651.0,651.0,0.6962098
652.0,652.0,0.69392025
653.0,653.0,0.6511644
654.0,654.0,0.59369075
655.0,655.0,0.3382619
656.0,656.0,0.56535316
657.0,657.0,0.6989274
658.0,658.0,0.70213026
659.0,659.0,0.68811667
660.0,660.0,0.4608978
661.0,661.0,0.6782535
662.0,662.0,0.44344312
663.0,663.0,0.23013203
664.0,664.0,0.694631
665.0,665.0,0.597026
666.0,666.0,0.35153696
667.0,667.0,0.2950775
668.0,668.0,0.54473084
669.0,669.0,0.5802992
670.0,670.0,0.2015584
671.0,671.0,0.6933337
672.0,672.0,0.68084526
673.0,673.0,0.49752492
674.0,674.0,0.56486344
675.0,675.0,0.64883584
676.0,676.0,0.6923946
677.0,677.0,0.58847696
678.0,678.0,0.48553658
679.0,679.0,0.5058324
680.0,680.0,0.47408253
681.0,681.0,0.6904015
682.0,682.0,0.69456506
683.0,683.0,0.2616936
684.0,684.0,0.3196189
685.0,685.0,0.61951035
686.0,686.0,0.25398076
687.0,687.0,0.6890307
688.0,688.0,0.3519199
689.0,689.0,0.6878499
690.0,690.0,0.68637407
691.0,691.0,0.6897374
692.0,692.0,0.6902322
693.0,693.0,0.26765305
694.0,694.0,0.38027677
695.0,695.0,0.68918633
696.0,696.0,0.26519275
697.0,697.0,0.4136704
698.0,698.0,0.6898778
699.0,699.0,0.5747223
700.0,700.0,0.3455262
701.0,701.0,0.2776263
702.0,702.0,0.20570998
703.0,703.0,0.31547326
704.0,704.0,0.43537965
705.0,705.0,0.7052471
706.0,706.0,0.40516132
707.0,707.0,0.7018463
708.0,708.0,0.69731086
709.0,709.0,0.6861527
710.0,710.0,0.8310875
711.0,711.0,0.534617
712.0,712.0,0.4859313
713.0,713.0,0.35311353
714.0,714.0,0.68081874
715.0,715.0,0.5166682
716.0,716.0,0.17361213
717.0,717.0,0.35800645
718.0,718.0,0.6814121
719.0,719.0,0.72463506
720.0,720.0,0.6885951
721.0,721.0,0.20023607
722.0,722.0,0.6960636
723.0,723.0,0.27570257
724.0,724.0,0.24852483
725.0,725.0,0.6943615
726.0,726.0,0.77593493
727.0,727.0,0.68643504
728.0,728.0,0.37210733
729.0,729.0,0.69151574
730.0,730.0,0.69583416
731.0,731.0,0.1636292
732.0,732.0,0.4181582
733.0,733.0,0.5310771
734.0,734.0,0.6917904
735.0,735.0,0.55642104
736.0,736.0,0.6999045
737.0,737.0,0.6908388
738.0,738.0,0.56015897
739.0,739.0,0.43141475
740.0,740.0,0.606013
741.0,741.0,0.68536776
742.0,742.0,0.33962598
743.0,743.0,0.4993644
744.0,744.0,0.5529212
745.0,745.0,0.4061552
746.0,746.0,0.9042156
747.0,747.0,0.61352867
748.0,748.0,0.3678898
749.0,749.0,0.7051735
750.0,750.0,0.3052052
751.0,751.0,0.6102809
752.0,752.0,0.49503514
753.0,753.0,0.26497492
754.0,754.0,0.602951
755.0,755.0,0.31088272
756.0,756.0,0.372526
757.0,757.0,0.5324791
758.0,758.0,0.69200844
759.0,759.0,0.31690463
760.0,760.0,0.60907155
761.0,761.0,0.5781867
762.0,762.0,0.7033972
763.0,763.0,0.26609117
764.0,764.0,0.69231784
765.0,765.0,0.7035064
766.0,766.0,0.64995676
767.0,767.0,0.68650615
768.0,768.0,0.23567179
769.0,769.0,0.6869008
770.0,770.0,0.5842452
771.0,771.0,0.45742494
772.0,772.0,0.6831488
773.0,773.0,0.7410881
774.0,774.0,0.288779
775.0,775.0,0.50870883
776.0,776.0,0.6925488
777.0,777.0,0.6960391
778.0,778.0,0.6537992
779.0,779.0,0.69473684
780.0,780.0,0.28998095
781.0,781.0,0.61282897
782.0,782.0,0.3227226
783.0,783.0,0.6921482
784.0,784.0,0.56724983
785.0,785.0,0.7062923
786.0,786.0,0.69177127
787.0,787.0,0.6895886
788.0,788.0,0.70440847
789.0,789.0,0.7095027
790.0,790.0,0.6915839
791.0,791.0,0.4164073
792.0,792.0,0.7053838
793.0,793.0,0.6948969
794.0,794.0,0.54306203
795.0,795.0,0.6893225
796.0,796.0,0.68895715
797.0,797.0,0.6095105
798.0,798.0,0.5643554
799.0,799.0,0.7068565
800.0,800.0,0.68041354
801.0,801.0,0.6990769
802.0,802.0,0.69357634
803.0,803.0,0.5224725
804.0,804.0,0.42725155
805.0,805.0,0.3591196
806.0,806.0,0.7415695
807.0,807.0,0.45862532
808.0,808.0,0.16543023
809.0,809.0,0.45843124
810.0,810.0,0.38142416
811.0,811.0,0.22668599
812.0,812.0,0.6899746
813.0,813.0,0.7052948
814.0,814.0,0.6903522
815.0,815.0,0.22535416
816.0,816.0,0.6796674
817.0,817.0,0.5792255
818.0,818.0,0.43081757
819.0,819.0,0.7058868
820.0,820.0,0.6244261
821.0,821.0,0.37487945
822.0,822.0,0.7039863
823.0,823.0,0.70212024
824.0,824.0,0.6928722
825.0,825.0,0.37244612
826.0,826.0,0.6928851
827.0,827.0,0.6783121
828.0,828.0,0.69157934
829.0,829.0,0.39785174
830.0,830.0,0.2602582
831.0,831.0,0.51076037
832.0,832.0,0.22791512
833.0,833.0,0.7064852
834.0,834.0,0.3575268
835.0,835.0,0.688814
836.0,836.0,0.6851038
837.0,837.0,0.6137712
838.0,838.0,0.69872934
839.0,839.0,0.6872705
840.0,840.0,0.69407034
841.0,841.0,0.691582
842.0,842.0,0.7053235
843.0,843.0,0.22639199
844.0,844.0,0.6890784
845.0,845.0,0.6970733
846.0,846.0,0.46658206
847.0,847.0,0.3959406
848.0,848.0,0.3139029
849.0,849.0,0.687018
850.0,850.0,0.6944531
851.0,851.0,0.96546274
852.0,852.0,0.3887711
853.0,853.0,0.40855882
854.0,854.0,0.4189402
855.0,855.0,0.38366917
856.0,856.0,0.68853784
857.0,857.0,0.4089388
858.0,858.0,0.68140477
859.0,859.0,0.4215319
860.0,860.0,0.4875649
861.0,861.0,0.7088277
862.0,862.0,0.6927736
863.0,863.0,0.69795984
864.0,864.0,0.79232943
865.0,865.0,0.69314575
866.0,866.0,0.34926337
867.0,867.0,0.6484506
868.0,868.0,0.4014691
869.0,869.0,0.461348
870.0,870.0,0.40997565
871.0,871.0,0.43332776
872.0,872.0,0.449136
873.0,873.0,0.16099685
874.0,874.0,0.5698932
875.0,875.0,0.22135179
876.0,876.0,0.62827605
877.0,877.0,0.4123318
878.0,878.0,0.6902522
879.0,879.0,0.6879091
880.0,880.0,0.40625846
881.0,881.0,0.68675053
882.0,882.0,0.32900494
883.0,883.0,0.6952726
884.0,884.0,0.70313257
885.0,885.0,0.78950745
886.0,886.0,0.7101758
887.0,887.0,0.6922291
888.0,888.0,0.45126262
889.0,889.0,0.21533607
890.0,890.0,0.22563739
891.0,891.0,0.69182944
892.0,892.0,0.69109255
893.0,893.0,0.70451325
894.0,894.0,0.6882638
895.0,895.0,0.6344593
896.0,896.0,0.6867777
897.0,897.0,0.6851315
898.0,898.0,0.6926271
899.0,899.0,0.6861586
900.0,900.0,0.3783065
901.0,901.0,0.6854901
902.0,902.0,0.694889
903.0,903.0,0.96543247
904.0,904.0,0.24359733
905.0,905.0,0.70634675
906.0,906.0,0.51850456
907.0,907.0,0.45764196
908.0,908.0,0.7082808
909.0,909.0,0.28902
910.0,910.0,0.4410581
911.0,911.0,0.33573353
912.0,912.0,0.45975658
913.0,913.0,0.50993305
914.0,914.0,0.24283649
915.0,915.0,0.69877815
916.0,916.0,0.7023934
917.0,917.0,0.69415194
918.0,918.0,0.23293932
919.0,919.0,0.69386685
920.0,920.0,0.6883604
921.0,921.0,0.78803927
922.0,922.0,0.6994401
923.0,923.0,0.5629404
924.0,924.0,0.32910144
925.0,925.0,0.61484814
926.0,926.0,0.6993195
927.0,927.0,0.695013
928.0,928.0,0.6913593
929.0,929.0,0.16986054
930.0,930.0,0.68857145
931.0,931.0,0.70384437
932.0,932.0,0.4287167
933.0,933.0,0.6850943
934.0,934.0,0.688522
935.0,935.0,0.68499047
936.0,936.0,0.2697845
937.0,937.0,0.22140579
938.0,938.0,0.70531374
939.0,939.0,0.69149673
940.0,940.0,0.46449944
941.0,941.0,0.39451116
942.0,942.0,0.8985363
943.0,943.0,0.6922047
944.0,944.0,0.3141515
945.0,945.0,0.44164097
946.0,946.0,0.6950333
947.0,947.0,0.23528063
948.0,948.0,0.690947
949.0,949.0,0.37345612
950.0,950.0,0.69377977
951.0,951.0,0.4231163
952.0,952.0,0.6016304
953.0,953.0,0.6873478
954.0,954.0,0.7024153
955.0,955.0,0.6953941
956.0,956.0,0.68206316
957.0,957.0,0.7125045
958.0,958.0,0.27779883
959.0,959.0,0.70227283
960.0,960.0,0.69096726
961.0,961.0,0.6790019
962.0,962.0,0.68714267
963.0,963.0,0.69077265
964.0,964.0,0.47298118
965.0,965.0,0.5046168
966.0,966.0,0.2182999
967.0,967.0,0.69599575
968.0,968.0,0.69589525
969.0,969.0,0.69530696
970.0,970.0,0.7007797
971.0,971.0,0.6943894
972.0,972.0,0.6898309
973.0,973.0,0.704424
974.0,974.0,0.7155577
975.0,975.0,0.33670476
976.0,976.0,0.6943243
977.0,977.0,0.434845
978.0,978.0,0.24176905
979.0,979.0,0.4311176
980.0,980.0,0.59221554
981.0,981.0,0.41896614
982.0,982.0,0.69228464
983.0,983.0,0.46949452
984.0,984.0,0.6942613
985.0,985.0,0.6885412
986.0,986.0,0.6849167
987.0,987.0,0.17622843
988.0,988.0,0.537473
989.0,989.0,0.36188805
990.0,990.0,0.26176265
991.0,991.0,0.27723747
992.0,992.0,0.20191126
993.0,993.0,0.7872519
994.0,994.0,0.5163567
995.0,995.0,0.6853245
996.0,996.0,0.7067319
997.0,997.0,0.6926922
998.0,998.0,0.3558091
999.0,999.0,0.70136315
1000.0,1000.0,0.6920737
1001.0,1001.0,0.68198013
1002.0,1002.0,0.4009495
1003.0,1003.0,0.6988768
1004.0,1004.0,0.539388
1005.0,1005.0,0.7827775
1006.0,1006.0,0.34967658
1007.0,1007.0,0.3472937
1008.0,1008.0,0.68441176
1009.0,1009.0,0.29166067
1010.0,1010.0,0.6961223
1011.0,1011.0,0.5004597
1012.0,1012.0,0.69257814
1013.0,1013.0,0.68361646
1014.0,1014.0,0.6902475
1015.0,1015.0,0.27585423
1016.0,1016.0,0.70492476
1017.0,1017.0,0.6872778
1018.0,1018.0,0.6829779
1019.0,1019.0,0.7025156
1020.0,1020.0,0.6953634
1021.0,1021.0,0.7090114
1022.0,1022.0,0.48542097
1023.0,1023.0,0.6981594
1024.0,1024.0,0.6942139
1025.0,1025.0,0.652479
1026.0,1026.0,0.3415992
1027.0,1027.0,0.5587248
1028.0,1028.0,0.41145477
1029.0,1029.0,0.32417092
1030.0,1030.0,0.6914512
1031.0,1031.0,0.4910167
1032.0,1032.0,0.6846438
1033.0,1033.0,0.6890901
1034.0,1034.0,0.6915123
1035.0,1035.0,0.6983047
1036.0,1036.0,0.16910386
1037.0,1037.0,0.8077535
1038.0,1038.0,0.37955156
1039.0,1039.0,0.69472873
1040.0,1040.0,0.68868804
1041.0,1041.0,0.69181526
1042.0,1042.0,0.6916709
1043.0,1043.0,0.36662528
1044.0,1044.0,0.6925111
1045.0,1045.0,0.3870931
1046.0,1046.0,0.2821951
1047.0,1047.0,0.70862436
1048.0,1048.0,0.6891451
1049.0,1049.0,0.58514595
1050.0,1050.0,0.6826333
1051.0,1051.0,0.31480876
1052.0,1052.0,0.26615474
1053.0,1053.0,0.3477349
1054.0,1054.0,0.70502555
1055.0,1055.0,0.4581543
1056.0,1056.0,0.6868102
1057.0,1057.0,0.5723559
1058.0,1058.0,0.6961811
1059.0,1059.0,0.68683606
1060.0,1060.0,0.68749094
1061.0,1061.0,0.6906459
1062.0,1062.0,0.2849922
1063.0,1063.0,0.69936335
1064.0,1064.0,0.41920286
1065.0,1065.0,0.6908674
1066.0,1066.0,0.7415799
1067.0,1067.0,0.69848686
1068.0,1068.0,0.560095
1069.0,1069.0,0.49748296
1070.0,1070.0,0.16434415
1071.0,1071.0,0.55337614
1072.0,1072.0,0.68925303
1073.0,1073.0,0.9651241
1074.0,1074.0,0.27105367
1075.0,1075.0,0.4201703
1076.0,1076.0,0.47374704
1077.0,1077.0,0.8849682
1078.0,1078.0,0.5800778
1079.0,1079.0,0.68622464
1080.0,1080.0,0.6890369
1081.0,1081.0,0.7096152
1082.0,1082.0,0.6881824
1083.0,1083.0,0.69187707
1084.0,1084.0,0.38240746
1085.0,1085.0,0.6881319
1086.0,1086.0,0.6920906
1087.0,1087.0,0.69185966
1088.0,1088.0,0.69521
1089.0,1089.0,0.33794144
1090.0,1090.0,0.69344115
1091.0,1091.0,0.6992646
1092.0,1092.0,0.529608
1093.0,1093.0,0.48242003
1094.0,1094.0,0.5666715
1095.0,1095.0,0.48383242
1096.0,1096.0,0.44706753
1097.0,1097.0,0.7152597
1098.0,1098.0,0.57452965
1099.0,1099.0,0.6924453
1100.0,1100.0,0.60397905
1101.0,1101.0,0.23815113
1102.0,1102.0,0.6953679
1103.0,1103.0,0.6888677
1104.0,1104.0,0.31618157
1105.0,1105.0,0.27098083
1106.0,1106.0,0.6926217
1107.0,1107.0,0.68092835
1108.0,1108.0,0.69310623
1109.0,1109.0,0.5241287
1110.0,1110.0,0.6929168
1111.0,1111.0,0.2835083
1112.0,1112.0,0.46919543
1113.0,1113.0,0.33629274
1114.0,1114.0,0.3370297
1115.0,1115.0,0.57878834
1116.0,1116.0,0.68778396
1117.0,1117.0,0.7895083
1118.0,1118.0,0.7415799
1119.0,1119.0,0.7575018
1120.0,1120.0,0.40775594
1121.0,1121.0,0.48999006
1122.0,1122.0,0.6853873
1123.0,1123.0,0.6892011
1124.0,1124.0,0.12778078
1125.0,1125.0,0.7319926
1126.0,1126.0,0.55399084
1127.0,1127.0,0.5181718
1128.0,1128.0,0.70485795
1129.0,1129.0,0.17999454
1130.0,1130.0,0.6913509
1131.0,1131.0,0.5315742
1132.0,1132.0,0.3589962
1133.0,1133.0,0.41549772
1134.0,1134.0,0.6926653
1135.0,1135.0,0.39569163
1136.0,1136.0,0.68389326
1137.0,1137.0,0.69149315
1138.0,1138.0,0.60063064
1139.0,1139.0,0.5178659
1140.0,1140.0,0.35943618
1141.0,1141.0,0.6918723
1142.0,1142.0,0.6908695
1143.0,1143.0,0.6897593
1144.0,1144.0,0.6897028
1145.0,1145.0,0.6936737
1146.0,1146.0,0.686618
1147.0,1147.0,0.6927567
1148.0,1148.0,0.51147157
1149.0,1149.0,0.69334936
1150.0,1150.0,0.35579976
1151.0,1151.0,0.4713953
1152.0,1152.0,0.70848906
1153.0,1153.0,0.6858294
1154.0,1154.0,0.606499
1155.0,1155.0,0.6894603
1156.0,1156.0,0.7141559
1157.0,1157.0,0.68967545
1158.0,1158.0,0.37964246
1159.0,1159.0,0.5845046
1160.0,1160.0,0.69499785
1161.0,1161.0,0.35534468
1162.0,1162.0,0.5229466
1163.0,1163.0,0.36344045
1164.0,1164.0,0.6920091
1165.0,1165.0,0.17463028
1166.0,1166.0,0.5576148
1167.0,1167.0,0.69275236
1168.0,1168.0,0.51865363
1169.0,1169.0,0.6977586
1170.0,1170.0,0.6948747
1171.0,1171.0,0.56653893
1172.0,1172.0,0.69256186
1173.0,1173.0,0.68848985
1174.0,1174.0,0.6248174
1175.0,1175.0,0.6922018
1176.0,1176.0,0.68442464
1177.0,1177.0,0.69098693
1178.0,1178.0,0.2719252
1179.0,1179.0,0.35139433
1180.0,1180.0,0.68844587
1181.0,1181.0,0.55769324
1182.0,1182.0,0.6889084
1183.0,1183.0,0.50228846
1184.0,1184.0,0.48618934
1185.0,1185.0,0.35658878
1186.0,1186.0,0.27277339
1187.0,1187.0,0.6922638
1188.0,1188.0,0.48975468
1189.0,1189.0,0.32976273
1190.0,1190.0,0.6224445
1191.0,1191.0,0.69132966
1192.0,1192.0,0.67874527
1193.0,1193.0,0.71903014
1194.0,1194.0,0.7066271
1195.0,1195.0,0.69028527
1196.0,1196.0,0.6964839
1197.0,1197.0,0.39774826
1198.0,1198.0,0.5337417
1199.0,1199.0,0.611633
1200.0,1200.0,0.50617963
1201.0,1201.0,0.6930731
1202.0,1202.0,0.6894447
1203.0,1203.0,0.68749136
1204.0,1204.0,0.70206547
1205.0,1205.0,0.6974807
1206.0,1206.0,0.17299138
1207.0,1207.0,0.6946154
1208.0,1208.0,0.5807435
1209.0,1209.0,0.49981284
1210.0,1210.0,0.696594
1211.0,1211.0,0.7882775
1212.0,1212.0,0.15206401
1213.0,1213.0,0.30072895
1214.0,1214.0,0.29729828
1215.0,1215.0,0.22456409
1216.0,1216.0,0.24263844
1217.0,1217.0,0.5457332
1218.0,1218.0,0.82024705
1219.0,1219.0,0.5333236
1220.0,1220.0,0.70497423
1221.0,1221.0,0.45289806
1222.0,1222.0,0.68904775
1223.0,1223.0,0.7081914
1224.0,1224.0,0.44326323
1225.0,1225.0,0.68675154
1226.0,1226.0,0.39473945
1227.0,1227.0,0.24858384
1228.0,1228.0,0.28730008
1229.0,1229.0,0.32357773
1230.0,1230.0,0.6913315
1231.0,1231.0,0.3748437
1232.0,1232.0,0.69288546
1233.0,1233.0,0.21926646
1234.0,1234.0,0.6891598
1235.0,1235.0,0.68871105
1236.0,1236.0,0.40672123
1237.0,1237.0,0.5463493
1238.0,1238.0,0.44234443
1239.0,1239.0,0.22903906
1240.0,1240.0,0.6928484
1241.0,1241.0,0.71298045
1242.0,1242.0,0.69686437
1243.0,1243.0,0.68823797
1244.0,1244.0,0.44718522
1245.0,1245.0,0.45277277
1246.0,1246.0,0.26229247
1247.0,1247.0,0.7158149
1248.0,1248.0,0.27097875
1249.0,1249.0,0.2390515
1250.0,1250.0,0.3098073
1251.0,1251.0,0.68785375
1252.0,1252.0,0.69319195
1253.0,1253.0,0.6106752
1254.0,1254.0,0.40753403
1255.0,1255.0,0.57797414
1256.0,1256.0,0.27798462
1257.0,1257.0,0.69328856
1258.0,1258.0,0.6953621
1259.0,1259.0,0.33908615
1260.0,1260.0,0.69182634
1261.0,1261.0,0.62310064
1262.0,1262.0,0.78931445
1263.0,1263.0,0.7448974
1264.0,1264.0,0.2658637
1265.0,1265.0,0.6943435
1266.0,1266.0,0.24223311
1267.0,1267.0,0.34654894
1268.0,1268.0,0.69240814
1269.0,1269.0,0.60979533
1270.0,1270.0,0.680887
1271.0,1271.0,0.38565767
1272.0,1272.0,0.68760496
1273.0,1273.0,0.7048913
1274.0,1274.0,0.38020748
1275.0,1275.0,0.70439297
1276.0,1276.0,0.69728744
1277.0,1277.0,0.3454158
1278.0,1278.0,0.6892371
1279.0,1279.0,0.45957103
1280.0,1280.0,0.49547777
1281.0,1281.0,0.64009947
1282.0,1282.0,0.6891265
1283.0,1283.0,0.5036408
1284.0,1284.0,0.68842685
1285.0,1285.0,0.37561384
1286.0,1286.0,0.688707
1287.0,1287.0,0.15687117
1288.0,1288.0,0.62908065
1289.0,1289.0,0.26866436
1290.0,1290.0,0.7024043
1291.0,1291.0,0.39135316
1292.0,1292.0,0.41228524
1293.0,1293.0,0.43007752
1294.0,1294.0,0.28074366
1295.0,1295.0,0.33771276
1296.0,1296.0,0.22495553
1297.0,1297.0,0.4455253
1298.0,1298.0,0.42505965
1299.0,1299.0,0.41238093
1300.0,1300.0,0.34972665
1301.0,1301.0,0.69337076
1302.0,1302.0,0.6900694
1303.0,1303.0,0.55057234
1304.0,1304.0,0.719158
1305.0,1305.0,0.6917205
1306.0,1306.0,0.19434287
1307.0,1307.0,0.73593146
1308.0,1308.0,0.60681975
1309.0,1309.0,0.67485696
1310.0,1310.0,0.70530194
1311.0,1311.0,0.60812193
1312.0,1312.0,0.381174
1313.0,1313.0,0.5596363
1314.0,1314.0,0.6928408
1315.0,1315.0,0.7055394
1316.0,1316.0,0.74686563
1317.0,1317.0,0.69797474
1318.0,1318.0,0.173437
1319.0,1319.0,0.7056908
1320.0,1320.0,0.42773056
1321.0,1321.0,0.6858752
1322.0,1322.0,0.7051407
1323.0,1323.0,0.6874952
1324.0,1324.0,0.3457213
1325.0,1325.0,0.6838921
1326.0,1326.0,0.6867332
1327.0,1327.0,0.6916559
1328.0,1328.0,0.45425844
1329.0,1329.0,0.48800892
1330.0,1330.0,0.7388449
1331.0,1331.0,0.39974317
1332.0,1332.0,0.69306386
1333.0,1333.0,0.33054626
1334.0,1334.0,0.6945461
1335.0,1335.0,0.40190825
1336.0,1336.0,0.32999626
1337.0,1337.0,0.66865647
1338.0,1338.0,0.7020787
1339.0,1339.0,0.7044126
1340.0,1340.0,0.28194016
1341.0,1341.0,0.52310365
1342.0,1342.0,0.15947916
1343.0,1343.0,0.20211463
1344.0,1344.0,0.38558224
1345.0,1345.0,0.17056736
1346.0,1346.0,0.68958443
1347.0,1347.0,0.7060025
1348.0,1348.0,0.6948305
1349.0,1349.0,0.33088934
1350.0,1350.0,0.6606339
1351.0,1351.0,0.39865434
1352.0,1352.0,0.52089363
1353.0,1353.0,0.69149864
1354.0,1354.0,0.40391493
1355.0,1355.0,0.3189656
1356.0,1356.0,0.60101295
1357.0,1357.0,0.6947269
1358.0,1358.0,0.5769995
1359.0,1359.0,0.6897779
1360.0,1360.0,0.68912256
1361.0,1361.0,0.59414196
1362.0,1362.0,0.6853013
1363.0,1363.0,0.6883854
1364.0,1364.0,0.69393915
1365.0,1365.0,0.6942761
1366.0,1366.0,0.33242667
1367.0,1367.0,0.2615104
1368.0,1368.0,0.37561384
1369.0,1369.0,0.6899401
1370.0,1370.0,0.7023805
1371.0,1371.0,0.23712237
1372.0,1372.0,0.5494707
1373.0,1373.0,0.65382606
1374.0,1374.0,0.17392704
1375.0,1375.0,0.36215144
1376.0,1376.0,0.41945142
1377.0,1377.0,0.6841607
1378.0,1378.0,0.3227016
1379.0,1379.0,0.31314534
1380.0,1380.0,0.16960311
1381.0,1381.0,0.33173764
1382.0,1382.0,0.6857831
1383.0,1383.0,0.37099493
1384.0,1384.0,0.69169307
1385.0,1385.0,0.34081003
1386.0,1386.0,0.5690955
1387.0,1387.0,0.55396336
1388.0,1388.0,0.4881542
1389.0,1389.0,0.44091845
1390.0,1390.0,0.708432
1391.0,1391.0,0.6892607
1392.0,1392.0,0.69601035
1393.0,1393.0,0.69442564
1394.0,1394.0,0.6887423
1395.0,1395.0,0.6895441
1396.0,1396.0,0.68346125
1397.0,1397.0,0.690046
1398.0,1398.0,0.33327425
1399.0,1399.0,0.64222634
1400.0,1400.0,0.7878986
1401.0,1401.0,0.6963084
1402.0,1402.0,0.38936946
1403.0,1403.0,0.7849894
1404.0,1404.0,0.72246414
1405.0,1405.0,0.20346266
1406.0,1406.0,0.9043821
1407.0,1407.0,0.67846763
1408.0,1408.0,0.36318615
1409.0,1409.0,0.3342324
1410.0,1410.0,0.6902475
1411.0,1411.0,0.6914567
1412.0,1412.0,0.39553463
1413.0,1413.0,0.4424814
1414.0,1414.0,0.6936001
1415.0,1415.0,0.70576745
1416.0,1416.0,0.63475454
1417.0,1417.0,0.69338894
1418.0,1418.0,0.60956955
1419.0,1419.0,0.70469326
1420.0,1420.0,0.69219255
1421.0,1421.0,0.43979537
1422.0,1422.0,0.69765186
1423.0,1423.0,0.67974603
1424.0,1424.0,0.68601763
1425.0,1425.0,0.51663345
1426.0,1426.0,0.32836774
1427.0,1427.0,0.18454994
1428.0,1428.0,0.70039433
1429.0,1429.0,0.5471938
1430.0,1430.0,0.6966522
1431.0,1431.0,0.68455714
1432.0,1432.0,0.69243985
1433.0,1433.0,0.635846
1434.0,1434.0,0.20040482
1435.0,1435.0,0.68764985
1436.0,1436.0,0.43249342
1437.0,1437.0,0.69481015
1438.0,1438.0,0.7415383
1439.0,1439.0,0.3559797
1440.0,1440.0,0.70523363
1441.0,1441.0,0.6849097
1442.0,1442.0,0.4176935
1443.0,1443.0,0.6835558
1444.0,1444.0,0.6902818
1445.0,1445.0,0.66510576
1446.0,1446.0,0.70590085
1447.0,1447.0,0.6853823
1448.0,1448.0,0.71286935
1449.0,1449.0,0.20523825
1450.0,1450.0,0.31188637
1451.0,1451.0,0.6954419
1452.0,1452.0,0.50740486
1453.0,1453.0,0.45567718
1454.0,1454.0,0.25131574
1455.0,1455.0,0.42016098
1456.0,1456.0,0.6912556
1457.0,1457.0,0.32925647
1458.0,1458.0,0.45961675
1459.0,1459.0,0.5476018
1460.0,1460.0,0.6966296
1461.0,1461.0,0.6830422
1462.0,1462.0,0.69086355
1463.0,1463.0,0.69416934
1464.0,1464.0,0.36028346
1465.0,1465.0,0.68958235
1466.0,1466.0,0.6970733
1467.0,1467.0,0.6917739
1468.0,1468.0,0.5607129
1469.0,1469.0,0.69262743
1470.0,1470.0,0.7062948
1471.0,1471.0,0.6833173
1472.0,1472.0,0.49684325
1473.0,1473.0,0.6954753
1474.0,1474.0,0.37173605
1475.0,1475.0,0.38963005
1476.0,1476.0,0.59420455
1477.0,1477.0,0.6975785
1478.0,1478.0,0.19109894
1479.0,1479.0,0.32819805
1480.0,1480.0,0.69203895
1481.0,1481.0,0.41367564
1482.0,1482.0,0.69022524
1483.0,1483.0,0.5282421
1484.0,1484.0,0.53228354
1485.0,1485.0,0.24686064
1486.0,1486.0,0.5319425
1487.0,1487.0,0.6875945
1488.0,1488.0,0.40931302
1489.0,1489.0,0.779328
1490.0,1490.0,0.69387585
1491.0,1491.0,0.3249255
1492.0,1492.0,0.4083467
1493.0,1493.0,0.5032221
1494.0,1494.0,0.7885356
1495.0,1495.0,0.6663446
1496.0,1496.0,0.59285194
1497.0,1497.0,0.35559675
1498.0,1498.0,0.19469821
1499.0,1499.0,0.521678
1500.0,1500.0,0.4305722
1501.0,1501.0,0.28469482
1502.0,1502.0,0.68320847
1503.0,1503.0,0.69192034
1504.0,1504.0,0.6946937
1505.0,1505.0,0.6958421
1506.0,1506.0,0.45765966
1507.0,1507.0,0.69081116
1508.0,1508.0,0.46391356
1509.0,1509.0,0.44188797
1510.0,1510.0,0.6887567
1511.0,1511.0,0.68840486
1512.0,1512.0,0.6974559
1513.0,1513.0,0.44700828
1514.0,1514.0,0.2343486
1515.0,1515.0,0.36496088
1516.0,1516.0,0.2583762
1517.0,1517.0,0.20031528
1518.0,1518.0,0.31766424
1519.0,1519.0,0.6992536
1520.0,1520.0,0.25260854
1521.0,1521.0,0.5359749
1522.0,1522.0,0.6907032
1523.0,1523.0,0.28170836
1524.0,1524.0,0.3738872
1525.0,1525.0,0.6949789
1526.0,1526.0,0.683808
1527.0,1527.0,0.6929054
1528.0,1528.0,0.692505
1529.0,1529.0,0.2323442
1530.0,1530.0,0.6388479
1531.0,1531.0,0.68929064
1532.0,1532.0,0.6875128
1533.0,1533.0,0.6883854
1534.0,1534.0,0.69238704
1535.0,1535.0,0.24740747
1536.0,1536.0,0.43122402
1537.0,1537.0,0.6612479
1538.0,1538.0,0.6881833
1539.0,1539.0,0.21192336
1540.0,1540.0,0.70653766
1541.0,1541.0,0.70019376
1542.0,1542.0,0.6901707
1543.0,1543.0,0.68833506
1544.0,1544.0,0.4675296
1545.0,1545.0,0.69458777
1546.0,1546.0,0.69679403
1547.0,1547.0,0.6985539
1548.0,1548.0,0.7103696
1549.0,1549.0,0.5741896
1550.0,1550.0,0.47336695
1551.0,1551.0,0.69348836
1552.0,1552.0,0.3370297
1553.0,1553.0,0.35043573
1554.0,1554.0,0.30324605
1555.0,1555.0,0.6927254
1556.0,1556.0,0.6271052
1557.0,1557.0,0.6458277
1558.0,1558.0,0.6889084
1559.0,1559.0,0.5155728
1560.0,1560.0,0.209514
1561.0,1561.0,0.702919
1562.0,1562.0,0.5046078
1563.0,1563.0,0.47761884
1564.0,1564.0,0.65691733
1565.0,1565.0,0.47601297
1566.0,1566.0,0.46204573
1567.0,1567.0,0.5122346
1568.0,1568.0,0.5315053
1569.0,1569.0,0.68685883
1570.0,1570.0,0.6930964
1571.0,1571.0,0.6993195
1572.0,1572.0,0.48670998
1573.0,1573.0,0.23767045
1574.0,1574.0,0.6958782
1575.0,1575.0,0.20370543
1576.0,1576.0,0.6902947
1577.0,1577.0,0.6951658
1578.0,1578.0,0.68982804
1579.0,1579.0,0.6903816
1580.0,1580.0,0.69445515
1581.0,1581.0,0.40043592
1582.0,1582.0,0.69169515
1583.0,1583.0,0.6922209
1584.0,1584.0,0.41782722
1585.0,1585.0,0.4023766
1586.0,1586.0,0.6919405
1587.0,1587.0,0.27159452
1588.0,1588.0,0.6924092
1589.0,1589.0,0.5730701
1590.0,1590.0,0.48931065
1591.0,1591.0,0.6926316
1592.0,1592.0,0.6912795
1593.0,1593.0,0.59918416
1594.0,1594.0,0.68202436
1595.0,1595.0,0.6892782
1596.0,1596.0,0.47579384
1597.0,1597.0,0.6829799
1598.0,1598.0,0.56505144
1599.0,1599.0,0.22306377
1600.0,1600.0,0.6891527
1601.0,1601.0,0.69538915
1602.0,1602.0,0.7051287
1603.0,1603.0,0.42191896
1604.0,1604.0,0.33218598
1605.0,1605.0,0.43749264
1606.0,1606.0,0.40971193
1607.0,1607.0,0.15716939
1608.0,1608.0,0.60178936
1609.0,1609.0,0.64496523
1610.0,1610.0,0.55494946
1611.0,1611.0,0.4673066
1612.0,1612.0,0.68854195
1613.0,1613.0,0.5017712
1614.0,1614.0,0.48196262
1615.0,1615.0,0.54390997
1616.0,1616.0,0.29233235
1617.0,1617.0,0.62360185
1618.0,1618.0,0.6895499
1619.0,1619.0,0.44577762
1620.0,1620.0,0.5297228
1621.0,1621.0,0.7764103
1622.0,1622.0,0.2181573
1623.0,1623.0,0.649971
1624.0,1624.0,0.67969465
1625.0,1625.0,0.69165266
1626.0,1626.0,0.5057499
1627.0,1627.0,0.6857345
1628.0,1628.0,0.42123985
1629.0,1629.0,0.78272784
1630.0,1630.0,0.6928756
1631.0,1631.0,0.2232795
1632.0,1632.0,0.24853715
1633.0,1633.0,0.39219385
1634.0,1634.0,0.71035326
1635.0,1635.0,0.1744526
1636.0,1636.0,0.6960574
1637.0,1637.0,0.48742154
1638.0,1638.0,0.6941792
1639.0,1639.0,0.7191693
1640.0,1640.0,0.7039943
1641.0,1641.0,0.23690487
1642.0,1642.0,0.69628376
1643.0,1643.0,0.6887233
1644.0,1644.0,0.7049304
1645.0,1645.0,0.5063229
1646.0,1646.0,0.69302887
1647.0,1647.0,0.697286
1648.0,1648.0,0.37022698
1649.0,1649.0,0.68593085
1650.0,1650.0,0.56671
1651.0,1651.0,0.65192765
1652.0,1652.0,0.690339
1653.0,1653.0,0.49050382
1654.0,1654.0,0.31476644
1655.0,1655.0,0.54783905
1656.0,1656.0,0.49411356
1657.0,1657.0,0.61451995
1658.0,1658.0,0.21344914
1659.0,1659.0,0.24542381
1660.0,1660.0,0.6896176
1661.0,1661.0,0.279329
1662.0,1662.0,0.4981541
1663.0,1663.0,0.1796495
1664.0,1664.0,0.50076157
1665.0,1665.0,0.70597154
1666.0,1666.0,0.28103662
1667.0,1667.0,0.2913004
1668.0,1668.0,0.6907895
1669.0,1669.0,0.51287067
1670.0,1670.0,0.49523538
1671.0,1671.0,0.6994563
1672.0,1672.0,0.68810064
1673.0,1673.0,0.44194543
1674.0,1674.0,0.6962874
1675.0,1675.0,0.70321715
1676.0,1676.0,0.5762644
1677.0,1677.0,0.7014169
1678.0,1678.0,0.31433016
1679.0,1679.0,0.6830504
1680.0,1680.0,0.69797444
1681.0,1681.0,0.6951751
1682.0,1682.0,0.69605434
1683.0,1683.0,0.38753915
1684.0,1684.0,0.7140518
1685.0,1685.0,0.64188623
1686.0,1686.0,0.6067669
1687.0,1687.0,0.6915692
1688.0,1688.0,0.44928655
1689.0,1689.0,0.38344437
1690.0,1690.0,0.21476148
1691.0,1691.0,0.6888975
1692.0,1692.0,0.7077046
1693.0,1693.0,0.29800907
1694.0,1694.0,0.31416246
1695.0,1695.0,0.6237189
1696.0,1696.0,0.5462481
1697.0,1697.0,0.38152462
1698.0,1698.0,0.69619715
1699.0,1699.0,0.62240815
1700.0,1700.0,0.47335765
1701.0,1701.0,0.23288348
1702.0,1702.0,0.6928168
1703.0,1703.0,0.34846804
1704.0,1704.0,0.41142347
1705.0,1705.0,0.39900252
1706.0,1706.0,0.2476627
1707.0,1707.0,0.5490104
1708.0,1708.0,0.70423126
1709.0,1709.0,0.6907688
1710.0,1710.0,0.6996969
1711.0,1711.0,0.34449807
1712.0,1712.0,0.6911631
1713.0,1713.0,0.68598676
1714.0,1714.0,0.32807422
1715.0,1715.0,0.6904753
1716.0,1716.0,0.6955106
1717.0,1717.0,0.4467022
1718.0,1718.0,0.2896594
1719.0,1719.0,0.31217995
1720.0,1720.0,0.68923455
1721.0,1721.0,0.69567436
1722.0,1722.0,0.68871933
1723.0,1723.0,0.49074993
1724.0,1724.0,0.3731151
1725.0,1725.0,0.28412056
1726.0,1726.0,0.6849044
1727.0,1727.0,0.26149946
1728.0,1728.0,0.38227174
1729.0,1729.0,0.7054379
1730.0,1730.0,0.7060088
1731.0,1731.0,0.6347571
1732.0,1732.0,0.6606711
1733.0,1733.0,0.32741946
1734.0,1734.0,0.29486448
1735.0,1735.0,0.7025472
1736.0,1736.0,0.5876253
1737.0,1737.0,0.2753388
1738.0,1738.0,0.6994072
1739.0,1739.0,0.70979214
1740.0,1740.0,0.70617545
1741.0,1741.0,0.6936379
1742.0,1742.0,0.5594233
1743.0,1743.0,0.699228
1744.0,1744.0,0.3065363
1745.0,1745.0,0.68940973
1746.0,1746.0,0.70504063
1747.0,1747.0,0.65817267
1748.0,1748.0,0.6888362
1749.0,1749.0,0.52127844
1750.0,1750.0,0.37775713
1751.0,1751.0,0.68982434
1752.0,1752.0,0.9291753
1753.0,1753.0,0.6902637
1754.0,1754.0,0.49100932
1755.0,1755.0,0.543065
1756.0,1756.0,0.68780714
1757.0,1757.0,0.69150585
1758.0,1758.0,0.6144602
1759.0,1759.0,0.3785154
1760.0,1760.0,0.24798343
1761.0,1761.0,0.18604787
1762.0,1762.0,0.49999347
1763.0,1763.0,0.6916694
1764.0,1764.0,0.69220686
1765.0,1765.0,0.6913941
1766.0,1766.0,0.2079018
1767.0,1767.0,0.69028693
1768.0,1768.0,0.48743066
1769.0,1769.0,0.522069
1770.0,1770.0,0.69621783
1771.0,1771.0,0.7894883
1772.0,1772.0,0.25944844
1773.0,1773.0,0.6975582
1774.0,1774.0,0.69075614
1775.0,1775.0,0.33009967
1776.0,1776.0,0.7058136
1777.0,1777.0,0.48807532
1778.0,1778.0,0.59825873
1779.0,1779.0,0.70690906
1780.0,1780.0,0.49671084
1781.0,1781.0,0.57534546
1782.0,1782.0,0.6893286
1783.0,1783.0,0.6979776
1784.0,1784.0,0.6922219
1785.0,1785.0,0.68167174
1786.0,1786.0,0.64660466
1787.0,1787.0,0.4724572
1788.0,1788.0,0.472025
1789.0,1789.0,0.39869294
1790.0,1790.0,0.6937207
1791.0,1791.0,0.26017335
1792.0,1792.0,0.69021386
1793.0,1793.0,0.68599427
1794.0,1794.0,0.69557494
1795.0,1795.0,0.20435785
1796.0,1796.0,0.70635766
1797.0,1797.0,0.2193703
1798.0,1798.0,0.7044784
1799.0,1799.0,0.3842252
1800.0,1800.0,0.69567454
1801.0,1801.0,0.6926369
1802.0,1802.0,0.25362086
1803.0,1803.0,0.3381579
1804.0,1804.0,0.6897056
1805.0,1805.0,0.68415606
1806.0,1806.0,0.5168803
1807.0,1807.0,0.6856659
1808.0,1808.0,0.36568394
1809.0,1809.0,0.1471419
1810.0,1810.0,0.6792614
1811.0,1811.0,0.6101995
1812.0,1812.0,0.26765305
1813.0,1813.0,0.69186276
1814.0,1814.0,0.5118976
1815.0,1815.0,0.69011533
1816.0,1816.0,0.7054583
1817.0,1817.0,0.56579447
1818.0,1818.0,0.50541615
1819.0,1819.0,0.6818829
1820.0,1820.0,0.7073014
1821.0,1821.0,0.6941355
1822.0,1822.0,0.6868222
1823.0,1823.0,0.545493
1824.0,1824.0,0.6945039
1825.0,1825.0,0.7803221
1826.0,1826.0,0.41513586
1827.0,1827.0,0.7099412
1828.0,1828.0,0.53944427
1829.0,1829.0,0.49066395
1830.0,1830.0,0.59736824
1831.0,1831.0,0.68561476
1832.0,1832.0,0.38501737
1833.0,1833.0,0.6901543
1834.0,1834.0,0.47248688
1835.0,1835.0,0.6922177
1836.0,1836.0,0.33597767
1837.0,1837.0,0.47479516
1838.0,1838.0,0.52600044
1839.0,1839.0,0.69729
1840.0,1840.0,0.7860815
1841.0,1841.0,0.6572874
1842.0,1842.0,0.5310768
1843.0,1843.0,0.30560905
1844.0,1844.0,0.5200541
1845.0,1845.0,0.69465184
1846.0,1846.0,0.6791266
1847.0,1847.0,0.256444
1848.0,1848.0,0.68407464
1849.0,1849.0,0.68666536
1850.0,1850.0,0.35723054
1851.0,1851.0,0.6354481
1852.0,1852.0,0.25175023
1853.0,1853.0,0.36250618
1854.0,1854.0,0.78840435
1855.0,1855.0,0.6835227
1856.0,1856.0,0.5406994
1857.0,1857.0,0.26826867
1858.0,1858.0,0.36813
1859.0,1859.0,0.7056272
1860.0,1860.0,0.5365643
1861.0,1861.0,0.69753444
1862.0,1862.0,0.3845363
1863.0,1863.0,0.6137712
1864.0,1864.0,0.36038077
1865.0,1865.0,0.35737568
1866.0,1866.0,0.40997565
1867.0,1867.0,0.50925183
1868.0,1868.0,0.4540511
1869.0,1869.0,0.60674
1870.0,1870.0,0.68843305
1871.0,1871.0,0.6954524
1872.0,1872.0,0.46396172
1873.0,1873.0,0.5098827
1874.0,1874.0,0.21820422
1875.0,1875.0,0.48785302
1876.0,1876.0,0.5489672
1877.0,1877.0,0.6892751
1878.0,1878.0,0.69008803
1879.0,1879.0,0.5460203
1880.0,1880.0,0.70558125
1881.0,1881.0,0.5042081
1882.0,1882.0,0.72002685
1883.0,1883.0,0.6972247
1884.0,1884.0,0.5113939
1885.0,1885.0,0.69624853
1886.0,1886.0,0.22740567
1887.0,1887.0,0.69236493
1888.0,1888.0,0.68867487
1889.0,1889.0,0.7207059
1890.0,1890.0,0.35032094
1891.0,1891.0,0.66085994
1892.0,1892.0,0.70010227
1893.0,1893.0,0.37394562
1894.0,1894.0,0.69573593
1895.0,1895.0,0.32036352
1896.0,1896.0,0.688331
1897.0,1897.0,0.68706393
1898.0,1898.0,0.46692133
1899.0,1899.0,0.3597319
1900.0,1900.0,0.68900305
1901.0,1901.0,0.6974417
1902.0,1902.0,0.36322036
1903.0,1903.0,0.6934524
1904.0,1904.0,0.25986877
1905.0,1905.0,0.54393
1906.0,1906.0,0.4784389
1907.0,1907.0,0.3315156
1908.0,1908.0,0.268958
1909.0,1909.0,0.49939322
1910.0,1910.0,0.686904
1911.0,1911.0,0.24872287
1912.0,1912.0,0.3854497
1913.0,1913.0,0.69255537
1914.0,1914.0,0.263849
1915.0,1915.0,0.7060569
1916.0,1916.0,0.71261746
1917.0,1917.0,0.25478214
1918.0,1918.0,0.6847754
1919.0,1919.0,0.3716887
1920.0,1920.0,0.71267307
1921.0,1921.0,0.6906713
1922.0,1922.0,0.46924493
1923.0,1923.0,0.2671264
1924.0,1924.0,0.23437439
1925.0,1925.0,0.7073747
1926.0,1926.0,0.6874087
1927.0,1927.0,0.16664805
1928.0,1928.0,0.43444523
1929.0,1929.0,0.5250587
1930.0,1930.0,0.69361484
1931.0,1931.0,0.24499328
1932.0,1932.0,0.68335193
1933.0,1933.0,0.26292714
1934.0,1934.0,0.69605035
1935.0,1935.0,0.7164907
1936.0,1936.0,0.67539984
1937.0,1937.0,0.19680373
1938.0,1938.0,0.6889913
1939.0,1939.0,0.48893583
1940.0,1940.0,0.6882385
1941.0,1941.0,0.6954478
1942.0,1942.0,0.694151
1943.0,1943.0,0.23217985
1944.0,1944.0,0.37098873
1945.0,1945.0,0.6818206
1946.0,1946.0,0.7080658
1947.0,1947.0,0.6397764
1948.0,1948.0,0.45226473
1949.0,1949.0,0.7022509
1950.0,1950.0,0.33923292
1951.0,1951.0,0.28654736
1952.0,1952.0,0.6872012
1953.0,1953.0,0.6976003
1954.0,1954.0,0.6282474
1955.0,1955.0,0.6880734
1956.0,1956.0,0.24249908
1957.0,1957.0,0.49472862
1958.0,1958.0,0.69469786
1959.0,1959.0,0.22403389
1960.0,1960.0,0.69250596
1961.0,1961.0,0.7915067
1962.0,1962.0,0.38422072
1963.0,1963.0,0.5452835
1964.0,1964.0,0.70562834
1965.0,1965.0,0.3997886
1966.0,1966.0,0.2987922
1967.0,1967.0,0.5568024
1968.0,1968.0,0.5874921
1969.0,1969.0,0.6939273
1970.0,1970.0,0.40326717
1971.0,1971.0,0.68265283
1972.0,1972.0,0.4910814
1973.0,1973.0,0.74147594
1974.0,1974.0,0.44373524
1975.0,1975.0,0.25990355
1976.0,1976.0,0.17440121
1977.0,1977.0,0.6759959
1978.0,1978.0,0.69729435
1979.0,1979.0,0.6895419
1980.0,1980.0,0.5395402
1981.0,1981.0,0.26318955
1982.0,1982.0,0.32924736
1983.0,1983.0,0.43795195
1984.0,1984.0,0.53268886
1985.0,1985.0,0.3595949
1986.0,1986.0,0.6846053
1987.0,1987.0,0.43482402
1988.0,1988.0,0.6944934
