x,y,species stddev
1.0,1.0,0.021028342
2.0,2.0,0.026290368
3.0,3.0,0.013637314
4.0,4.0,0.027508441
5.0,5.0,0.030807313
6.0,6.0,0.018439878
7.0,7.0,0.031963926
8.0,8.0,0.02077093
9.0,9.0,0.009839875
10.0,10.0,0.014677817
11.0,11.0,0.042531654
12.0,12.0,0.018684052
13.0,13.0,0.038325094
14.0,14.0,0.024735184
15.0,15.0,0.01948178
16.0,16.0,0.07706976
17.0,17.0,0.00842378
18.0,18.0,0.013685562
19.0,19.0,0.023502624
20.0,20.0,0.0140994685
21.0,21.0,0.018001918
22.0,22.0,0.020516917
23.0,23.0,0.016187532
24.0,24.0,0.014060187
25.0,25.0,0.0029024992
26.0,26.0,0.028843427
27.0,27.0,0.030205486
28.0,28.0,0.04965215
29.0,29.0,0.048151594
30.0,30.0,0.007112785
31.0,31.0,0.007614067
32.0,32.0,0.019011848
33.0,33.0,0.049976397
34.0,34.0,0.02474461
35.0,35.0,0.012279339
36.0,36.0,0.029578315
37.0,37.0,0.016078498
38.0,38.0,0.033902124
39.0,39.0,0.013300195
40.0,40.0,0.034994278
41.0,41.0,0.017224947
42.0,42.0,0.0053951493
43.0,43.0,0.05103792
44.0,44.0,0.028908005
45.0,45.0,0.0066942815
46.0,46.0,0.027006801
47.0,47.0,0.018700533
48.0,48.0,0.06456491
49.0,49.0,0.030731149
50.0,50.0,0.017697722
51.0,51.0,0.01860803
52.0,52.0,0.0052808616
53.0,53.0,0.017350651
54.0,54.0,0.032723248
55.0,55.0,0.032588124
56.0,56.0,0.030738113
57.0,57.0,0.016795533
58.0,58.0,0.03348141
59.0,59.0,0.0033113938
60.0,60.0,0.053075224
61.0,61.0,0.022395823
62.0,62.0,0.055599492
63.0,63.0,0.0054106885
64.0,64.0,0.018305821
65.0,65.0,0.012227452
66.0,66.0,0.021840982
67.0,67.0,0.003286581
68.0,68.0,0.008695716
69.0,69.0,0.029548839
70.0,70.0,0.018672507
71.0,71.0,0.031688143
72.0,72.0,0.028838493
73.0,73.0,0.030604782
74.0,74.0,0.04000006
75.0,75.0,0.0063584056
76.0,76.0,0.014884495
77.0,77.0,0.0246199
78.0,78.0,0.07474579
79.0,79.0,0.06116891
80.0,80.0,0.055336248
81.0,81.0,0.026438573
82.0,82.0,0.076405846
83.0,83.0,0.002890712
84.0,84.0,0.030553069
85.0,85.0,0.015933186
86.0,86.0,0.02075141
87.0,87.0,0.004915141
88.0,88.0,0.014433599
89.0,89.0,0.06340144
90.0,90.0,0.002920522
91.0,91.0,0.013205275
92.0,92.0,0.025610773
93.0,93.0,0.052470375
94.0,94.0,0.007724114
95.0,95.0,0.051568862
96.0,96.0,0.0056982357
97.0,97.0,0.002943056
98.0,98.0,0.037829455
99.0,99.0,0.010088797
100.0,100.0,0.01902873
101.0,101.0,0.026625939
102.0,102.0,0.014797362
103.0,103.0,0.029634858
104.0,104.0,0.031501863
105.0,105.0,0.013252483
106.0,106.0,0.0041767927
107.0,107.0,0.0063668475
108.0,108.0,0.018968971
109.0,109.0,0.03310697
110.0,110.0,0.017460369
111.0,111.0,0.0336386
112.0,112.0,0.020286791
113.0,113.0,0.005381413
114.0,114.0,0.020149197
115.0,115.0,0.032258503
116.0,116.0,0.016321478
117.0,117.0,0.06866997
118.0,118.0,0.029008022
119.0,119.0,0.0054143243
120.0,120.0,0.016829696
121.0,121.0,0.05498444
122.0,122.0,0.030733664
123.0,123.0,0.004750599
124.0,124.0,0.0053430824
125.0,125.0,0.0047623343
126.0,126.0,0.030439211
127.0,127.0,0.03370933
128.0,128.0,0.018463207
129.0,129.0,0.019202117
130.0,130.0,0.021059414
131.0,131.0,0.021585701
132.0,132.0,0.006223791
133.0,133.0,0.021052055
134.0,134.0,0.026759414
135.0,135.0,0.03348798
136.0,136.0,0.017534474
137.0,137.0,0.012039464
138.0,138.0,0.029504018
139.0,139.0,0.016171731
140.0,140.0,0.027388394
141.0,141.0,0.029058766
142.0,142.0,0.02834188
143.0,143.0,0.05120957
144.0,144.0,0.03302522
145.0,145.0,0.05666651
146.0,146.0,0.017137252
147.0,147.0,0.0050347787
148.0,148.0,0.009092333
149.0,149.0,0.014907402
150.0,150.0,0.013269736
151.0,151.0,0.025915848
152.0,152.0,0.06320292
153.0,153.0,0.056371074
154.0,154.0,0.05168505
155.0,155.0,0.06198471
156.0,156.0,0.03632405
157.0,157.0,0.023319634
158.0,158.0,0.005676047
159.0,159.0,0.044674933
160.0,160.0,0.024490818
161.0,161.0,0.0029648584
162.0,162.0,0.0057725483
163.0,163.0,0.0066445717
164.0,164.0,0.02455214
165.0,165.0,0.029883493
166.0,166.0,0.048541494
167.0,167.0,0.030895991
168.0,168.0,0.033611607
169.0,169.0,0.0029544805
170.0,170.0,0.0031054772
171.0,171.0,0.047335688
172.0,172.0,0.04976188
173.0,173.0,0.003658867
174.0,174.0,0.022337932
175.0,175.0,0.033094946
176.0,176.0,0.025362186
177.0,177.0,0.01839005
178.0,178.0,0.029827537
179.0,179.0,0.03290363
180.0,180.0,0.020870095
181.0,181.0,0.004011004
182.0,182.0,0.0033077816
183.0,183.0,0.024746597
184.0,184.0,0.038595773
185.0,185.0,0.019992154
186.0,186.0,0.047673658
187.0,187.0,0.0035925768
188.0,188.0,0.026705762
189.0,189.0,0.016309043
190.0,190.0,0.021865558
191.0,191.0,0.029885514
192.0,192.0,0.008151777
193.0,193.0,0.017175553
194.0,194.0,0.015440222
195.0,195.0,0.03382087
196.0,196.0,0.0122660855
197.0,197.0,0.020926984
198.0,198.0,0.012754019
199.0,199.0,0.024706593
200.0,200.0,0.033415772
201.0,201.0,0.026960276
202.0,202.0,0.059765104
203.0,203.0,0.019999664
204.0,204.0,0.028727671
205.0,205.0,0.015663397
206.0,206.0,0.025045943
207.0,207.0,0.026382297
208.0,208.0,0.0042902324
209.0,209.0,0.0030361204
210.0,210.0,0.0256274
211.0,211.0,0.026445555
212.0,212.0,0.056413375
213.0,213.0,0.003339107
214.0,214.0,0.058804944
215.0,215.0,0.05572501
216.0,216.0,0.018140769
217.0,217.0,0.0166933
218.0,218.0,0.10601535
219.0,219.0,0.0625867
220.0,220.0,0.03839044
221.0,221.0,0.038199734
222.0,222.0,0.009098454
223.0,223.0,0.012566374
224.0,224.0,0.025714343
225.0,225.0,0.03119113
226.0,226.0,0.0048451824
227.0,227.0,0.048030138
228.0,228.0,0.01162707
229.0,229.0,0.006253144
230.0,230.0,0.027697735
231.0,231.0,0.030601544
232.0,232.0,0.004212594
233.0,233.0,0.032653797
234.0,234.0,0.027592767
235.0,235.0,0.0033303837
236.0,236.0,0.03790667
237.0,237.0,0.0068727895
238.0,238.0,0.018020427
239.0,239.0,0.02357498
240.0,240.0,0.02884058
241.0,241.0,0.022664476
242.0,242.0,0.005069864
243.0,243.0,0.033906583
244.0,244.0,0.030631926
245.0,245.0,0.008921028
246.0,246.0,0.020529782
247.0,247.0,0.03360602
248.0,248.0,0.030886276
249.0,249.0,0.047925737
250.0,250.0,0.02490075
251.0,251.0,0.06395887
252.0,252.0,0.005758186
253.0,253.0,0.022975018
254.0,254.0,0.102801256
255.0,255.0,0.028259251
256.0,256.0,0.009220407
257.0,257.0,0.025718033
258.0,258.0,0.0066733537
259.0,259.0,0.030758912
260.0,260.0,0.030522013
261.0,261.0,0.032031406
262.0,262.0,0.0119479885
263.0,263.0,0.062486887
264.0,264.0,0.018249586
265.0,265.0,0.032570697
266.0,266.0,0.03198582
267.0,267.0,0.0062074005
268.0,268.0,0.010193902
269.0,269.0,0.031020643
270.0,270.0,0.019235838
271.0,271.0,0.062320042
272.0,272.0,0.014246686
273.0,273.0,0.020665709
274.0,274.0,0.031029323
275.0,275.0,0.019953748
276.0,276.0,0.017041793
277.0,277.0,0.005058444
278.0,278.0,0.03020471
279.0,279.0,0.019141948
280.0,280.0,0.009802188
281.0,281.0,0.0058313673
282.0,282.0,0.00294072
283.0,283.0,0.006299192
284.0,284.0,0.026049351
285.0,285.0,0.0055636135
286.0,286.0,0.026249079
287.0,287.0,0.028875189
288.0,288.0,0.03015006
289.0,289.0,0.006350469
290.0,290.0,0.02352046
291.0,291.0,0.007900394
292.0,292.0,0.011708802
293.0,293.0,0.020678207
294.0,294.0,0.07548522
295.0,295.0,0.010387897
296.0,296.0,0.014094296
297.0,297.0,0.009940576
298.0,298.0,0.033605117
299.0,299.0,0.011657122
300.0,300.0,0.025547596
301.0,301.0,0.06843578
302.0,302.0,0.018493496
303.0,303.0,0.00931311
304.0,304.0,0.0161752
305.0,305.0,0.025413213
306.0,306.0,0.02132643
307.0,307.0,0.016416857
308.0,308.0,0.030093016
309.0,309.0,0.015571362
310.0,310.0,0.00464206
311.0,311.0,0.0029319956
312.0,312.0,0.06045988
313.0,313.0,0.026427494
314.0,314.0,0.04893703
315.0,315.0,0.0073955497
316.0,316.0,0.0052092
317.0,317.0,0.0785601
318.0,318.0,0.085796975
319.0,319.0,0.030898685
320.0,320.0,0.0034814721
321.0,321.0,0.0095175095
322.0,322.0,0.02784134
323.0,323.0,0.026736675
324.0,324.0,0.02141513
325.0,325.0,0.0046341587
326.0,326.0,0.018366817
327.0,327.0,0.017143523
328.0,328.0,0.011229218
329.0,329.0,0.015073329
330.0,330.0,0.024941754
331.0,331.0,0.023850366
332.0,332.0,0.014257178
333.0,333.0,0.031227587
334.0,334.0,0.005530333
335.0,335.0,0.0334417
336.0,336.0,0.02105121
337.0,337.0,0.028365368
338.0,338.0,0.002954659
339.0,339.0,0.0063386178
340.0,340.0,0.024595011
341.0,341.0,0.06621576
342.0,342.0,0.0182102
343.0,343.0,0.018722126
344.0,344.0,0.010360397
345.0,345.0,0.053968746
346.0,346.0,0.012839799
347.0,347.0,0.020264508
348.0,348.0,0.013152949
349.0,349.0,0.018605687
350.0,350.0,0.027848294
351.0,351.0,0.02105053
352.0,352.0,0.026646534
353.0,353.0,0.020053048
354.0,354.0,0.03529953
355.0,355.0,0.0033813755
356.0,356.0,0.0719904
357.0,357.0,0.024089374
358.0,358.0,0.0060391217
359.0,359.0,0.028722215
360.0,360.0,0.0045950077
361.0,361.0,0.024475843
362.0,362.0,0.03242937
363.0,363.0,0.03152215
364.0,364.0,0.007103575
365.0,365.0,0.020455264
366.0,366.0,0.0063579343
367.0,367.0,0.0029325665
368.0,368.0,0.0052213343
369.0,369.0,0.008698439
370.0,370.0,0.060066126
371.0,371.0,0.005598056
372.0,372.0,0.029468095
373.0,373.0,0.031374183
374.0,374.0,0.038804103
375.0,375.0,0.032908283
376.0,376.0,0.0041569183
377.0,377.0,0.022242844
378.0,378.0,0.033175927
379.0,379.0,0.02028064
380.0,380.0,0.027076893
381.0,381.0,0.030140107
382.0,382.0,0.0064164223
383.0,383.0,0.04380308
384.0,384.0,0.0055008475
385.0,385.0,0.08290508
386.0,386.0,0.031751677
387.0,387.0,0.03056488
388.0,388.0,0.03163597
389.0,389.0,0.033272866
390.0,390.0,0.015981833
391.0,391.0,0.0046741576
392.0,392.0,0.04342193
393.0,393.0,0.053294223
394.0,394.0,0.022956284
395.0,395.0,0.01996797
396.0,396.0,0.0041896175
397.0,397.0,0.020243822
398.0,398.0,0.029982267
399.0,399.0,0.0058350014
400.0,400.0,0.029929146
401.0,401.0,0.016989987
402.0,402.0,0.02142814
403.0,403.0,0.0056580137
404.0,404.0,0.023524992
405.0,405.0,0.03337893
406.0,406.0,0.0030976217
407.0,407.0,0.019165711
408.0,408.0,0.023297077
409.0,409.0,0.0044717016
410.0,410.0,0.033054892
411.0,411.0,0.016784199
412.0,412.0,0.02874893
413.0,413.0,0.02967762
414.0,414.0,0.029791124
415.0,415.0,0.005226886
416.0,416.0,0.029424217
417.0,417.0,0.015948929
418.0,418.0,0.01881182
419.0,419.0,0.025242772
420.0,420.0,0.0056023262
421.0,421.0,0.005896639
422.0,422.0,0.0310726
423.0,423.0,0.034726135
424.0,424.0,0.0058875964
425.0,425.0,0.030174438
426.0,426.0,0.010163549
427.0,427.0,0.039611828
428.0,428.0,0.049955785
429.0,429.0,0.012150466
430.0,430.0,0.02380942
431.0,431.0,0.024554018
432.0,432.0,0.0057051447
433.0,433.0,0.013162715
434.0,434.0,0.0079880655
435.0,435.0,0.054791424
436.0,436.0,0.025969477
437.0,437.0,0.01999071
438.0,438.0,0.02332021
439.0,439.0,0.0066914265
440.0,440.0,0.014208488
441.0,441.0,0.0291016
442.0,442.0,0.005630811
443.0,443.0,0.022213949
444.0,444.0,0.030496392
445.0,445.0,0.10831884
446.0,446.0,0.06951229
447.0,447.0,0.069472656
448.0,448.0,0.015110888
449.0,449.0,0.0091669755
450.0,450.0,0.014703239
451.0,451.0,0.02764622
452.0,452.0,0.016691143
453.0,453.0,0.017961377
454.0,454.0,0.021560457
455.0,455.0,0.023748452
456.0,456.0,0.03176216
457.0,457.0,0.05291702
458.0,458.0,0.015833521
459.0,459.0,0.033427767
460.0,460.0,0.0093167685
461.0,461.0,0.0063829795
462.0,462.0,0.018207034
463.0,463.0,0.035288766
464.0,464.0,0.006010803
465.0,465.0,0.01994952
466.0,466.0,0.018902715
467.0,467.0,0.020941205
468.0,468.0,0.10608946
469.0,469.0,0.030730337
470.0,470.0,0.013577022
471.0,471.0,0.02868992
472.0,472.0,0.02758439
473.0,473.0,0.03164392
474.0,474.0,0.020812158
475.0,475.0,0.0073873596
476.0,476.0,0.061908647
477.0,477.0,0.0052342955
478.0,478.0,0.00519903
479.0,479.0,0.028175753
480.0,480.0,0.01835556
481.0,481.0,0.02183027
482.0,482.0,0.034359556
483.0,483.0,0.008373768
484.0,484.0,0.024023807
485.0,485.0,0.050059915
486.0,486.0,0.029624144
487.0,487.0,0.013471881
488.0,488.0,0.030235577
489.0,489.0,0.0037300924
490.0,490.0,0.010554389
491.0,491.0,0.0150582185
492.0,492.0,0.020381477
493.0,493.0,0.005590868
494.0,494.0,0.035849825
495.0,495.0,0.03344388
496.0,496.0,0.059564255
497.0,497.0,0.020274006
498.0,498.0,0.028738273
499.0,499.0,0.031491466
500.0,500.0,0.029782504
501.0,501.0,0.0034697533
502.0,502.0,0.03147011
503.0,503.0,0.030713523
504.0,504.0,0.028399793
505.0,505.0,0.005225871
506.0,506.0,0.032611884
507.0,507.0,0.07355279
508.0,508.0,0.031224059
509.0,509.0,0.056150686
510.0,510.0,0.05903568
511.0,511.0,0.005284709
512.0,512.0,0.03144308
513.0,513.0,0.007063198
514.0,514.0,0.011820311
515.0,515.0,0.02980644
516.0,516.0,0.013689699
517.0,517.0,0.011700978
518.0,518.0,0.018834861
519.0,519.0,0.028168235
520.0,520.0,0.0057384023
521.0,521.0,0.049367275
522.0,522.0,0.053956863
523.0,523.0,0.027832381
524.0,524.0,0.0049103317
525.0,525.0,0.031619012
526.0,526.0,0.031894024
527.0,527.0,0.050308626
528.0,528.0,0.023812672
529.0,529.0,0.004374056
530.0,530.0,0.0036487286
531.0,531.0,0.00618213
532.0,532.0,0.022963006
533.0,533.0,0.02025807
534.0,534.0,0.031297892
535.0,535.0,0.11013101
536.0,536.0,0.00431438
537.0,537.0,0.0075092004
538.0,538.0,0.0655717
539.0,539.0,0.0065333266
540.0,540.0,0.028250493
541.0,541.0,0.01503565
542.0,542.0,0.056286953
543.0,543.0,0.025450468
544.0,544.0,0.020903686
545.0,545.0,0.033553973
546.0,546.0,0.013983086
547.0,547.0,0.01931039
548.0,548.0,0.025670322
549.0,549.0,0.00527463
550.0,550.0,0.056695327
551.0,551.0,0.013277728
552.0,552.0,0.028710416
553.0,553.0,0.01535481
554.0,554.0,0.034095462
555.0,555.0,0.029829532
556.0,556.0,0.03677381
557.0,557.0,0.021292118
558.0,558.0,0.0054420033
559.0,559.0,0.004926768
560.0,560.0,0.005260233
561.0,561.0,0.023865325
562.0,562.0,0.018222487
563.0,563.0,0.027864508
564.0,564.0,0.007901528
565.0,565.0,0.02334767
566.0,566.0,0.0074349176
567.0,567.0,0.0057064085
568.0,568.0,0.030738518
569.0,569.0,0.01561506
570.0,570.0,0.017851518
571.0,571.0,0.02832316
572.0,572.0,0.034037486
573.0,573.0,0.017396932
574.0,574.0,0.063308574
575.0,575.0,0.0064025316
576.0,576.0,0.031198135
577.0,577.0,0.018828787
578.0,578.0,0.0030092523
579.0,579.0,0.021078328
580.0,580.0,0.00294826
581.0,581.0,0.005731202
582.0,582.0,0.006265947
583.0,583.0,0.004905743
584.0,584.0,0.032934204
585.0,585.0,0.029776992
586.0,586.0,0.033567257
587.0,587.0,0.018687472
588.0,588.0,0.033658575
589.0,589.0,0.007947446
590.0,590.0,0.032185424
591.0,591.0,0.028929317
592.0,592.0,0.00565093
593.0,593.0,0.018771827
594.0,594.0,0.005169627
595.0,595.0,0.016209103
596.0,596.0,0.005477998
597.0,597.0,0.03056999
598.0,598.0,0.016541716
599.0,599.0,0.019353347
600.0,600.0,0.021567583
601.0,601.0,0.013389879
602.0,602.0,0.0059228754
603.0,603.0,0.029961355
604.0,604.0,0.003927222
605.0,605.0,0.005538191
606.0,606.0,0.01259061
607.0,607.0,0.013633328
608.0,608.0,0.01029966
609.0,609.0,0.023571445
610.0,610.0,0.01074948
611.0,611.0,0.027355308
612.0,612.0,0.024680767
613.0,613.0,0.019026281
614.0,614.0,0.0033499198
615.0,615.0,0.005180749
616.0,616.0,0.028698767
617.0,617.0,0.024512146
618.0,618.0,0.0072241705
619.0,619.0,0.029212974
620.0,620.0,0.033060655
621.0,621.0,0.032288987
622.0,622.0,0.019593729
623.0,623.0,0.032891747
624.0,624.0,0.016452521
625.0,625.0,0.0037193554
626.0,626.0,0.003351518
627.0,627.0,0.003122881
628.0,628.0,0.021034483
629.0,629.0,0.016376726
630.0,630.0,0.062269285
631.0,631.0,0.0060354373
632.0,632.0,0.042805154
633.0,633.0,0.027127456
634.0,634.0,0.023923207
635.0,635.0,0.005186123
636.0,636.0,0.005415324
637.0,637.0,0.020233016
638.0,638.0,0.02694821
639.0,639.0,0.033445347
640.0,640.0,0.018718572
641.0,641.0,0.034063213
642.0,642.0,0.046185583
643.0,643.0,0.032338776
644.0,644.0,0.02201395
645.0,645.0,0.030610563
646.0,646.0,0.005003759
647.0,647.0,0.030557001
648.0,648.0,0.029590882
649.0,649.0,0.03247819
650.0,650.0,0.03415049
651.0,651.0,0.0058055534
652.0,652.0,0.00543024
653.0,653.0,0.054605644
654.0,654.0,0.018610941
655.0,655.0,0.030279875
656.0,656.0,0.029187862
657.0,657.0,0.0125371795
658.0,658.0,0.004637429
659.0,659.0,0.0068140165
660.0,660.0,0.024378346
661.0,661.0,0.021753412
662.0,662.0,0.06937868
663.0,663.0,0.032581996
664.0,664.0,0.0051273042
665.0,665.0,0.0302396
666.0,666.0,0.03279428
667.0,667.0,0.06251885
668.0,668.0,0.022834307
669.0,669.0,0.019497314
670.0,670.0,0.052144844
671.0,671.0,0.0029258342
672.0,672.0,0.015308569
673.0,673.0,0.024409944
674.0,674.0,0.038861785
675.0,675.0,0.01617199
676.0,676.0,0.009489538
677.0,677.0,0.022090515
678.0,678.0,0.020487653
679.0,679.0,0.019549854
680.0,680.0,0.024731494
681.0,681.0,0.016255947
682.0,682.0,0.005509826
683.0,683.0,0.030822484
684.0,684.0,0.029619848
685.0,685.0,0.022408493
686.0,686.0,0.031274334
687.0,687.0,0.0053936993
688.0,688.0,0.034446605
689.0,689.0,0.0073123868
690.0,690.0,0.012750467
691.0,691.0,0.022553574
692.0,692.0,0.0053259484
693.0,693.0,0.030785847
694.0,694.0,0.07614052
695.0,695.0,0.0051484765
696.0,696.0,0.030583693
697.0,697.0,0.03174443
698.0,698.0,0.0056154593
699.0,699.0,0.022837186
700.0,700.0,0.032319125
701.0,701.0,0.031012598
702.0,702.0,0.05166457
703.0,703.0,0.062030416
704.0,704.0,0.034062795
705.0,705.0,0.033602364
706.0,706.0,0.024509735
707.0,707.0,0.004750737
708.0,708.0,0.005166585
709.0,709.0,0.0143330805
710.0,710.0,0.08398952
711.0,711.0,0.074355446
712.0,712.0,0.028258087
713.0,713.0,0.029123507
714.0,714.0,0.017334588
715.0,715.0,0.019738398
716.0,716.0,0.029343117
717.0,717.0,0.03046702
718.0,718.0,0.017508892
719.0,719.0,0.106879875
720.0,720.0,0.006759168
721.0,721.0,0.02979954
722.0,722.0,0.0054422244
723.0,723.0,0.0346345
724.0,724.0,0.031926792
725.0,725.0,0.0039423555
726.0,726.0,0.037665844
727.0,727.0,0.0189423
728.0,728.0,0.027218226
729.0,729.0,0.00586272
730.0,730.0,0.0056908587
731.0,731.0,0.030563662
732.0,732.0,0.062661
733.0,733.0,0.025292654
734.0,734.0,0.00532161
735.0,735.0,0.022620535
736.0,736.0,0.016093021
737.0,737.0,0.015653655
738.0,738.0,0.03983457
739.0,739.0,0.025743969
740.0,740.0,0.018656515
741.0,741.0,0.009689996
742.0,742.0,0.028047938
743.0,743.0,0.022121646
744.0,744.0,0.081341654
745.0,745.0,0.065436
746.0,746.0,0.07410209
747.0,747.0,0.025808867
748.0,748.0,0.06778289
749.0,749.0,0.0059919227
750.0,750.0,0.032635164
751.0,751.0,0.018502457
752.0,752.0,0.024720814
753.0,753.0,0.032946393
754.0,754.0,0.016167337
755.0,755.0,0.059540007
756.0,756.0,0.026438573
757.0,757.0,0.017567247
758.0,758.0,0.014298902
759.0,759.0,0.029544398
760.0,760.0,0.019274123
761.0,761.0,0.034451544
762.0,762.0,0.00728415
763.0,763.0,0.031553026
764.0,764.0,0.0044752546
765.0,765.0,0.0074321097
766.0,766.0,0.01711907
767.0,767.0,0.019364102
768.0,768.0,0.031453118
769.0,769.0,0.02198838
770.0,770.0,0.016018065
771.0,771.0,0.03901371
772.0,772.0,0.016262019
773.0,773.0,0.020541862
774.0,774.0,0.03104144
775.0,775.0,0.027159823
776.0,776.0,0.018220104
777.0,777.0,0.0031837148
778.0,778.0,0.018086223
779.0,779.0,0.0029508197
780.0,780.0,0.031730507
781.0,781.0,0.024678
782.0,782.0,0.029654173
783.0,783.0,0.004483812
784.0,784.0,0.017287228
785.0,785.0,0.033009157
786.0,786.0,0.003184868
787.0,787.0,0.014013341
788.0,788.0,0.0059688957
789.0,789.0,0.032214563
790.0,790.0,0.0031609444
791.0,791.0,0.023841724
792.0,792.0,0.014259599
793.0,793.0,0.0053392947
794.0,794.0,0.019749211
795.0,795.0,0.0090643065
796.0,796.0,0.0064482973
797.0,797.0,0.026658038
798.0,798.0,0.022409597
799.0,799.0,0.111813076
800.0,800.0,0.016270444
801.0,801.0,0.005545219
802.0,802.0,0.011422546
803.0,803.0,0.01964382
804.0,804.0,0.025129993
805.0,805.0,0.03218413
806.0,806.0,0.02074733
807.0,807.0,0.023877108
808.0,808.0,0.04661424
809.0,809.0,0.024364637
810.0,810.0,0.028352765
811.0,811.0,0.031557947
812.0,812.0,0.008136198
813.0,813.0,0.006418579
814.0,814.0,0.022387479
815.0,815.0,0.053748265
816.0,816.0,0.016708752
817.0,817.0,0.018910583
818.0,818.0,0.024371574
819.0,819.0,0.03320352
820.0,820.0,0.016553354
821.0,821.0,0.026180007
822.0,822.0,0.006835644
823.0,823.0,0.005100478
824.0,824.0,0.0036903196
825.0,825.0,0.028935125
826.0,826.0,0.0029605264
827.0,827.0,0.0197297
828.0,828.0,0.016312249
829.0,829.0,0.06514572
830.0,830.0,0.030735046
831.0,831.0,0.018183399
832.0,832.0,0.05461665
833.0,833.0,0.032794934
834.0,834.0,0.029036045
835.0,835.0,0.005745876
836.0,836.0,0.014708203
837.0,837.0,0.018288577
838.0,838.0,0.0052275094
839.0,839.0,0.007723903
840.0,840.0,0.016419219
841.0,841.0,0.005403393
842.0,842.0,0.008724693
843.0,843.0,0.030787405
844.0,844.0,0.005977634
845.0,845.0,0.005180557
846.0,846.0,0.031260792
847.0,847.0,0.025186816
848.0,848.0,0.030237282
849.0,849.0,0.0127179
850.0,850.0,0.0032651334
851.0,851.0,0.026809197
852.0,852.0,0.033203654
853.0,853.0,0.024884205
854.0,854.0,0.023636336
855.0,855.0,0.027269946
856.0,856.0,0.013024243
857.0,857.0,0.062134955
858.0,858.0,0.023191813
859.0,859.0,0.08885591
860.0,860.0,0.04038649
861.0,861.0,0.008083681
862.0,862.0,0.014633039
863.0,863.0,0.016443219
864.0,864.0,0.049659554
865.0,865.0,0.0029217284
866.0,866.0,0.033772793
867.0,867.0,0.014803081
868.0,868.0,0.02657705
869.0,869.0,0.022713173
870.0,870.0,0.062486887
871.0,871.0,0.024324669
872.0,872.0,0.02738033
873.0,873.0,0.028725272
874.0,874.0,0.019184949
875.0,875.0,0.031121282
876.0,876.0,0.029214878
877.0,877.0,0.051631976
878.0,878.0,0.009748548
879.0,879.0,0.012366848
880.0,880.0,0.032839537
881.0,881.0,0.023361884
882.0,882.0,0.030117054
883.0,883.0,0.0052418015
884.0,884.0,0.0053330204
885.0,885.0,0.04869908
886.0,886.0,0.009538245
887.0,887.0,0.004613296
888.0,888.0,0.026834574
889.0,889.0,0.05271929
890.0,890.0,0.030149462
891.0,891.0,0.005264178
892.0,892.0,0.011972022
893.0,893.0,0.034100246
894.0,894.0,0.012832792
895.0,895.0,0.015149741
896.0,896.0,0.008343888
897.0,897.0,0.013888565
898.0,898.0,0.003990558
899.0,899.0,0.019031847
900.0,900.0,0.07520437
901.0,901.0,0.014379838
902.0,902.0,0.0060820365
903.0,903.0,0.027342781
904.0,904.0,0.030919377
905.0,905.0,0.032879855
906.0,906.0,0.050052773
907.0,907.0,0.029764667
908.0,908.0,0.0092800055
909.0,909.0,0.033120442
910.0,910.0,0.071321756
911.0,911.0,0.029340725
912.0,912.0,0.03327812
913.0,913.0,0.027674554
914.0,914.0,0.033092506
915.0,915.0,0.019546047
916.0,916.0,0.0049367254
917.0,917.0,0.017117415
918.0,918.0,0.054198135
919.0,919.0,0.005629992
920.0,920.0,0.014362589
921.0,921.0,0.050003253
922.0,922.0,0.0064643067
923.0,923.0,0.028662944
924.0,924.0,0.059603307
925.0,925.0,0.022143584
926.0,926.0,0.0063222446
927.0,927.0,0.0053551025
928.0,928.0,0.015992926
929.0,929.0,0.04711354
930.0,930.0,0.014803758
931.0,931.0,0.0059502986
932.0,932.0,0.030612625
933.0,933.0,0.014290669
934.0,934.0,0.00641367
935.0,935.0,0.015877565
936.0,936.0,0.03136687
937.0,937.0,0.056653384
938.0,938.0,0.033554725
939.0,939.0,0.015625203
940.0,940.0,0.022044446
941.0,941.0,0.025330588
942.0,942.0,0.06501213
943.0,943.0,0.01807764
944.0,944.0,0.035958853
945.0,945.0,0.023033343
946.0,946.0,0.0029557187
947.0,947.0,0.033005446
948.0,948.0,0.011986817
949.0,949.0,0.02798593
950.0,950.0,0.002884667
951.0,951.0,0.06276001
952.0,952.0,0.026058607
953.0,953.0,0.022859287
954.0,954.0,0.0049633514
955.0,955.0,0.005233028
956.0,956.0,0.01876939
957.0,957.0,0.010667982
958.0,958.0,0.033208266
959.0,959.0,0.0047947317
960.0,960.0,0.0040950836
961.0,961.0,0.02094584
962.0,962.0,0.007782415
963.0,963.0,0.0072617135
964.0,964.0,0.02599339
965.0,965.0,0.08506108
966.0,966.0,0.05303085
967.0,967.0,0.021129008
968.0,968.0,0.0158362
969.0,969.0,0.106107004
970.0,970.0,0.004544918
971.0,971.0,0.0040080426
972.0,972.0,0.005064337
973.0,973.0,0.034227807
974.0,974.0,0.011790961
975.0,975.0,0.029120486
976.0,976.0,0.005447418
977.0,977.0,0.030803395
978.0,978.0,0.031856216
979.0,979.0,0.031598315
980.0,980.0,0.01884729
981.0,981.0,0.026085967
982.0,982.0,0.01580603
983.0,983.0,0.025455981
984.0,984.0,0.0051925415
985.0,985.0,0.006498898
986.0,986.0,0.019588137
987.0,987.0,0.049948275
988.0,988.0,0.018792834
989.0,989.0,0.06445833
990.0,990.0,0.030847492
991.0,991.0,0.03229892
992.0,992.0,0.030739263
993.0,993.0,0.050701737
994.0,994.0,0.01964264
995.0,995.0,0.012395283
996.0,996.0,0.03265411
997.0,997.0,0.013933591
998.0,998.0,0.02714152
999.0,999.0,0.0046304655
1000.0,1000.0,0.0048610885
1001.0,1001.0,0.039424904
1002.0,1002.0,0.02499544
1003.0,1003.0,0.016880771
1004.0,1004.0,0.019263951
1005.0,1005.0,0.06616732
1006.0,1006.0,0.02798267
1007.0,1007.0,0.028895186
1008.0,1008.0,0.013577022
1009.0,1009.0,0.030854618
1010.0,1010.0,0.005364488
1011.0,1011.0,0.021393768
1012.0,1012.0,0.0037968128
1013.0,1013.0,0.020375304
1014.0,1014.0,0.0055274446
1015.0,1015.0,0.032934982
1016.0,1016.0,0.03383936
1017.0,1017.0,0.017635912
1018.0,1018.0,0.01757567
1019.0,1019.0,0.005116786
1020.0,1020.0,0.0029917655
1021.0,1021.0,0.01572471
1022.0,1022.0,0.05341892
1023.0,1023.0,0.0060265157
1024.0,1024.0,0.0054175155
1025.0,1025.0,0.027384289
1026.0,1026.0,0.030474734
1027.0,1027.0,0.053396806
1028.0,1028.0,0.031730063
1029.0,1029.0,0.029079081
1030.0,1030.0,0.0031813635
1031.0,1031.0,0.021479351
1032.0,1032.0,0.014277346
1033.0,1033.0,0.0064412807
1034.0,1034.0,0.0058738473
1035.0,1035.0,0.0053928318
1036.0,1036.0,0.030889168
1037.0,1037.0,0.049330525
1038.0,1038.0,0.07497877
1039.0,1039.0,0.0035588031
1040.0,1040.0,0.016063822
1041.0,1041.0,0.005014078
1042.0,1042.0,0.0052535734
1043.0,1043.0,0.028598562
1044.0,1044.0,0.0038229672
1045.0,1045.0,0.03461028
1046.0,1046.0,0.031031424
1047.0,1047.0,0.008228061
1048.0,1048.0,0.006399272
1049.0,1049.0,0.016730515
1050.0,1050.0,0.021107903
1051.0,1051.0,0.028301328
1052.0,1052.0,0.032943215
1053.0,1053.0,0.029549813
1054.0,1054.0,0.033764195
1055.0,1055.0,0.06423136
1056.0,1056.0,0.0131454915
1057.0,1057.0,0.027073413
1058.0,1058.0,0.0053917337
1059.0,1059.0,0.014491216
1060.0,1060.0,0.011088594
1061.0,1061.0,0.007769009
1062.0,1062.0,0.036110807
1063.0,1063.0,0.0063732215
1064.0,1064.0,0.025470888
1065.0,1065.0,0.004232
1066.0,1066.0,0.02075842
1067.0,1067.0,0.0062760846
1068.0,1068.0,0.01898136
1069.0,1069.0,0.026702303
1070.0,1070.0,0.04728012
1071.0,1071.0,0.019837804
1072.0,1072.0,0.0050456384
1073.0,1073.0,0.027467487
1074.0,1074.0,0.03278596
1075.0,1075.0,0.06333524
1076.0,1076.0,0.020953622
1077.0,1077.0,0.0701544
1078.0,1078.0,0.02203237
1079.0,1079.0,0.010708702
1080.0,1080.0,0.0057873074
1081.0,1081.0,0.031723004
1082.0,1082.0,0.012672259
1083.0,1083.0,0.007986156
1084.0,1084.0,0.026831793
1085.0,1085.0,0.018242422
1086.0,1086.0,0.0064864135
1087.0,1087.0,0.0049414625
1088.0,1088.0,0.0052779717
1089.0,1089.0,0.06063783
1090.0,1090.0,0.0029474553
1091.0,1091.0,0.0062596593
1092.0,1092.0,0.026525047
1093.0,1093.0,0.04299853
1094.0,1094.0,0.022046767
1095.0,1095.0,0.02394891
1096.0,1096.0,0.030141667
1097.0,1097.0,0.011290647
1098.0,1098.0,0.022020318
1099.0,1099.0,0.016385436
1100.0,1100.0,0.01625555
1101.0,1101.0,0.05421591
1102.0,1102.0,0.01883616
1103.0,1103.0,0.0057069305
1104.0,1104.0,0.028259981
1105.0,1105.0,0.030648695
1106.0,1106.0,0.0074356636
1107.0,1107.0,0.015199337
1108.0,1108.0,0.0029315
1109.0,1109.0,0.019529518
1110.0,1110.0,0.018410057
1111.0,1111.0,0.030314216
1112.0,1112.0,0.06670298
1113.0,1113.0,0.033726186
1114.0,1114.0,0.06078312
1115.0,1115.0,0.01938461
1116.0,1116.0,0.013599688
1117.0,1117.0,0.05078362
1118.0,1118.0,0.02075843
1119.0,1119.0,0.040190745
1120.0,1120.0,0.02840178
1121.0,1121.0,0.0269631
1122.0,1122.0,0.019256536
1123.0,1123.0,0.015495671
1124.0,1124.0,0.026787441
1125.0,1125.0,0.016739057
1126.0,1126.0,0.023835171
1127.0,1127.0,0.024135515
1128.0,1128.0,0.033889536
1129.0,1129.0,0.030378127
1130.0,1130.0,0.003197183
1131.0,1131.0,0.0747527
1132.0,1132.0,0.027331533
1133.0,1133.0,0.02345703
1134.0,1134.0,0.015213045
1135.0,1135.0,0.062209196
1136.0,1136.0,0.013260144
1137.0,1137.0,0.0055548777
1138.0,1138.0,0.019940104
1139.0,1139.0,0.023575118
1140.0,1140.0,0.027837055
1141.0,1141.0,0.029467963
1142.0,1142.0,0.0045325854
1143.0,1143.0,0.005512571
1144.0,1144.0,0.010394299
1145.0,1145.0,0.0060608764
1146.0,1146.0,0.011878597
1147.0,1147.0,0.0054902364
1148.0,1148.0,0.018645747
1149.0,1149.0,0.002976097
1150.0,1150.0,0.029626524
1151.0,1151.0,0.027572699
1152.0,1152.0,0.009475926
1153.0,1153.0,0.0136845345
1154.0,1154.0,0.018912917
1155.0,1155.0,0.026040649
1156.0,1156.0,0.008842742
1157.0,1157.0,0.0060497313
1158.0,1158.0,0.03966445
1159.0,1159.0,0.018596128
1160.0,1160.0,0.023473209
1161.0,1161.0,0.029455524
1162.0,1162.0,0.021789007
1163.0,1163.0,0.028124424
1164.0,1164.0,0.015046893
1165.0,1165.0,0.047396146
1166.0,1166.0,0.02359089
1167.0,1167.0,0.003009203
1168.0,1168.0,0.020443166
1169.0,1169.0,0.0072590034
1170.0,1170.0,0.015741657
1171.0,1171.0,0.026683828
1172.0,1172.0,0.004111426
1173.0,1173.0,0.0075100595
1174.0,1174.0,0.021396501
1175.0,1175.0,0.00899601
1176.0,1176.0,0.013410336
1177.0,1177.0,0.014809601
1178.0,1178.0,0.030539585
1179.0,1179.0,0.032115865
1180.0,1180.0,0.009909541
1181.0,1181.0,0.08368483
1182.0,1182.0,0.0055910293
1183.0,1183.0,0.020593487
1184.0,1184.0,0.02085577
1185.0,1185.0,0.029195385
1186.0,1186.0,0.031301696
1187.0,1187.0,0.012241361
1188.0,1188.0,0.024783902
1189.0,1189.0,0.03903351
1190.0,1190.0,0.030031854
1191.0,1191.0,0.0062251654
1192.0,1192.0,0.019337723
1193.0,1193.0,0.012925229
1194.0,1194.0,0.03285842
1195.0,1195.0,0.008304878
1196.0,1196.0,0.018548185
1197.0,1197.0,0.03133566
1198.0,1198.0,0.020711906
1199.0,1199.0,0.022610484
1200.0,1200.0,0.020557605
1201.0,1201.0,0.0029316212
1202.0,1202.0,0.015414062
1203.0,1203.0,0.01226187
1204.0,1204.0,0.0050277244
1205.0,1205.0,0.020977726
1206.0,1206.0,0.049497034
1207.0,1207.0,0.012194987
1208.0,1208.0,0.019134577
1209.0,1209.0,0.022198012
1210.0,1210.0,0.0031692593
1211.0,1211.0,0.050128385
1212.0,1212.0,0.04467027
1213.0,1213.0,0.030439956
1214.0,1214.0,0.06008038
1215.0,1215.0,0.031591274
1216.0,1216.0,0.03057201
1217.0,1217.0,0.018116297
1218.0,1218.0,0.09666144
1219.0,1219.0,0.028089996
1220.0,1220.0,0.03372212
1221.0,1221.0,0.025032166
1222.0,1222.0,0.0057559824
1223.0,1223.0,0.0073702033
1224.0,1224.0,0.02454128
1225.0,1225.0,0.021828411
1226.0,1226.0,0.028720157
1227.0,1227.0,0.05623011
1228.0,1228.0,0.03050378
1229.0,1229.0,0.030526908
1230.0,1230.0,0.015143973
1231.0,1231.0,0.026659403
1232.0,1232.0,0.0088713635
1233.0,1233.0,0.031357516
1234.0,1234.0,0.010485744
1235.0,1235.0,0.0060734814
1236.0,1236.0,0.02520391
1237.0,1237.0,0.020647403
1238.0,1238.0,0.023348948
1239.0,1239.0,0.053525895
1240.0,1240.0,0.015583585
1241.0,1241.0,0.010707555
1242.0,1242.0,0.0029971418
1243.0,1243.0,0.0066699465
1244.0,1244.0,0.022288477
1245.0,1245.0,0.02198563
1246.0,1246.0,0.032820802
1247.0,1247.0,0.011669293
1248.0,1248.0,0.031350404
1249.0,1249.0,0.05465122
1250.0,1250.0,0.03587328
1251.0,1251.0,0.023461713
1252.0,1252.0,0.015812455
1253.0,1253.0,0.07706842
1254.0,1254.0,0.075132884
1255.0,1255.0,0.025708793
1256.0,1256.0,0.056741342
1257.0,1257.0,0.017360568
1258.0,1258.0,0.005235153
1259.0,1259.0,0.03399932
1260.0,1260.0,0.00499588
1261.0,1261.0,0.01883322
1262.0,1262.0,0.048756402
1263.0,1263.0,0.10057046
1264.0,1264.0,0.031732466
1265.0,1265.0,0.0051734825
1266.0,1266.0,0.031911016
1267.0,1267.0,0.034431092
1268.0,1268.0,0.014947385
1269.0,1269.0,0.018435135
1270.0,1270.0,0.01844688
1271.0,1271.0,0.025950918
1272.0,1272.0,0.0113197565
1273.0,1273.0,0.033864312
1274.0,1274.0,0.0324937
1275.0,1275.0,0.03432818
1276.0,1276.0,0.01848191
1277.0,1277.0,0.0336982
1278.0,1278.0,0.016889706
1279.0,1279.0,0.027292307
1280.0,1280.0,0.022705268
1281.0,1281.0,0.019086257
1282.0,1282.0,0.0094436705
1283.0,1283.0,0.022097226
1284.0,1284.0,0.017023768
1285.0,1285.0,0.026287196
1286.0,1286.0,0.006012423
1287.0,1287.0,0.047098294
1288.0,1288.0,0.016829217
1289.0,1289.0,0.030264582
1290.0,1290.0,0.004950008
1291.0,1291.0,0.025600558
1292.0,1292.0,0.028605111
1293.0,1293.0,0.029072288
1294.0,1294.0,0.031215074
1295.0,1295.0,0.033073504
1296.0,1296.0,0.053549815
1297.0,1297.0,0.029769538
1298.0,1298.0,0.024246728
1299.0,1299.0,0.024393411
1300.0,1300.0,0.033547174
1301.0,1301.0,0.024791997
1302.0,1302.0,0.01124775
1303.0,1303.0,0.019051654
1304.0,1304.0,0.0132776005
1305.0,1305.0,0.0035121895
1306.0,1306.0,0.030423729
1307.0,1307.0,0.018107291
1308.0,1308.0,0.015292871
1309.0,1309.0,0.021687917
1310.0,1310.0,0.005945942
1311.0,1311.0,0.031297926
1312.0,1312.0,0.027007684
1313.0,1313.0,0.03857578
1314.0,1314.0,0.0029742082
1315.0,1315.0,0.033403177
1316.0,1316.0,0.10073074
1317.0,1317.0,0.00358812
1318.0,1318.0,0.048742633
1319.0,1319.0,0.033294305
1320.0,1320.0,0.033279877
1321.0,1321.0,0.011808718
1322.0,1322.0,0.005951972
1323.0,1323.0,0.01126025
1324.0,1324.0,0.027666926
1325.0,1325.0,0.01639963
1326.0,1326.0,0.008236322
1327.0,1327.0,0.004643006
1328.0,1328.0,0.022026055
1329.0,1329.0,0.023180213
1330.0,1330.0,0.019469205
1331.0,1331.0,0.07226681
1332.0,1332.0,0.011433684
1333.0,1333.0,0.03322864
1334.0,1334.0,0.0029195477
1335.0,1335.0,0.028763855
1336.0,1336.0,0.029368715
1337.0,1337.0,0.022150347
1338.0,1338.0,0.0053595114
1339.0,1339.0,0.015993135
1340.0,1340.0,0.05757346
1341.0,1341.0,0.019952968
1342.0,1342.0,0.04674066
1343.0,1343.0,0.031783152
1344.0,1344.0,0.071788706
1345.0,1345.0,0.04749892
1346.0,1346.0,0.0056861825
1347.0,1347.0,0.033090044
1348.0,1348.0,0.0033527932
1349.0,1349.0,0.060331568
1350.0,1350.0,0.021226184
1351.0,1351.0,0.024198135
1352.0,1352.0,0.020442717
1353.0,1353.0,0.009388887
1354.0,1354.0,0.03073821
1355.0,1355.0,0.059952706
1356.0,1356.0,0.021039579
1357.0,1357.0,0.0034829245
1358.0,1358.0,0.02928509
1359.0,1359.0,0.00583268
1360.0,1360.0,0.0052378126
1361.0,1361.0,0.018821448
1362.0,1362.0,0.015014921
1363.0,1363.0,0.0068138517
1364.0,1364.0,0.0061836187
1365.0,1365.0,0.0053649046
1366.0,1366.0,0.02927568
1367.0,1367.0,0.03145313
1368.0,1368.0,0.026287196
1369.0,1369.0,0.015289385
1370.0,1370.0,0.016784035
1371.0,1371.0,0.03092519
1372.0,1372.0,0.027255394
1373.0,1373.0,0.016140819
1374.0,1374.0,0.031154996
1375.0,1375.0,0.028271666
1376.0,1376.0,0.0284627
1377.0,1377.0,0.017046258
1378.0,1378.0,0.030568056
1379.0,1379.0,0.030496772
1380.0,1380.0,0.04794784
1381.0,1381.0,0.028889468
1382.0,1382.0,0.010862807
1383.0,1383.0,0.028392497
1384.0,1384.0,0.005216402
1385.0,1385.0,0.06278589
1386.0,1386.0,0.03286014
1387.0,1387.0,0.018856118
1388.0,1388.0,0.02791645
1389.0,1389.0,0.022330258
1390.0,1390.0,0.03211336
1391.0,1391.0,0.0049851374
1392.0,1392.0,0.0058306237
1393.0,1393.0,0.0051570293
1394.0,1394.0,0.006010137
1395.0,1395.0,0.0049150796
1396.0,1396.0,0.01195659
1397.0,1397.0,0.011183884
1398.0,1398.0,0.029996611
1399.0,1399.0,0.015502547
1400.0,1400.0,0.050133176
1401.0,1401.0,0.022532986
1402.0,1402.0,0.06256953
1403.0,1403.0,0.06499795
1404.0,1404.0,0.014199656
1405.0,1405.0,0.05126102
1406.0,1406.0,0.07399696
1407.0,1407.0,0.022383725
1408.0,1408.0,0.029797854
1409.0,1409.0,0.031700123
1410.0,1410.0,0.0055274446
1411.0,1411.0,0.0031974728
1412.0,1412.0,0.07321087
1413.0,1413.0,0.022178922
1414.0,1414.0,0.005227824
1415.0,1415.0,0.03324293
1416.0,1416.0,0.01797551
1417.0,1417.0,0.0029362063
1418.0,1418.0,0.016473398
1419.0,1419.0,0.005803613
1420.0,1420.0,0.004415908
1421.0,1421.0,0.024547704
1422.0,1422.0,0.005966768
1423.0,1423.0,0.019807616
1424.0,1424.0,0.018420335
1425.0,1425.0,0.030408489
1426.0,1426.0,0.02837923
1427.0,1427.0,0.04964649
1428.0,1428.0,0.020809729
1429.0,1429.0,0.020417443
1430.0,1430.0,0.0031121483
1431.0,1431.0,0.012408405
1432.0,1432.0,0.0042902324
1433.0,1433.0,0.01679315
1434.0,1434.0,0.050799534
1435.0,1435.0,0.0101093715
1436.0,1436.0,0.023772024
1437.0,1437.0,0.0048464444
1438.0,1438.0,0.02071416
1439.0,1439.0,0.032666326
1440.0,1440.0,0.033561874
1441.0,1441.0,0.012929462
1442.0,1442.0,0.023845417
1443.0,1443.0,0.024423013
1444.0,1444.0,0.00762443
1445.0,1445.0,0.10816267
1446.0,1446.0,0.014433736
1447.0,1447.0,0.019453926
1448.0,1448.0,0.00879802
1449.0,1449.0,0.05142221
1450.0,1450.0,0.03056865
1451.0,1451.0,0.0055308524
1452.0,1452.0,0.020036563
1453.0,1453.0,0.024533555
1454.0,1454.0,0.055336248
1455.0,1455.0,0.023861717
1456.0,1456.0,0.0037316137
1457.0,1457.0,0.030384595
1458.0,1458.0,0.048949912
1459.0,1459.0,0.020429565
1460.0,1460.0,0.0054301205
1461.0,1461.0,0.024050772
1462.0,1462.0,0.0034759871
1463.0,1463.0,0.0054248297
1464.0,1464.0,0.061678216
1465.0,1465.0,0.005292564
1466.0,1466.0,0.005180557
1467.0,1467.0,0.0053577963
1468.0,1468.0,0.02577362
1469.0,1469.0,0.005655837
1470.0,1470.0,0.032908283
1471.0,1471.0,0.017291846
1472.0,1472.0,0.024647277
1473.0,1473.0,0.003344552
1474.0,1474.0,0.06344688
1475.0,1475.0,0.028162101
1476.0,1476.0,0.03546963
1477.0,1477.0,0.0034594461
1478.0,1478.0,0.04993232
1479.0,1479.0,0.029427059
1480.0,1480.0,0.004931012
1481.0,1481.0,0.07773554
1482.0,1482.0,0.005564839
1483.0,1483.0,0.023606295
1484.0,1484.0,0.026765259
1485.0,1485.0,0.054968458
1486.0,1486.0,0.017348826
1487.0,1487.0,0.012120101
1488.0,1488.0,0.028094178
1489.0,1489.0,0.059894238
1490.0,1490.0,0.005558222
1491.0,1491.0,0.029906714
1492.0,1492.0,0.029261535
1493.0,1493.0,0.020303646
1494.0,1494.0,0.050479352
1495.0,1495.0,0.019769715
1496.0,1496.0,0.022859357
1497.0,1497.0,0.027725043
1498.0,1498.0,0.04966849
1499.0,1499.0,0.022016086
1500.0,1500.0,0.030589594
1501.0,1501.0,0.030993473
1502.0,1502.0,0.017830342
1503.0,1503.0,0.0031466316
1504.0,1504.0,0.0035208843
1505.0,1505.0,0.0054140706
1506.0,1506.0,0.029524826
1507.0,1507.0,0.003932659
1508.0,1508.0,0.02944182
1509.0,1509.0,0.032131676
1510.0,1510.0,0.006568259
1511.0,1511.0,0.012845674
1512.0,1512.0,0.019882578
1513.0,1513.0,0.029345743
1514.0,1514.0,0.05830905
1515.0,1515.0,0.033227164
1516.0,1516.0,0.030064447
1517.0,1517.0,0.050753277
1518.0,1518.0,0.031094495
1519.0,1519.0,0.0062472904
1520.0,1520.0,0.055067502
1521.0,1521.0,0.020531056
1522.0,1522.0,0.0038187194
1523.0,1523.0,0.031327486
1524.0,1524.0,0.028830806
1525.0,1525.0,0.0038742167
1526.0,1526.0,0.014350096
1527.0,1527.0,0.003648605
1528.0,1528.0,0.0068946076
1529.0,1529.0,0.030717919
1530.0,1530.0,0.01773025
1531.0,1531.0,0.004696513
1532.0,1532.0,0.013843932
1533.0,1533.0,0.0068138517
1534.0,1534.0,0.003253076
1535.0,1535.0,0.031369265
1536.0,1536.0,0.030848784
1537.0,1537.0,0.016950725
1538.0,1538.0,0.008124573
1539.0,1539.0,0.05215934
1540.0,1540.0,0.033352386
1541.0,1541.0,0.022553561
1542.0,1542.0,0.005456546
1543.0,1543.0,0.012707231
1544.0,1544.0,0.07060911
1545.0,1545.0,0.013685207
1546.0,1546.0,0.0052283253
1547.0,1547.0,0.0037542547
1548.0,1548.0,0.009834127
1549.0,1549.0,0.02601239
1550.0,1550.0,0.037065804
1551.0,1551.0,0.0029651725
1552.0,1552.0,0.06078312
1553.0,1553.0,0.0344802
1554.0,1554.0,0.03958264
1555.0,1555.0,0.0030830977
1556.0,1556.0,0.01856735
1557.0,1557.0,0.01622806
1558.0,1558.0,0.0055910293
1559.0,1559.0,0.031808175
1560.0,1560.0,0.052089322
1561.0,1561.0,0.10797464
1562.0,1562.0,0.026271
1563.0,1563.0,0.022173764
1564.0,1564.0,0.016251933
1565.0,1565.0,0.027865723
1566.0,1566.0,0.027884679
1567.0,1567.0,0.020030908
1568.0,1568.0,0.023359198
1569.0,1569.0,0.008930358
1570.0,1570.0,0.0040466567
1571.0,1571.0,0.0063222446
1572.0,1572.0,0.021949202
1573.0,1573.0,0.030736096
1574.0,1574.0,0.0057240888
1575.0,1575.0,0.031759795
1576.0,1576.0,0.0036890383
1577.0,1577.0,0.005291611
1578.0,1578.0,0.024621308
1579.0,1579.0,0.010051858
1580.0,1580.0,0.013297962
1581.0,1581.0,0.0371356
1582.0,1582.0,0.0055393763
1583.0,1583.0,0.0034103112
1584.0,1584.0,0.03043161
1585.0,1585.0,0.028641466
1586.0,1586.0,0.00507907
1587.0,1587.0,0.057562012
1588.0,1588.0,0.0032341147
1589.0,1589.0,0.019177025
1590.0,1590.0,0.032554172
1591.0,1591.0,0.0076105664
1592.0,1592.0,0.0032924726
1593.0,1593.0,0.016107824
1594.0,1594.0,0.015716791
1595.0,1595.0,0.0057009966
1596.0,1596.0,0.040320415
1597.0,1597.0,0.014451462
1598.0,1598.0,0.018610513
1599.0,1599.0,0.053417318
1600.0,1600.0,0.0061898674
1601.0,1601.0,0.01653026
1602.0,1602.0,0.00778042
1603.0,1603.0,0.025069572
1604.0,1604.0,0.029047852
1605.0,1605.0,0.029661931
1606.0,1606.0,0.030004261
1607.0,1607.0,0.029011337
1608.0,1608.0,0.017788367
1609.0,1609.0,0.014068977
1610.0,1610.0,0.01761591
1611.0,1611.0,0.027142804
1612.0,1612.0,0.012457951
1613.0,1613.0,0.027180253
1614.0,1614.0,0.025457127
1615.0,1615.0,0.021979086
1616.0,1616.0,0.030873748
1617.0,1617.0,0.01596327
1618.0,1618.0,0.00441336
1619.0,1619.0,0.024558272
1620.0,1620.0,0.0190597
1621.0,1621.0,0.04058247
1622.0,1622.0,0.05295901
1623.0,1623.0,0.014318219
1624.0,1624.0,0.01981075
1625.0,1625.0,0.0104115885
1626.0,1626.0,0.027924031
1627.0,1627.0,0.014864629
1628.0,1628.0,0.024217444
1629.0,1629.0,0.062352218
1630.0,1630.0,0.003914655
1631.0,1631.0,0.0317734
1632.0,1632.0,0.033206612
1633.0,1633.0,0.025885193
1634.0,1634.0,0.0072805425
1635.0,1635.0,0.049639307
1636.0,1636.0,0.005196127
1637.0,1637.0,0.076559514
1638.0,1638.0,0.0052141524
1639.0,1639.0,0.0131237265
1640.0,1640.0,0.005667222
1641.0,1641.0,0.031518918
1642.0,1642.0,0.021665437
1643.0,1643.0,0.016394457
1644.0,1644.0,0.03383511
1645.0,1645.0,0.027862925
1646.0,1646.0,0.0029341169
1647.0,1647.0,0.0066623776
1648.0,1648.0,0.026909955
1649.0,1649.0,0.016938537
1650.0,1650.0,0.025288885
1651.0,1651.0,0.015741589
1652.0,1652.0,0.003662206
1653.0,1653.0,0.024544291
1654.0,1654.0,0.03089477
1655.0,1655.0,0.026159927
1656.0,1656.0,0.032853313
1657.0,1657.0,0.024644604
1658.0,1658.0,0.030607142
1659.0,1659.0,0.033576556
1660.0,1660.0,0.004502478
1661.0,1661.0,0.03311
1662.0,1662.0,0.019234529
1663.0,1663.0,0.04806458
1664.0,1664.0,0.02711092
1665.0,1665.0,0.006345658
1666.0,1666.0,0.030610563
1667.0,1667.0,0.031725418
1668.0,1668.0,0.0068629375
1669.0,1669.0,0.025105882
1670.0,1670.0,0.024641806
1671.0,1671.0,0.021148145
1672.0,1672.0,0.008210367
1673.0,1673.0,0.023178536
1674.0,1674.0,0.0058494206
1675.0,1675.0,0.0052395896
1676.0,1676.0,0.020117475
1677.0,1677.0,0.0070377174
1678.0,1678.0,0.029856356
1679.0,1679.0,0.021069609
1680.0,1680.0,0.0052421177
1681.0,1681.0,0.0031251914
1682.0,1682.0,0.005868333
1683.0,1683.0,0.026070325
1684.0,1684.0,0.011018598
1685.0,1685.0,0.019935725
1686.0,1686.0,0.022651702
1687.0,1687.0,0.005872506
1688.0,1688.0,0.06719671
1689.0,1689.0,0.02596855
1690.0,1690.0,0.03109701
1691.0,1691.0,0.012786589
1692.0,1692.0,0.03254879
1693.0,1693.0,0.03069002
1694.0,1694.0,0.030876178
1695.0,1695.0,0.02771227
1696.0,1696.0,0.018236673
1697.0,1697.0,0.025329761
1698.0,1698.0,0.0056478027
1699.0,1699.0,0.01690008
1700.0,1700.0,0.025579879
1701.0,1701.0,0.031685475
1702.0,1702.0,0.0037614473
1703.0,1703.0,0.027554328
1704.0,1704.0,0.024507502
1705.0,1705.0,0.067855455
1706.0,1706.0,0.05448379
1707.0,1707.0,0.016411055
1708.0,1708.0,0.00759524
1709.0,1709.0,0.014741155
1710.0,1710.0,0.00539798
1711.0,1711.0,0.030248817
1712.0,1712.0,0.012300562
1713.0,1713.0,0.014552089
1714.0,1714.0,0.030398479
1715.0,1715.0,0.014308553
1716.0,1716.0,0.017918063
1717.0,1717.0,0.023202686
1718.0,1718.0,0.035219796
1719.0,1719.0,0.029433537
1720.0,1720.0,0.018769633
1721.0,1721.0,0.0029567827
1722.0,1722.0,0.0059030615
1723.0,1723.0,0.02893731
1724.0,1724.0,0.026632858
1725.0,1725.0,0.034220222
1726.0,1726.0,0.012742085
1727.0,1727.0,0.031449046
1728.0,1728.0,0.07124279
1729.0,1729.0,0.033558216
1730.0,1730.0,0.01336307
1731.0,1731.0,0.029890671
1732.0,1732.0,0.025323953
1733.0,1733.0,0.03097096
1734.0,1734.0,0.039065305
1735.0,1735.0,0.0057079173
1736.0,1736.0,0.025072157
1737.0,1737.0,0.030407587
1738.0,1738.0,0.0064249793
1739.0,1739.0,0.03157186
1740.0,1740.0,0.033018496
1741.0,1741.0,0.002905256
1742.0,1742.0,0.018559374
1743.0,1743.0,0.0052821254
1744.0,1744.0,0.029993068
1745.0,1745.0,0.0075207492
1746.0,1746.0,0.01438778
1747.0,1747.0,0.017492533
1748.0,1748.0,0.008537125
1749.0,1749.0,0.024720807
1750.0,1750.0,0.026378673
1751.0,1751.0,0.0066414634
1752.0,1752.0,0.05561167
1753.0,1753.0,0.007825861
1754.0,1754.0,0.01948049
1755.0,1755.0,0.023084395
1756.0,1756.0,0.012489261
1757.0,1757.0,0.003166777
1758.0,1758.0,0.018491164
1759.0,1759.0,0.027323944
1760.0,1760.0,0.030751556
1761.0,1761.0,0.04974332
1762.0,1762.0,0.025317702
1763.0,1763.0,0.01761972
1764.0,1764.0,0.004648216
1765.0,1765.0,0.0057885554
1766.0,1766.0,0.05164841
1767.0,1767.0,0.0066484027
1768.0,1768.0,0.022971695
1769.0,1769.0,0.019873546
1770.0,1770.0,0.02071116
1771.0,1771.0,0.048689906
1772.0,1772.0,0.031569984
1773.0,1773.0,0.021861855
1774.0,1774.0,0.015735561
1775.0,1775.0,0.064730205
1776.0,1776.0,0.033212475
1777.0,1777.0,0.019979594
1778.0,1778.0,0.016477259
1779.0,1779.0,0.007016548
1780.0,1780.0,0.03002281
1781.0,1781.0,0.018753638
1782.0,1782.0,0.013793313
1783.0,1783.0,0.00522186
1784.0,1784.0,0.0057191225
1785.0,1785.0,0.017386544
1786.0,1786.0,0.02303026
1787.0,1787.0,0.024816733
1788.0,1788.0,0.027837273
1789.0,1789.0,0.06222354
1790.0,1790.0,0.005566928
1791.0,1791.0,0.032742985
1792.0,1792.0,0.007837199
1793.0,1793.0,0.01727001
1794.0,1794.0,0.0030040978
1795.0,1795.0,0.031002656
1796.0,1796.0,0.032931298
1797.0,1797.0,0.052773356
1798.0,1798.0,0.030898444
1799.0,1799.0,0.03384433
1800.0,1800.0,0.0052179545
1801.0,1801.0,0.0031448156
1802.0,1802.0,0.0308778
1803.0,1803.0,0.03362664
1804.0,1804.0,0.015273929
1805.0,1805.0,0.016613161
1806.0,1806.0,0.019803993
1807.0,1807.0,0.020077923
1808.0,1808.0,0.027658751
1809.0,1809.0,0.027901938
1810.0,1810.0,0.017259995
1811.0,1811.0,0.1057362
1812.0,1812.0,0.030785847
1813.0,1813.0,0.005208332
1814.0,1814.0,0.028981382
1815.0,1815.0,0.008836908
1816.0,1816.0,0.033453267
1817.0,1817.0,0.01660812
1818.0,1818.0,0.020964189
1819.0,1819.0,0.021556046
1820.0,1820.0,0.018016037
1821.0,1821.0,0.022380902
1822.0,1822.0,0.019551251
1823.0,1823.0,0.019999703
1824.0,1824.0,0.019392626
1825.0,1825.0,0.06825309
1826.0,1826.0,0.025524586
1827.0,1827.0,0.054598056
1828.0,1828.0,0.043162327
1829.0,1829.0,0.023222953
1830.0,1830.0,0.0215785
1831.0,1831.0,0.012024693
1832.0,1832.0,0.025895815
1833.0,1833.0,0.0071005253
1834.0,1834.0,0.022270445
1835.0,1835.0,0.111169234
1836.0,1836.0,0.02773997
1837.0,1837.0,0.06578837
1838.0,1838.0,0.01948178
1839.0,1839.0,0.0056602485
1840.0,1840.0,0.09373424
1841.0,1841.0,0.0149486605
1842.0,1842.0,0.022683464
1843.0,1843.0,0.030171027
1844.0,1844.0,0.023580773
1845.0,1845.0,0.004867319
1846.0,1846.0,0.017431574
1847.0,1847.0,0.03132566
1848.0,1848.0,0.016548915
1849.0,1849.0,0.014018046
1850.0,1850.0,0.036681034
1851.0,1851.0,0.022821201
1852.0,1852.0,0.030617565
1853.0,1853.0,0.039661057
1854.0,1854.0,0.04908169
1855.0,1855.0,0.015761988
1856.0,1856.0,0.028138818
1857.0,1857.0,0.03799797
1858.0,1858.0,0.029236816
1859.0,1859.0,0.03339002
1860.0,1860.0,0.026022566
1861.0,1861.0,0.005637144
1862.0,1862.0,0.026956698
1863.0,1863.0,0.018288577
1864.0,1864.0,0.026999272
1865.0,1865.0,0.030481488
1866.0,1866.0,0.062486887
1867.0,1867.0,0.019973872
1868.0,1868.0,0.029567733
1869.0,1869.0,0.015805416
1870.0,1870.0,0.021864967
1871.0,1871.0,0.0032873917
1872.0,1872.0,0.02563478
1873.0,1873.0,0.02764431
1874.0,1874.0,0.031684235
1875.0,1875.0,0.021305716
1876.0,1876.0,0.016654877
1877.0,1877.0,0.005979722
1878.0,1878.0,0.00656972
1879.0,1879.0,0.033593137
1880.0,1880.0,0.033341393
1881.0,1881.0,0.023027927
1882.0,1882.0,0.013362431
1883.0,1883.0,0.005166628
1884.0,1884.0,0.021803243
1885.0,1885.0,0.045863375
1886.0,1886.0,0.053950656
1887.0,1887.0,0.0032725164
1888.0,1888.0,0.0059775948
1889.0,1889.0,0.0137084555
1890.0,1890.0,0.027558608
1891.0,1891.0,0.021123394
1892.0,1892.0,0.0039634015
1893.0,1893.0,0.030162185
1894.0,1894.0,0.017462118
1895.0,1895.0,0.02918637
1896.0,1896.0,0.025642768
1897.0,1897.0,0.0079160975
1898.0,1898.0,0.04068607
1899.0,1899.0,0.029753415
1900.0,1900.0,0.0054380456
1901.0,1901.0,0.01860182
1902.0,1902.0,0.029293226
1903.0,1903.0,0.017091027
1904.0,1904.0,0.05669306
1905.0,1905.0,0.034341116
1906.0,1906.0,0.024299785
1907.0,1907.0,0.0316219
1908.0,1908.0,0.030368986
1909.0,1909.0,0.020976651
1910.0,1910.0,0.013023832
1911.0,1911.0,0.058973514
1912.0,1912.0,0.074568145
1913.0,1913.0,0.0050225738
1914.0,1914.0,0.031882312
1915.0,1915.0,0.03314308
1916.0,1916.0,0.009323266
1917.0,1917.0,0.031302657
1918.0,1918.0,0.017191503
1919.0,1919.0,0.028012896
1920.0,1920.0,0.010900318
1921.0,1921.0,0.004116908
1922.0,1922.0,0.022738965
1923.0,1923.0,0.05597546
1924.0,1924.0,0.05789009
1925.0,1925.0,0.006950498
1926.0,1926.0,0.013416093
1927.0,1927.0,0.046965424
1928.0,1928.0,0.024727304
1929.0,1929.0,0.038439658
1930.0,1930.0,0.0246236
1931.0,1931.0,0.032977436
1932.0,1932.0,0.01709223
1933.0,1933.0,0.055860285
1934.0,1934.0,0.0034433992
1935.0,1935.0,0.011078495
1936.0,1936.0,0.026002456
1937.0,1937.0,0.031367574
1938.0,1938.0,0.011700978
1939.0,1939.0,0.019688763
1940.0,1940.0,0.0065632183
1941.0,1941.0,0.015718915
1942.0,1942.0,0.004241748
1943.0,1943.0,0.032989092
1944.0,1944.0,0.026513325
1945.0,1945.0,0.01913195
1946.0,1946.0,0.00884912
1947.0,1947.0,0.013873608
1948.0,1948.0,0.030953227
1949.0,1949.0,0.0047697695
1950.0,1950.0,0.03307712
1951.0,1951.0,0.030233994
1952.0,1952.0,0.012640236
1953.0,1953.0,0.0051943064
1954.0,1954.0,0.012364017
1955.0,1955.0,0.010365045
1956.0,1956.0,0.032427758
1957.0,1957.0,0.031417366
1958.0,1958.0,0.005432516
1959.0,1959.0,0.056783877
1960.0,1960.0,0.0040825005
1961.0,1961.0,0.061629813
1962.0,1962.0,0.0274722
1963.0,1963.0,0.019951595
1964.0,1964.0,0.03331455
1965.0,1965.0,0.076049075
1966.0,1966.0,0.034674942
1967.0,1967.0,0.019987652
1968.0,1968.0,0.019518746
1969.0,1969.0,0.005569965
1970.0,1970.0,0.07302579
1971.0,1971.0,0.023233447
1972.0,1972.0,0.020234894
1973.0,1973.0,0.02064817
1974.0,1974.0,0.030199755
1975.0,1975.0,0.03129808
1976.0,1976.0,0.029368097
1977.0,1977.0,0.021254774
1978.0,1978.0,0.017276546
1979.0,1979.0,0.005128435
1980.0,1980.0,0.055282407
1981.0,1981.0,0.030741517
1982.0,1982.0,0.033305716
1983.0,1983.0,0.029840423
1984.0,1984.0,0.026582396
1985.0,1985.0,0.028567646
1986.0,1986.0,0.015545986
1987.0,1987.0,0.0629757
1988.0,1988.0,0.005518713
