x,y,species_4 cloglog values
1.0,1.0,0.5972282
2.0,2.0,0.6532532
3.0,3.0,0.663293
4.0,4.0,0.6717676
5.0,5.0,0.5451846
6.0,6.0,0.5554423
7.0,7.0,0.5957919
8.0,8.0,0.6559312
9.0,9.0,0.55710053
10.0,10.0,0.56051886
11.0,11.0,0.66438407
12.0,12.0,0.57515806
13.0,13.0,0.55611366
14.0,14.0,0.6159171
15.0,15.0,0.5443726
16.0,16.0,0.80085164
17.0,17.0,0.5730779
18.0,18.0,0.50697744
19.0,19.0,0.6440651
20.0,20.0,0.5732367
21.0,21.0,0.67031944
22.0,22.0,0.66824204
23.0,23.0,0.64050394
24.0,24.0,0.6524288
25.0,25.0,0.5672245
26.0,26.0,0.53329676
27.0,27.0,0.5669
28.0,28.0,0.65547836
29.0,29.0,0.5349262
30.0,30.0,0.6673372
31.0,31.0,0.5367864
32.0,32.0,0.55388105
33.0,33.0,0.5892508
34.0,34.0,0.6723699
35.0,35.0,0.6831236
36.0,36.0,0.7163812
37.0,37.0,0.6650619
38.0,38.0,0.66788286
39.0,39.0,0.55592465
40.0,40.0,0.58334726
41.0,41.0,0.6704887
42.0,42.0,0.5694721
43.0,43.0,0.66862696
44.0,44.0,0.669138
45.0,45.0,0.53834677
46.0,46.0,0.66990376
47.0,47.0,0.5687484
48.0,48.0,0.66460085
49.0,49.0,0.662583
50.0,50.0,0.53500164
51.0,51.0,0.6630525
52.0,52.0,0.661497
53.0,53.0,0.5280666
54.0,54.0,0.53745663
55.0,55.0,0.5315685
56.0,56.0,0.633249
57.0,57.0,0.5335482
58.0,58.0,0.67029387
59.0,59.0,0.57849574
60.0,60.0,0.57682604
61.0,61.0,0.57230127
62.0,62.0,0.6515441
63.0,63.0,0.6580969
64.0,64.0,0.5593919
65.0,65.0,0.6285618
66.0,66.0,0.5419352
67.0,67.0,0.5996863
68.0,68.0,0.66234654
69.0,69.0,0.6743362
70.0,70.0,0.5638269
71.0,71.0,0.6201368
72.0,72.0,0.5442958
73.0,73.0,0.5585797
74.0,74.0,0.59927064
75.0,75.0,0.57193476
76.0,76.0,0.66174126
77.0,77.0,0.57379943
78.0,78.0,0.58888453
79.0,79.0,0.6301582
80.0,80.0,0.53028387
81.0,81.0,0.53127086
82.0,82.0,0.5462178
83.0,83.0,0.54746187
84.0,84.0,0.55619365
85.0,85.0,0.54757434
86.0,86.0,0.65786815
87.0,87.0,0.5935049
88.0,88.0,0.6407408
89.0,89.0,0.67565715
90.0,90.0,0.55932575
91.0,91.0,0.6697732
92.0,92.0,0.6617885
93.0,93.0,0.65800995
94.0,94.0,0.6516269
95.0,95.0,0.67824316
96.0,96.0,0.55126935
97.0,97.0,0.65287083
98.0,98.0,0.6591805
99.0,99.0,0.5882526
100.0,100.0,0.5549173
101.0,101.0,0.5633913
102.0,102.0,0.6737969
103.0,103.0,0.65074676
104.0,104.0,0.5780519
105.0,105.0,0.6688696
106.0,106.0,0.61824447
107.0,107.0,0.6679552
108.0,108.0,0.6499332
109.0,109.0,0.6177271
110.0,110.0,0.82661724
111.0,111.0,0.5706701
112.0,112.0,0.5045665
113.0,113.0,0.53465056
114.0,114.0,0.66963893
115.0,115.0,0.67444724
116.0,116.0,0.5526186
117.0,117.0,0.80512714
118.0,118.0,0.66972303
119.0,119.0,0.5973333
120.0,120.0,0.6712906
121.0,121.0,0.6596642
122.0,122.0,0.64908904
123.0,123.0,0.6640931
124.0,124.0,0.66918695
125.0,125.0,0.65417147
126.0,126.0,0.65396076
127.0,127.0,0.6579175
128.0,128.0,0.6056133
129.0,129.0,0.672759
130.0,130.0,0.5396555
131.0,131.0,0.657299
132.0,132.0,0.5896741
133.0,133.0,0.65842676
134.0,134.0,0.6692638
135.0,135.0,0.6628658
136.0,136.0,0.84239554
137.0,137.0,0.5499967
138.0,138.0,0.6569318
139.0,139.0,0.6478894
140.0,140.0,0.5952345
141.0,141.0,0.55081546
142.0,142.0,0.6712726
143.0,143.0,0.6625285
144.0,144.0,0.5672199
145.0,145.0,0.64796424
146.0,146.0,0.6604043
147.0,147.0,0.66699976
148.0,148.0,0.65162987
149.0,149.0,0.6628302
150.0,150.0,0.6559208
151.0,151.0,0.6572369
152.0,152.0,0.56120896
153.0,153.0,0.6455161
154.0,154.0,0.5865502
155.0,155.0,0.5808362
156.0,156.0,0.5445745
157.0,157.0,0.5584183
158.0,158.0,0.61347145
159.0,159.0,0.6664062
160.0,160.0,0.6525997
161.0,161.0,0.64762646
162.0,162.0,0.6419707
163.0,163.0,0.5691929
164.0,164.0,0.6527357
165.0,165.0,0.5377582
166.0,166.0,0.5905717
167.0,167.0,0.6686195
168.0,168.0,0.567813
169.0,169.0,0.55849993
170.0,170.0,0.66655385
171.0,171.0,0.6525768
172.0,172.0,0.57060474
173.0,173.0,0.6075268
174.0,174.0,0.57671714
175.0,175.0,0.5592906
176.0,176.0,0.55437386
177.0,177.0,0.6729196
178.0,178.0,0.5322489
179.0,179.0,0.584772
180.0,180.0,0.5940755
181.0,181.0,0.6719479
182.0,182.0,0.58317566
183.0,183.0,0.6694228
184.0,184.0,0.56372356
185.0,185.0,0.6631526
186.0,186.0,0.6901525
187.0,187.0,0.6637085
188.0,188.0,0.53317535
189.0,189.0,0.5336719
190.0,190.0,0.6531022
191.0,191.0,0.5470151
192.0,192.0,0.5349777
193.0,193.0,0.6709377
194.0,194.0,0.5707709
195.0,195.0,0.5541274
196.0,196.0,0.6616031
197.0,197.0,0.66042197
198.0,198.0,0.6140797
199.0,199.0,0.57338315
200.0,200.0,0.66816634
201.0,201.0,0.6339691
202.0,202.0,0.67103726
203.0,203.0,0.5559483
204.0,204.0,0.55618435
205.0,205.0,0.6322385
206.0,206.0,0.80117375
207.0,207.0,0.6660523
208.0,208.0,0.66132224
209.0,209.0,0.5523208
210.0,210.0,0.6532062
211.0,211.0,0.6646
212.0,212.0,0.5747064
213.0,213.0,0.5340477
214.0,214.0,0.61159813
215.0,215.0,0.65953165
216.0,216.0,0.67422473
217.0,217.0,0.56804365
218.0,218.0,0.53794277
219.0,219.0,0.62137395
220.0,220.0,0.57019275
221.0,221.0,0.6324013
222.0,222.0,0.6655967
223.0,223.0,0.59915435
224.0,224.0,0.5955395
225.0,225.0,0.5399048
226.0,226.0,0.66433334
227.0,227.0,0.6528323
228.0,228.0,0.664464
229.0,229.0,0.6654479
230.0,230.0,0.594086
231.0,231.0,0.631594
232.0,232.0,0.6583894
233.0,233.0,0.5347154
234.0,234.0,0.6003857
235.0,235.0,0.56810975
236.0,236.0,0.6717606
237.0,237.0,0.5708413
238.0,238.0,0.5842066
239.0,239.0,0.66968316
240.0,240.0,0.66763705
241.0,241.0,0.61131686
242.0,242.0,0.604811
243.0,243.0,0.64858896
244.0,244.0,0.5603156
245.0,245.0,0.5649146
246.0,246.0,0.61566544
247.0,247.0,0.62933964
248.0,248.0,0.6324033
249.0,249.0,0.5486304
250.0,250.0,0.65846175
251.0,251.0,0.5378392
252.0,252.0,0.5802298
253.0,253.0,0.661685
254.0,254.0,0.6678332
255.0,255.0,0.67130655
256.0,256.0,0.67449504
257.0,257.0,0.5561002
258.0,258.0,0.6749846
259.0,259.0,0.58502346
260.0,260.0,0.5867914
261.0,261.0,0.65955037
262.0,262.0,0.6699596
263.0,263.0,0.6540974
264.0,264.0,0.5692347
265.0,265.0,0.65430427
266.0,266.0,0.57778764
267.0,267.0,0.66053617
268.0,268.0,0.66272646
269.0,269.0,0.65139586
270.0,270.0,0.56423706
271.0,271.0,0.67116123
272.0,272.0,0.6208925
273.0,273.0,0.60953283
274.0,274.0,0.6916669
275.0,275.0,0.5599031
276.0,276.0,0.6692766
277.0,277.0,0.672249
278.0,278.0,0.5340251
279.0,279.0,0.60854286
280.0,280.0,0.6686485
281.0,281.0,0.66241735
282.0,282.0,0.5705626
283.0,283.0,0.66731656
284.0,284.0,0.5924897
285.0,285.0,0.59417456
286.0,286.0,0.65413404
287.0,287.0,0.6340402
288.0,288.0,0.59424984
289.0,289.0,0.5576094
290.0,290.0,0.65867925
291.0,291.0,0.66474414
292.0,292.0,0.6430677
293.0,293.0,0.61654353
294.0,294.0,0.6757434
295.0,295.0,0.64428675
296.0,296.0,0.58925414
297.0,297.0,0.6312008
298.0,298.0,0.660205
299.0,299.0,0.57889104
300.0,300.0,0.53337693
301.0,301.0,0.6470228
302.0,302.0,0.6603769
303.0,303.0,0.6356466
304.0,304.0,0.66659266
305.0,305.0,0.5517436
306.0,306.0,0.55257934
307.0,307.0,0.5736227
308.0,308.0,0.65394974
309.0,309.0,0.59403086
310.0,310.0,0.5501071
311.0,311.0,0.57143074
312.0,312.0,0.60561293
313.0,313.0,0.6717873
314.0,314.0,0.6499215
315.0,315.0,0.59406716
316.0,316.0,0.6648401
317.0,317.0,0.66672236
318.0,318.0,0.5973836
319.0,319.0,0.56904536
320.0,320.0,0.6109415
321.0,321.0,0.6024403
322.0,322.0,0.6697734
323.0,323.0,0.56918776
324.0,324.0,0.6707252
325.0,325.0,0.5731827
326.0,326.0,0.55997205
327.0,327.0,0.671542
328.0,328.0,0.55552447
329.0,329.0,0.6600899
330.0,330.0,0.6469847
331.0,331.0,0.54918665
332.0,332.0,0.56960803
333.0,333.0,0.66134024
334.0,334.0,0.6480954
335.0,335.0,0.5713832
336.0,336.0,0.6065244
337.0,337.0,0.56987584
338.0,338.0,0.56570846
339.0,339.0,0.60879743
340.0,340.0,0.5881444
341.0,341.0,0.67361057
342.0,342.0,0.66728646
343.0,343.0,0.6542604
344.0,344.0,0.66154623
345.0,345.0,0.5398665
346.0,346.0,0.79790926
347.0,347.0,0.5561002
348.0,348.0,0.55775994
349.0,349.0,0.6665614
350.0,350.0,0.55977535
351.0,351.0,0.5947831
352.0,352.0,0.54719734
353.0,353.0,0.61330205
354.0,354.0,0.6192193
355.0,355.0,0.571407
356.0,356.0,0.6170528
357.0,357.0,0.661159
358.0,358.0,0.5518909
359.0,359.0,0.6609842
360.0,360.0,0.66710943
361.0,361.0,0.5878274
362.0,362.0,0.66036475
363.0,363.0,0.56097007
364.0,364.0,0.57498884
365.0,365.0,0.59507203
366.0,366.0,0.67217743
367.0,367.0,0.5468774
368.0,368.0,0.59790325
369.0,369.0,0.5423214
370.0,370.0,0.5372323
371.0,371.0,0.66576844
372.0,372.0,0.56042886
373.0,373.0,0.5904967
374.0,374.0,0.5761297
375.0,375.0,0.5676463
376.0,376.0,0.6676912
377.0,377.0,0.65988994
378.0,378.0,0.57653314
379.0,379.0,0.65015846
380.0,380.0,0.63666695
381.0,381.0,0.53616405
382.0,382.0,0.55404526
383.0,383.0,0.5557712
384.0,384.0,0.65252084
385.0,385.0,0.59900063
386.0,386.0,0.66727716
387.0,387.0,0.5686596
388.0,388.0,0.61923385
389.0,389.0,0.67209125
390.0,390.0,0.641191
391.0,391.0,0.5461635
392.0,392.0,0.5943104
393.0,393.0,0.54529214
394.0,394.0,0.65736115
395.0,395.0,0.5837962
396.0,396.0,0.5505618
397.0,397.0,0.5903464
398.0,398.0,0.6607504
399.0,399.0,0.65861815
400.0,400.0,0.5719653
401.0,401.0,0.6712691
402.0,402.0,0.7880392
403.0,403.0,0.53460103
404.0,404.0,0.5679781
405.0,405.0,0.66864234
406.0,406.0,0.67994356
407.0,407.0,0.66003877
408.0,408.0,0.5969962
409.0,409.0,0.6524716
410.0,410.0,0.63413763
411.0,411.0,0.66504043
412.0,412.0,0.60109735
413.0,413.0,0.6596473
414.0,414.0,0.7927026
415.0,415.0,0.67067885
416.0,416.0,0.65086883
417.0,417.0,0.566678
418.0,418.0,0.5334915
419.0,419.0,0.6661452
420.0,420.0,0.6704875
421.0,421.0,0.64947116
422.0,422.0,0.6352648
423.0,423.0,0.6015787
424.0,424.0,0.6557026
425.0,425.0,0.6590034
426.0,426.0,0.5945917
427.0,427.0,0.6501285
428.0,428.0,0.6567961
429.0,429.0,0.56203485
430.0,430.0,0.6470698
431.0,431.0,0.5952699
432.0,432.0,0.5347224
433.0,433.0,0.56722873
434.0,434.0,0.65577084
435.0,435.0,0.5973325
436.0,436.0,0.5424572
437.0,437.0,0.6585305
438.0,438.0,0.58943385
439.0,439.0,0.65875685
440.0,440.0,0.5533884
441.0,441.0,0.55582213
442.0,442.0,0.653138
443.0,443.0,0.65546
444.0,444.0,0.66516507
445.0,445.0,0.6590952
446.0,446.0,0.59358495
447.0,447.0,0.57524115
448.0,448.0,0.5356694
449.0,449.0,0.6290084
450.0,450.0,0.72601557
451.0,451.0,0.66049117
452.0,452.0,0.7813526
453.0,453.0,0.5970189
454.0,454.0,0.5880606
455.0,455.0,0.5983565
456.0,456.0,0.6517338
457.0,457.0,0.6549215
458.0,458.0,0.5907399
459.0,459.0,0.5919177
460.0,460.0,0.6645408
461.0,461.0,0.644551
462.0,462.0,0.80686545
463.0,463.0,0.5702196
464.0,464.0,0.601197
465.0,465.0,0.55841535
466.0,466.0,0.5368364
467.0,467.0,0.5871374
468.0,468.0,0.62209857
469.0,469.0,0.66259557
470.0,470.0,0.54903126
471.0,471.0,0.6465622
472.0,472.0,0.544199
473.0,473.0,0.5075191
474.0,474.0,0.6806711
475.0,475.0,0.65925497
476.0,476.0,0.66125184
477.0,477.0,0.5933002
478.0,478.0,0.6032632
479.0,479.0,0.6571299
480.0,480.0,0.56134444
481.0,481.0,0.6128798
482.0,482.0,0.6159418
483.0,483.0,0.5509779
484.0,484.0,0.63078254
485.0,485.0,0.5734632
486.0,486.0,0.66244996
487.0,487.0,0.576283
488.0,488.0,0.63126856
489.0,489.0,0.6519028
490.0,490.0,0.5747157
491.0,491.0,0.5748792
492.0,492.0,0.66538566
493.0,493.0,0.5961627
494.0,494.0,0.5961573
495.0,495.0,0.5737361
496.0,496.0,0.5688609
497.0,497.0,0.57292205
498.0,498.0,0.558419
499.0,499.0,0.56997037
500.0,500.0,0.66793525
501.0,501.0,0.65045345
502.0,502.0,0.5581583
503.0,503.0,0.6407408
504.0,504.0,0.6419646
505.0,505.0,0.6505041
506.0,506.0,0.6019266
507.0,507.0,0.65904796
508.0,508.0,0.55215883
509.0,509.0,0.6529414
510.0,510.0,0.6568717
511.0,511.0,0.664236
512.0,512.0,0.6694797
513.0,513.0,0.6368784
514.0,514.0,0.5487788
515.0,515.0,0.6331382
516.0,516.0,0.65748686
517.0,517.0,0.6585668
518.0,518.0,0.5584473
519.0,519.0,0.5513513
520.0,520.0,0.54958695
521.0,521.0,0.5173244
522.0,522.0,0.57301766
523.0,523.0,0.6560666
524.0,524.0,0.6640264
525.0,525.0,0.66600114
526.0,526.0,0.5375573
527.0,527.0,0.6115405
528.0,528.0,0.6587276
529.0,529.0,0.5349861
530.0,530.0,0.6697956
531.0,531.0,0.61140054
532.0,532.0,0.6418291
533.0,533.0,0.5915059
534.0,534.0,0.58871657
535.0,535.0,0.57593614
536.0,536.0,0.5958989
537.0,537.0,0.57199377
538.0,538.0,0.6570081
539.0,539.0,0.65218157
540.0,540.0,0.6638151
541.0,541.0,0.5514158
542.0,542.0,0.5652229
543.0,543.0,0.5665567
544.0,544.0,0.6296039
545.0,545.0,0.5382826
546.0,546.0,0.6615684
547.0,547.0,0.65802383
548.0,548.0,0.62079316
549.0,549.0,0.6498175
550.0,550.0,0.65496993
551.0,551.0,0.57702494
552.0,552.0,0.66065186
553.0,553.0,0.5691662
554.0,554.0,0.5755326
555.0,555.0,0.54818636
556.0,556.0,0.6393865
557.0,557.0,0.80434823
558.0,558.0,0.55621743
559.0,559.0,0.6228356
560.0,560.0,0.6501265
561.0,561.0,0.5491048
562.0,562.0,0.5351493
563.0,563.0,0.61108345
564.0,564.0,0.5342743
565.0,565.0,0.6613963
566.0,566.0,0.64769816
567.0,567.0,0.55437386
568.0,568.0,0.6571009
569.0,569.0,0.66190547
570.0,570.0,0.6628348
571.0,571.0,0.5857545
572.0,572.0,0.59519124
573.0,573.0,0.6200219
574.0,574.0,0.55311084
575.0,575.0,0.6676035
576.0,576.0,0.63203233
577.0,577.0,0.6705617
578.0,578.0,0.67013377
579.0,579.0,0.5686881
580.0,580.0,0.59128493
581.0,581.0,0.50962925
582.0,582.0,0.6733051
583.0,583.0,0.54991484
584.0,584.0,0.66405106
585.0,585.0,0.564486
586.0,586.0,0.57962596
587.0,587.0,0.67297435
588.0,588.0,0.5957102
589.0,589.0,0.6611823
590.0,590.0,0.66568244
591.0,591.0,0.55642813
592.0,592.0,0.57020664
593.0,593.0,0.6276684
594.0,594.0,0.5883179
595.0,595.0,0.5827912
596.0,596.0,0.67371136
597.0,597.0,0.5713
598.0,598.0,0.5631401
599.0,599.0,0.6715285
600.0,600.0,0.5588311
601.0,601.0,0.65574175
602.0,602.0,0.55076426
603.0,603.0,0.6800852
604.0,604.0,0.6549422
605.0,605.0,0.6576331
606.0,606.0,0.67273295
607.0,607.0,0.5368184
608.0,608.0,0.59673125
609.0,609.0,0.6515358
610.0,610.0,0.5429716
611.0,611.0,0.6677979
612.0,612.0,0.66884553
613.0,613.0,0.6469878
614.0,614.0,0.6426995
615.0,615.0,0.66110116
616.0,616.0,0.57063234
617.0,617.0,0.57153594
618.0,618.0,0.537289
619.0,619.0,0.5910764
620.0,620.0,0.573296
621.0,621.0,0.55367625
622.0,622.0,0.6644701
623.0,623.0,0.6636173
624.0,624.0,0.5536347
625.0,625.0,0.58807856
626.0,626.0,0.56963813
627.0,627.0,0.5874132
628.0,628.0,0.5933553
629.0,629.0,0.56639093
630.0,630.0,0.595883
631.0,631.0,0.66023713
632.0,632.0,0.6641563
633.0,633.0,0.5411986
634.0,634.0,0.66809464
635.0,635.0,0.5517477
636.0,636.0,0.6084418
637.0,637.0,0.5842281
638.0,638.0,0.5955557
639.0,639.0,0.81465816
640.0,640.0,0.5633913
641.0,641.0,0.6115593
642.0,642.0,0.5873892
643.0,643.0,0.6329543
644.0,644.0,0.6569966
645.0,645.0,0.5953317
646.0,646.0,0.7592205
647.0,647.0,0.5223148
648.0,648.0,0.66186196
649.0,649.0,0.53508776
650.0,650.0,0.6636933
651.0,651.0,0.5810471
652.0,652.0,0.60953283
653.0,653.0,0.5468251
654.0,654.0,0.597608
655.0,655.0,0.5791247
656.0,656.0,0.65994114
657.0,657.0,0.5582407
658.0,658.0,0.6641261
659.0,659.0,0.6563615
660.0,660.0,0.66346985
661.0,661.0,0.596992
662.0,662.0,0.6463203
663.0,663.0,0.6505362
664.0,664.0,0.6647892
665.0,665.0,0.56869817
666.0,666.0,0.6650547
667.0,667.0,0.61060524
668.0,668.0,0.65869707
669.0,669.0,0.66955
670.0,670.0,0.65745974
671.0,671.0,0.5545065
672.0,672.0,0.6701294
673.0,673.0,0.5546811
674.0,674.0,0.57761776
675.0,675.0,0.5580444
676.0,676.0,0.6668468
677.0,677.0,0.55694014
678.0,678.0,0.6633178
679.0,679.0,0.63898635
680.0,680.0,0.5526498
681.0,681.0,0.81155634
682.0,682.0,0.670342
683.0,683.0,0.549287
684.0,684.0,0.66101664
685.0,685.0,0.53536206
686.0,686.0,0.6344247
687.0,687.0,0.5971841
688.0,688.0,0.5726309
689.0,689.0,0.6582712
690.0,690.0,0.65867245
691.0,691.0,0.5200155
692.0,692.0,0.58494484
693.0,693.0,0.51981986
694.0,694.0,0.6019514
695.0,695.0,0.67138404
696.0,696.0,0.54673505
697.0,697.0,0.6184459
698.0,698.0,0.57088774
699.0,699.0,0.6614308
700.0,700.0,0.6704497
701.0,701.0,0.53768456
702.0,702.0,0.56261253
703.0,703.0,0.56465155
704.0,704.0,0.65264255
705.0,705.0,0.6031418
706.0,706.0,0.5602625
707.0,707.0,0.8041748
708.0,708.0,0.6706945
709.0,709.0,0.6652167
710.0,710.0,0.670757
711.0,711.0,0.6606246
712.0,712.0,0.55478466
713.0,713.0,0.6677898
714.0,714.0,0.5656747
715.0,715.0,0.6524907
716.0,716.0,0.66381663
717.0,717.0,0.6171853
718.0,718.0,0.65411043
719.0,719.0,0.55517423
720.0,720.0,0.6526632
721.0,721.0,0.664857
722.0,722.0,0.670076
723.0,723.0,0.55264556
724.0,724.0,0.6690983
725.0,725.0,0.5838449
726.0,726.0,0.5973532
727.0,727.0,0.53399485
728.0,728.0,0.5693685
729.0,729.0,0.5940561
730.0,730.0,0.61553234
731.0,731.0,0.5579093
732.0,732.0,0.58527505
733.0,733.0,0.65345997
734.0,734.0,0.5678951
735.0,735.0,0.5961341
736.0,736.0,0.59988534
737.0,737.0,0.56837124
738.0,738.0,0.5693717
739.0,739.0,0.6517816
740.0,740.0,0.6304687
741.0,741.0,0.5354201
742.0,742.0,0.6547087
743.0,743.0,0.5582421
744.0,744.0,0.6317911
745.0,745.0,0.65447485
746.0,746.0,0.5469451
747.0,747.0,0.6708395
748.0,748.0,0.5547025
749.0,749.0,0.6429448
750.0,750.0,0.5511739
751.0,751.0,0.5835449
752.0,752.0,0.5681617
753.0,753.0,0.6708594
754.0,754.0,0.66834545
755.0,755.0,0.572479
756.0,756.0,0.5911463
757.0,757.0,0.66806126
758.0,758.0,0.6130747
759.0,759.0,0.6530839
760.0,760.0,0.6660342
761.0,761.0,0.6176041
762.0,762.0,0.66671944
763.0,763.0,0.6490081
764.0,764.0,0.6688091
765.0,765.0,0.66278607
766.0,766.0,0.5716199
767.0,767.0,0.5482861
768.0,768.0,0.65933436
769.0,769.0,0.62070805
770.0,770.0,0.58036494
771.0,771.0,0.5410264
772.0,772.0,0.6420243
773.0,773.0,0.59271395
774.0,774.0,0.6552709
775.0,775.0,0.6751926
776.0,776.0,0.5672199
777.0,777.0,0.64084285
778.0,778.0,0.63312244
779.0,779.0,0.65139586
780.0,780.0,0.5580846
781.0,781.0,0.55293775
782.0,782.0,0.54953605
783.0,783.0,0.5509416
784.0,784.0,0.60017675
785.0,785.0,0.5373381
786.0,786.0,0.5694721
787.0,787.0,0.5795662
788.0,788.0,0.57118696
789.0,789.0,0.63255495
790.0,790.0,0.6569298
791.0,791.0,0.5619226
792.0,792.0,0.55529135
793.0,793.0,0.67084444
794.0,794.0,0.6481204
795.0,795.0,0.5802946
796.0,796.0,0.59269243
797.0,797.0,0.665855
798.0,798.0,0.67878276
799.0,799.0,0.53487706
800.0,800.0,0.65838706
801.0,801.0,0.79158413
802.0,802.0,0.5853341
803.0,803.0,0.5162176
804.0,804.0,0.80143344
805.0,805.0,0.50856084
806.0,806.0,0.6489082
807.0,807.0,0.5640114
808.0,808.0,0.5678281
809.0,809.0,0.61281556
810.0,810.0,0.66063744
811.0,811.0,0.6193813
812.0,812.0,0.65238905
813.0,813.0,0.6574351
814.0,814.0,0.55174834
815.0,815.0,0.6154658
816.0,816.0,0.65597785
817.0,817.0,0.57755715
818.0,818.0,0.588457
819.0,819.0,0.66430587
820.0,820.0,0.55725235
821.0,821.0,0.6112505
822.0,822.0,0.53625953
823.0,823.0,0.5951656
824.0,824.0,0.5584879
825.0,825.0,0.67076254
826.0,826.0,0.59959173
827.0,827.0,0.5631898
828.0,828.0,0.65682745
829.0,829.0,0.530732
830.0,830.0,0.5807525
831.0,831.0,0.6385386
832.0,832.0,0.6613001
833.0,833.0,0.58658886
834.0,834.0,0.55087537
835.0,835.0,0.65577245
836.0,836.0,0.5411266
837.0,837.0,0.5405369
838.0,838.0,0.65319335
839.0,839.0,0.5686949
840.0,840.0,0.6671061
841.0,841.0,0.5418545
842.0,842.0,0.5603156
843.0,843.0,0.6608399
844.0,844.0,0.6600051
845.0,845.0,0.6739336
846.0,846.0,0.6637855
847.0,847.0,0.53254116
848.0,848.0,0.55183345
849.0,849.0,0.5541274
850.0,850.0,0.5916363
851.0,851.0,0.6527586
852.0,852.0,0.6691276
853.0,853.0,0.55388105
854.0,854.0,0.65533537
855.0,855.0,0.604605
856.0,856.0,0.6531103
857.0,857.0,0.5743214
858.0,858.0,0.8139484
859.0,859.0,0.6684985
860.0,860.0,0.5757992
861.0,861.0,0.6395427
862.0,862.0,0.65104455
863.0,863.0,0.65824896
864.0,864.0,0.5927875
865.0,865.0,0.6670638
866.0,866.0,0.6557998
867.0,867.0,0.6508044
868.0,868.0,0.6602175
869.0,869.0,0.5955514
870.0,870.0,0.59872466
871.0,871.0,0.5905717
872.0,872.0,0.66498363
873.0,873.0,0.5420019
874.0,874.0,0.6715213
875.0,875.0,0.660686
876.0,876.0,0.67051935
877.0,877.0,0.58875287
878.0,878.0,0.6575043
879.0,879.0,0.6610739
880.0,880.0,0.5920817
881.0,881.0,0.5489331
882.0,882.0,0.6463457
883.0,883.0,0.67441434
884.0,884.0,0.6709415
885.0,885.0,0.6044997
886.0,886.0,0.6707292
887.0,887.0,0.5905236
888.0,888.0,0.6634531
889.0,889.0,0.60618937
890.0,890.0,0.7924366
891.0,891.0,0.66006976
892.0,892.0,0.526212
893.0,893.0,0.5729819
894.0,894.0,0.65088886
895.0,895.0,0.5516792
896.0,896.0,0.6421864
897.0,897.0,0.66216063
898.0,898.0,0.60001886
899.0,899.0,0.5442143
900.0,900.0,0.6071915
901.0,901.0,0.6654019
902.0,902.0,0.6594034
903.0,903.0,0.5717558
904.0,904.0,0.5935744
905.0,905.0,0.66895515
906.0,906.0,0.6518108
907.0,907.0,0.5832636
908.0,908.0,0.6320974
909.0,909.0,0.5536347
910.0,910.0,0.67025304
911.0,911.0,0.65106326
912.0,912.0,0.5888307
913.0,913.0,0.5903464
914.0,914.0,0.61326027
915.0,915.0,0.65251684
916.0,916.0,0.6597214
917.0,917.0,0.6522968
918.0,918.0,0.54644257
919.0,919.0,0.5348834
920.0,920.0,0.66025776
921.0,921.0,0.6323227
922.0,922.0,0.5524037
923.0,923.0,0.67212665
924.0,924.0,0.6502425
925.0,925.0,0.67283124
926.0,926.0,0.537832
927.0,927.0,0.65618604
928.0,928.0,0.6511876
929.0,929.0,0.57104796
930.0,930.0,0.6455287
931.0,931.0,0.55577034
932.0,932.0,0.5990599
933.0,933.0,0.611608
934.0,934.0,0.6310324
935.0,935.0,0.6380138
936.0,936.0,0.6515712
937.0,937.0,0.60235184
938.0,938.0,0.5639688
939.0,939.0,0.5427966
940.0,940.0,0.587654
941.0,941.0,0.6528302
942.0,942.0,0.6716027
943.0,943.0,0.853948
944.0,944.0,0.668187
945.0,945.0,0.67040956
946.0,946.0,0.55601794
947.0,947.0,0.6579722
948.0,948.0,0.5968908
949.0,949.0,0.5730756
950.0,950.0,0.672575
951.0,951.0,0.56933236
952.0,952.0,0.5664933
953.0,953.0,0.5932043
954.0,954.0,0.54392445
955.0,955.0,0.58787656
956.0,956.0,0.596268
957.0,957.0,0.6307701
958.0,958.0,0.6531048
959.0,959.0,0.6667193
960.0,960.0,0.5976501
961.0,961.0,0.5903464
962.0,962.0,0.6649063
963.0,963.0,0.5955414
964.0,964.0,0.64969385
965.0,965.0,0.6245925
966.0,966.0,0.5563168
967.0,967.0,0.6612157
968.0,968.0,0.5401483
969.0,969.0,0.66384685
970.0,970.0,0.6561389
971.0,971.0,0.60610586
972.0,972.0,0.6697699
973.0,973.0,0.657696
974.0,974.0,0.565046
975.0,975.0,0.67621225
976.0,976.0,0.6534008
977.0,977.0,0.679098
978.0,978.0,0.609913
979.0,979.0,0.59518325
980.0,980.0,0.6401122
981.0,981.0,0.6141504
982.0,982.0,0.6515157
983.0,983.0,0.6750678
984.0,984.0,0.5729923
985.0,985.0,0.5883762
986.0,986.0,0.55511343
987.0,987.0,0.5769095
988.0,988.0,0.6659782
989.0,989.0,0.5624821
990.0,990.0,0.56868947
991.0,991.0,0.64965886
992.0,992.0,0.55965567
993.0,993.0,0.55133384
994.0,994.0,0.67053056
995.0,995.0,0.56723166
996.0,996.0,0.605605
997.0,997.0,0.6592395
998.0,998.0,0.5494749
999.0,999.0,0.6124954
1000.0,1000.0,0.59802413
1001.0,1001.0,0.6023558
1002.0,1002.0,0.66589385
1003.0,1003.0,0.67047894
1004.0,1004.0,0.6714931
1005.0,1005.0,0.57246643
1006.0,1006.0,0.55749935
1007.0,1007.0,0.60209984
1008.0,1008.0,0.66477937
1009.0,1009.0,0.51574355
1010.0,1010.0,0.66176134
1011.0,1011.0,0.57390136
1012.0,1012.0,0.5525678
1013.0,1013.0,0.6596908
1014.0,1014.0,0.55798024
1015.0,1015.0,0.5466477
1016.0,1016.0,0.6695464
1017.0,1017.0,0.6548806
1018.0,1018.0,0.6547049
1019.0,1019.0,0.5617192
1020.0,1020.0,0.53403246
1021.0,1021.0,0.59400606
1022.0,1022.0,0.64743704
1023.0,1023.0,0.65870255
1024.0,1024.0,0.5489331
1025.0,1025.0,0.5353305
1026.0,1026.0,0.665082
1027.0,1027.0,0.5358886
1028.0,1028.0,0.6369015
1029.0,1029.0,0.54716194
1030.0,1030.0,0.65792674
1031.0,1031.0,0.66721016
1032.0,1032.0,0.6706963
1033.0,1033.0,0.5563605
1034.0,1034.0,0.65976727
1035.0,1035.0,0.6666103
1036.0,1036.0,0.55676347
1037.0,1037.0,0.5922418
1038.0,1038.0,0.5959965
1039.0,1039.0,0.6633003
1040.0,1040.0,0.665138
1041.0,1041.0,0.592997
1042.0,1042.0,0.6187814
1043.0,1043.0,0.581549
1044.0,1044.0,0.66735315
1045.0,1045.0,0.6561657
1046.0,1046.0,0.59817624
1047.0,1047.0,0.6536656
1048.0,1048.0,0.55077153
1049.0,1049.0,0.67289776
1050.0,1050.0,0.56068397
1051.0,1051.0,0.56673425
1052.0,1052.0,0.6466501
1053.0,1053.0,0.65480036
1054.0,1054.0,0.6508217
1055.0,1055.0,0.5990632
1056.0,1056.0,0.67279387
1057.0,1057.0,0.5953632
1058.0,1058.0,0.5643205
1059.0,1059.0,0.57105064
1060.0,1060.0,0.66070133
1061.0,1061.0,0.55109197
1062.0,1062.0,0.6421458
1063.0,1063.0,0.6389765
1064.0,1064.0,0.64858574
1065.0,1065.0,0.59723353
1066.0,1066.0,0.65265965
1067.0,1067.0,0.5701841
1068.0,1068.0,0.6623984
1069.0,1069.0,0.6641946
1070.0,1070.0,0.554456
1071.0,1071.0,0.670615
1072.0,1072.0,0.5507604
1073.0,1073.0,0.63371646
1074.0,1074.0,0.65232533
1075.0,1075.0,0.6706796
1076.0,1076.0,0.6615949
1077.0,1077.0,0.6119186
1078.0,1078.0,0.5585014
1079.0,1079.0,0.5600262
1080.0,1080.0,0.5393229
1081.0,1081.0,0.79391927
1082.0,1082.0,0.6083921
1083.0,1083.0,0.66359955
1084.0,1084.0,0.55874866
1085.0,1085.0,0.7745067
1086.0,1086.0,0.5846043
1087.0,1087.0,0.5473358
1088.0,1088.0,0.66854244
1089.0,1089.0,0.65977407
1090.0,1090.0,0.59809196
1091.0,1091.0,0.5347494
1092.0,1092.0,0.66177577
1093.0,1093.0,0.67711216
1094.0,1094.0,0.55283856
1095.0,1095.0,0.66659564
1096.0,1096.0,0.59652936
1097.0,1097.0,0.59017533
1098.0,1098.0,0.5713275
1099.0,1099.0,0.55150175
1100.0,1100.0,0.5719287
1101.0,1101.0,0.6526654
1102.0,1102.0,0.6589628
1103.0,1103.0,0.6545746
1104.0,1104.0,0.64571834
1105.0,1105.0,0.66727084
1106.0,1106.0,0.6685619
1107.0,1107.0,0.5523727
1108.0,1108.0,0.67441356
1109.0,1109.0,0.63046384
1110.0,1110.0,0.5712111
1111.0,1111.0,0.6647418
1112.0,1112.0,0.66131634
1113.0,1113.0,0.55080897
1114.0,1114.0,0.67646
1115.0,1115.0,0.6692562
1116.0,1116.0,0.6537595
1117.0,1117.0,0.6530575
1118.0,1118.0,0.6735204
1119.0,1119.0,0.6496858
1120.0,1120.0,0.77242774
1121.0,1121.0,0.6626953
1122.0,1122.0,0.64295065
1123.0,1123.0,0.5982415
1124.0,1124.0,0.6592388
1125.0,1125.0,0.5446988
1126.0,1126.0,0.675294
1127.0,1127.0,0.57365286
1128.0,1128.0,0.66019475
1129.0,1129.0,0.5406204
1130.0,1130.0,0.6590452
1131.0,1131.0,0.568144
1132.0,1132.0,0.5693856
1133.0,1133.0,0.57390255
1134.0,1134.0,0.58883417
1135.0,1135.0,0.6696553
1136.0,1136.0,0.64829725
1137.0,1137.0,0.6720273
1138.0,1138.0,0.65670514
1139.0,1139.0,0.59034526
1140.0,1140.0,0.56772923
1141.0,1141.0,0.55061144
1142.0,1142.0,0.6708622
1143.0,1143.0,0.66783416
1144.0,1144.0,0.65856946
1145.0,1145.0,0.55912566
1146.0,1146.0,0.67317843
1147.0,1147.0,0.6596424
1148.0,1148.0,0.57105064
1149.0,1149.0,0.5736999
1150.0,1150.0,0.66790456
1151.0,1151.0,0.6108853
1152.0,1152.0,0.5552466
1153.0,1153.0,0.5949517
1154.0,1154.0,0.6735752
1155.0,1155.0,0.55887836
1156.0,1156.0,0.5732116
1157.0,1157.0,0.5898422
1158.0,1158.0,0.6633482
1159.0,1159.0,0.60486686
1160.0,1160.0,0.6561329
1161.0,1161.0,0.6060876
1162.0,1162.0,0.53274137
1163.0,1163.0,0.5378513
1164.0,1164.0,0.6429473
1165.0,1165.0,0.5514198
1166.0,1166.0,0.60246515
1167.0,1167.0,0.5092326
1168.0,1168.0,0.66624963
1169.0,1169.0,0.6156885
1170.0,1170.0,0.54846585
1171.0,1171.0,0.66348153
1172.0,1172.0,0.59410685
1173.0,1173.0,0.6602612
1174.0,1174.0,0.66045487
1175.0,1175.0,0.62072456
1176.0,1176.0,0.6747067
1177.0,1177.0,0.5957226
1178.0,1178.0,0.8041512
1179.0,1179.0,0.5588311
1180.0,1180.0,0.6135497
1181.0,1181.0,0.6642934
1182.0,1182.0,0.65415204
1183.0,1183.0,0.66421366
1184.0,1184.0,0.56639093
1185.0,1185.0,0.6826557
1186.0,1186.0,0.6603946
1187.0,1187.0,0.55030733
1188.0,1188.0,0.57196593
1189.0,1189.0,0.6191675
1190.0,1190.0,0.58843386
1191.0,1191.0,0.55440027
1192.0,1192.0,0.58916676
1193.0,1193.0,0.59695584
1194.0,1194.0,0.6713635
1195.0,1195.0,0.62224734
1196.0,1196.0,0.5937515
1197.0,1197.0,0.55117
1198.0,1198.0,0.5947503
1199.0,1199.0,0.6031418
1200.0,1200.0,0.6584016
1201.0,1201.0,0.6578036
1202.0,1202.0,0.85812545
1203.0,1203.0,0.55758274
1204.0,1204.0,0.5913527
1205.0,1205.0,0.67061186
1206.0,1206.0,0.6558139
1207.0,1207.0,0.65051514
1208.0,1208.0,0.6013622
1209.0,1209.0,0.57399863
1210.0,1210.0,0.6585638
1211.0,1211.0,0.652969
1212.0,1212.0,0.65779364
1213.0,1213.0,0.59510136
1214.0,1214.0,0.6725512
1215.0,1215.0,0.64380336
1216.0,1216.0,0.59490776
1217.0,1217.0,0.5861138
1218.0,1218.0,0.6615044
1219.0,1219.0,0.7955447
1220.0,1220.0,0.5745288
1221.0,1221.0,0.6572369
1222.0,1222.0,0.59630233
1223.0,1223.0,0.5562647
1224.0,1224.0,0.54756933
1225.0,1225.0,0.58740306
1226.0,1226.0,0.5694068
1227.0,1227.0,0.5867236
1228.0,1228.0,0.6562007
1229.0,1229.0,0.6547593
1230.0,1230.0,0.6719844
1231.0,1231.0,0.66976553
1232.0,1232.0,0.6466007
1233.0,1233.0,0.59334874
1234.0,1234.0,0.6633957
1235.0,1235.0,0.5610232
1236.0,1236.0,0.6476137
1237.0,1237.0,0.6702252
1238.0,1238.0,0.65567017
1239.0,1239.0,0.67382824
1240.0,1240.0,0.65580165
1241.0,1241.0,0.55812675
1242.0,1242.0,0.53531367
1243.0,1243.0,0.65318924
1244.0,1244.0,0.6705915
1245.0,1245.0,0.5982525
1246.0,1246.0,0.6614267
1247.0,1247.0,0.800352
1248.0,1248.0,0.588601
1249.0,1249.0,0.63463
1250.0,1250.0,0.65425193
1251.0,1251.0,0.66359264
1252.0,1252.0,0.55155283
1253.0,1253.0,0.5074395
1254.0,1254.0,0.59000725
1255.0,1255.0,0.5708311
1256.0,1256.0,0.55601794
1257.0,1257.0,0.5782832
1258.0,1258.0,0.57636636
1259.0,1259.0,0.66226995
1260.0,1260.0,0.5559965
1261.0,1261.0,0.56473434
1262.0,1262.0,0.6609636
1263.0,1263.0,0.647542
1264.0,1264.0,0.6662702
1265.0,1265.0,0.5862762
1266.0,1266.0,0.65954024
1267.0,1267.0,0.59432477
1268.0,1268.0,0.55343795
1269.0,1269.0,0.64766276
1270.0,1270.0,0.6665598
1271.0,1271.0,0.62880987
1272.0,1272.0,0.60303676
1273.0,1273.0,0.6570531
1274.0,1274.0,0.5527319
1275.0,1275.0,0.5946015
1276.0,1276.0,0.6176053
1277.0,1277.0,0.6725572
1278.0,1278.0,0.7996452
1279.0,1279.0,0.5735696
1280.0,1280.0,0.639312
1281.0,1281.0,0.5671616
1282.0,1282.0,0.5882125
1283.0,1283.0,0.6546841
1284.0,1284.0,0.6714875
1285.0,1285.0,0.6552984
1286.0,1286.0,0.65594584
1287.0,1287.0,0.55355257
1288.0,1288.0,0.65975183
1289.0,1289.0,0.6651641
1290.0,1290.0,0.5360153
1291.0,1291.0,0.53400844
1292.0,1292.0,0.5855831
1293.0,1293.0,0.55977535
1294.0,1294.0,0.5517591
1295.0,1295.0,0.664746
1296.0,1296.0,0.659279
1297.0,1297.0,0.6572105
1298.0,1298.0,0.65266633
1299.0,1299.0,0.53411835
1300.0,1300.0,0.55436766
1301.0,1301.0,0.5351035
1302.0,1302.0,0.5452358
1303.0,1303.0,0.5785521
1304.0,1304.0,0.53433144
1305.0,1305.0,0.6625186
1306.0,1306.0,0.5435018
1307.0,1307.0,0.6661758
1308.0,1308.0,0.56781566
1309.0,1309.0,0.6569754
1310.0,1310.0,0.54376674
1311.0,1311.0,0.6657301
1312.0,1312.0,0.60969466
1313.0,1313.0,0.5942422
1314.0,1314.0,0.5972093
1315.0,1315.0,0.6769291
1316.0,1316.0,0.557417
1317.0,1317.0,0.58145213
1318.0,1318.0,0.67026246
1319.0,1319.0,0.6448839
1320.0,1320.0,0.64951634
1321.0,1321.0,0.56772923
1322.0,1322.0,0.5530736
1323.0,1323.0,0.6157628
1324.0,1324.0,0.55199367
1325.0,1325.0,0.6576262
1326.0,1326.0,0.65974873
1327.0,1327.0,0.6520694
1328.0,1328.0,0.5697825
1329.0,1329.0,0.59560066
1330.0,1330.0,0.65008503
1331.0,1331.0,0.5985564
1332.0,1332.0,0.58974034
1333.0,1333.0,0.6543508
1334.0,1334.0,0.66347486
1335.0,1335.0,0.6696724
1336.0,1336.0,0.6180767
1337.0,1337.0,0.66656065
1338.0,1338.0,0.6361612
1339.0,1339.0,0.6668074
1340.0,1340.0,0.5633092
1341.0,1341.0,0.585041
1342.0,1342.0,0.57581156
1343.0,1343.0,0.5586211
1344.0,1344.0,0.5343554
1345.0,1345.0,0.5365438
1346.0,1346.0,0.56341046
1347.0,1347.0,0.66931534
1348.0,1348.0,0.6761934
1349.0,1349.0,0.568481
1350.0,1350.0,0.67224056
1351.0,1351.0,0.5428968
1352.0,1352.0,0.6191499
1353.0,1353.0,0.6512061
1354.0,1354.0,0.6586154
1355.0,1355.0,0.66221905
1356.0,1356.0,0.5889705
1357.0,1357.0,0.5600803
1358.0,1358.0,0.5550573
1359.0,1359.0,0.5441946
1360.0,1360.0,0.66976464
1361.0,1361.0,0.65325516
1362.0,1362.0,0.55853957
1363.0,1363.0,0.66862345
1364.0,1364.0,0.6620926
1365.0,1365.0,0.6652486
1366.0,1366.0,0.58145213
1367.0,1367.0,0.6772003
1368.0,1368.0,0.5617192
1369.0,1369.0,0.5731535
1370.0,1370.0,0.5527402
1371.0,1371.0,0.6664184
1372.0,1372.0,0.80590373
1373.0,1373.0,0.5065849
1374.0,1374.0,0.5699974
1375.0,1375.0,0.6552065
1376.0,1376.0,0.6668526
1377.0,1377.0,0.656842
1378.0,1378.0,0.554456
1379.0,1379.0,0.5964691
1380.0,1380.0,0.5877926
1381.0,1381.0,0.55560595
1382.0,1382.0,0.6699137
1383.0,1383.0,0.66785693
1384.0,1384.0,0.5345977
1385.0,1385.0,0.6057577
1386.0,1386.0,0.662647
1387.0,1387.0,0.5793294
1388.0,1388.0,0.6589701
1389.0,1389.0,0.53654355
1390.0,1390.0,0.6054412
1391.0,1391.0,0.66499573
1392.0,1392.0,0.58631396
1393.0,1393.0,0.6345547
1394.0,1394.0,0.5740493
1395.0,1395.0,0.6037243
1396.0,1396.0,0.6181072
1397.0,1397.0,0.6731844
1398.0,1398.0,0.6569852
1399.0,1399.0,0.6728879
1400.0,1400.0,0.6196331
1401.0,1401.0,0.55848587
1402.0,1402.0,0.6676324
1403.0,1403.0,0.6682739
1404.0,1404.0,0.55725235
1405.0,1405.0,0.6089219
1406.0,1406.0,0.57403296
1407.0,1407.0,0.5698804
1408.0,1408.0,0.54920876
1409.0,1409.0,0.6584042
1410.0,1410.0,0.8117406
1411.0,1411.0,0.67400616
1412.0,1412.0,0.6718915
1413.0,1413.0,0.6626516
1414.0,1414.0,0.60493195
1415.0,1415.0,0.67499256
1416.0,1416.0,0.60142666
1417.0,1417.0,0.5664738
1418.0,1418.0,0.57565945
1419.0,1419.0,0.667859
1420.0,1420.0,0.5871209
1421.0,1421.0,0.5336572
1422.0,1422.0,0.6327437
1423.0,1423.0,0.61663437
1424.0,1424.0,0.67229164
1425.0,1425.0,0.6581039
1426.0,1426.0,0.6673993
1427.0,1427.0,0.565509
1428.0,1428.0,0.53544015
1429.0,1429.0,0.6517131
1430.0,1430.0,0.61429596
1431.0,1431.0,0.5747822
1432.0,1432.0,0.6379315
1433.0,1433.0,0.6382432
1434.0,1434.0,0.67076
1435.0,1435.0,0.6492643
1436.0,1436.0,0.6704782
1437.0,1437.0,0.5522086
1438.0,1438.0,0.6598059
1439.0,1439.0,0.5838596
1440.0,1440.0,0.5681698
1441.0,1441.0,0.6636737
1442.0,1442.0,0.65509427
1443.0,1443.0,0.66275495
1444.0,1444.0,0.6415952
1445.0,1445.0,0.65859836
1446.0,1446.0,0.6617792
1447.0,1447.0,0.6755862
1448.0,1448.0,0.5877103
1449.0,1449.0,0.549833
1450.0,1450.0,0.6579397
1451.0,1451.0,0.5376016
1452.0,1452.0,0.5983681
1453.0,1453.0,0.5318913
1454.0,1454.0,0.55472696
1455.0,1455.0,0.61659807
1456.0,1456.0,0.5728664
1457.0,1457.0,0.5655238
1458.0,1458.0,0.65887755
1459.0,1459.0,0.61314756
1460.0,1460.0,0.5719891
1461.0,1461.0,0.5582407
1462.0,1462.0,0.5770503
1463.0,1463.0,0.5710979
1464.0,1464.0,0.5594454
1465.0,1465.0,0.55960673
1466.0,1466.0,0.56621397
1467.0,1467.0,0.5970595
1468.0,1468.0,0.6578282
1469.0,1469.0,0.6091736
1470.0,1470.0,0.65645367
1471.0,1471.0,0.6685563
1472.0,1472.0,0.62935144
1473.0,1473.0,0.6292582
1474.0,1474.0,0.59798765
1475.0,1475.0,0.6503585
1476.0,1476.0,0.5721011
1477.0,1477.0,0.5381883
1478.0,1478.0,0.80510914
1479.0,1479.0,0.6381338
1480.0,1480.0,0.5967503
1481.0,1481.0,0.6575043
1482.0,1482.0,0.66224855
1483.0,1483.0,0.80926794
1484.0,1484.0,0.5481456
1485.0,1485.0,0.56716233
1486.0,1486.0,0.55438733
1487.0,1487.0,0.5349962
1488.0,1488.0,0.6659125
1489.0,1489.0,0.65510345
1490.0,1490.0,0.65562904
1491.0,1491.0,0.6599992
1492.0,1492.0,0.6346575
1493.0,1493.0,0.58638245
1494.0,1494.0,0.64988846
1495.0,1495.0,0.6639066
1496.0,1496.0,0.6579514
1497.0,1497.0,0.5678122
1498.0,1498.0,0.6085296
1499.0,1499.0,0.66474986
1500.0,1500.0,0.5340756
1501.0,1501.0,0.83950514
1502.0,1502.0,0.5667519
1503.0,1503.0,0.65583336
1504.0,1504.0,0.6691195
1505.0,1505.0,0.65593266
1506.0,1506.0,0.66207296
1507.0,1507.0,0.6526891
1508.0,1508.0,0.65732443
1509.0,1509.0,0.6634166
1510.0,1510.0,0.60094345
1511.0,1511.0,0.5995023
1512.0,1512.0,0.6625021
1513.0,1513.0,0.782419
1514.0,1514.0,0.6620828
1515.0,1515.0,0.6559687
1516.0,1516.0,0.58401763
1517.0,1517.0,0.56621486
1518.0,1518.0,0.65975785
1519.0,1519.0,0.6539237
1520.0,1520.0,0.554456
1521.0,1521.0,0.66745913
1522.0,1522.0,0.6170317
1523.0,1523.0,0.55328506
1524.0,1524.0,0.59417456
1525.0,1525.0,0.5804618
1526.0,1526.0,0.6703651
1527.0,1527.0,0.6568205
1528.0,1528.0,0.59739697
1529.0,1529.0,0.6691864
1530.0,1530.0,0.7645068
1531.0,1531.0,0.6731765
1532.0,1532.0,0.53176665
1533.0,1533.0,0.54496455
1534.0,1534.0,0.57780147
1535.0,1535.0,0.6714978
1536.0,1536.0,0.5591608
1537.0,1537.0,0.55725354
1538.0,1538.0,0.66003966
1539.0,1539.0,0.5574185
1540.0,1540.0,0.58470076
1541.0,1541.0,0.67002684
1542.0,1542.0,0.7095413
1543.0,1543.0,0.658205
1544.0,1544.0,0.654425
1545.0,1545.0,0.65813774
1546.0,1546.0,0.6347091
1547.0,1547.0,0.56963813
1548.0,1548.0,0.67008406
1549.0,1549.0,0.6685122
1550.0,1550.0,0.59224665
1551.0,1551.0,0.67870194
1552.0,1552.0,0.54175794
1553.0,1553.0,0.57324547
1554.0,1554.0,0.6068585
1555.0,1555.0,0.6671028
1556.0,1556.0,0.5397042
1557.0,1557.0,0.6539885
1558.0,1558.0,0.66530883
1559.0,1559.0,0.65874964
1560.0,1560.0,0.53352416
1561.0,1561.0,0.5923385
1562.0,1562.0,0.6704964
1563.0,1563.0,0.6646043
1564.0,1564.0,0.6128798
1565.0,1565.0,0.64782923
1566.0,1566.0,0.53100276
1567.0,1567.0,0.65238905
1568.0,1568.0,0.55133384
1569.0,1569.0,0.64508146
1570.0,1570.0,0.5360962
1571.0,1571.0,0.652293
1572.0,1572.0,0.55290943
1573.0,1573.0,0.66087073
1574.0,1574.0,0.5661423
1575.0,1575.0,0.6190889
1576.0,1576.0,0.5591608
1577.0,1577.0,0.59209615
1578.0,1578.0,0.548551
1579.0,1579.0,0.5326368
1580.0,1580.0,0.5724157
1581.0,1581.0,0.5548356
1582.0,1582.0,0.5409605
1583.0,1583.0,0.6677506
1584.0,1584.0,0.66176945
1585.0,1585.0,0.55618143
1586.0,1586.0,0.6639727
1587.0,1587.0,0.6738958
1588.0,1588.0,0.66098344
1589.0,1589.0,0.5669712
1590.0,1590.0,0.5704181
1591.0,1591.0,0.6693493
1592.0,1592.0,0.6745379
1593.0,1593.0,0.65442693
1594.0,1594.0,0.664078
1595.0,1595.0,0.6317214
1596.0,1596.0,0.5924864
1597.0,1597.0,0.5947846
1598.0,1598.0,0.5548143
1599.0,1599.0,0.59774166
1600.0,1600.0,0.6612609
1601.0,1601.0,0.6327675
1602.0,1602.0,0.792208
1603.0,1603.0,0.6387109
1604.0,1604.0,0.5348969
1605.0,1605.0,0.5459547
1606.0,1606.0,0.64160424
1607.0,1607.0,0.5356673
1608.0,1608.0,0.5504879
1609.0,1609.0,0.5602405
1610.0,1610.0,0.60011274
1611.0,1611.0,0.66380185
1612.0,1612.0,0.66398716
1613.0,1613.0,0.6536549
1614.0,1614.0,0.65788686
1615.0,1615.0,0.59547347
1616.0,1616.0,0.6654941
1617.0,1617.0,0.6059206
1618.0,1618.0,0.6333771
1619.0,1619.0,0.5500715
1620.0,1620.0,0.5528139
1621.0,1621.0,0.66331446
1622.0,1622.0,0.656744
1623.0,1623.0,0.66676867
1624.0,1624.0,0.65829176
1625.0,1625.0,0.57857925
1626.0,1626.0,0.5758949
1627.0,1627.0,0.6455853
1628.0,1628.0,0.5695421
1629.0,1629.0,0.6630218
1630.0,1630.0,0.6228223
1631.0,1631.0,0.6639622
1632.0,1632.0,0.55895084
1633.0,1633.0,0.54281443
1634.0,1634.0,0.6590742
1635.0,1635.0,0.59099793
1636.0,1636.0,0.5748974
1637.0,1637.0,0.5756408
1638.0,1638.0,0.6517131
1639.0,1639.0,0.6596642
1640.0,1640.0,0.58930266
1641.0,1641.0,0.5551638
1642.0,1642.0,0.8494413
1643.0,1643.0,0.67112225
1644.0,1644.0,0.5938541
1645.0,1645.0,0.6591499
1646.0,1646.0,0.6565195
1647.0,1647.0,0.66245186
1648.0,1648.0,0.56589377
1649.0,1649.0,0.52046615
1650.0,1650.0,0.663696
1651.0,1651.0,0.65141517
1652.0,1652.0,0.55356866
1653.0,1653.0,0.66268015
1654.0,1654.0,0.66971546
1655.0,1655.0,0.5759955
1656.0,1656.0,0.5891701
1657.0,1657.0,0.5610674
1658.0,1658.0,0.591683
1659.0,1659.0,0.54606396
1660.0,1660.0,0.5593592
1661.0,1661.0,0.6570081
1662.0,1662.0,0.67112166
1663.0,1663.0,0.6469847
1664.0,1664.0,0.56266636
1665.0,1665.0,0.6583118
1666.0,1666.0,0.5550657
1667.0,1667.0,0.60101473
1668.0,1668.0,0.6564817
1669.0,1669.0,0.65533805
1670.0,1670.0,0.5954979
1671.0,1671.0,0.65517104
1672.0,1672.0,0.5839986
1673.0,1673.0,0.6537307
1674.0,1674.0,0.6709018
1675.0,1675.0,0.55453813
1676.0,1676.0,0.6686023
1677.0,1677.0,0.6586994
1678.0,1678.0,0.6322156
1679.0,1679.0,0.65259147
1680.0,1680.0,0.6313901
1681.0,1681.0,0.5703518
1682.0,1682.0,0.6715279
1683.0,1683.0,0.66418934
1684.0,1684.0,0.5390926
1685.0,1685.0,0.66211766
1686.0,1686.0,0.6191675
1687.0,1687.0,0.61011827
1688.0,1688.0,0.6681633
1689.0,1689.0,0.5738664
1690.0,1690.0,0.63041276
1691.0,1691.0,0.65932614
1692.0,1692.0,0.6628208
1693.0,1693.0,0.5352495
1694.0,1694.0,0.5956534
1695.0,1695.0,0.63429296
1696.0,1696.0,0.6596486
1697.0,1697.0,0.55800706
1698.0,1698.0,0.64828914
1699.0,1699.0,0.53721714
1700.0,1700.0,0.5905145
1701.0,1701.0,0.86229223
1702.0,1702.0,0.66448003
1703.0,1703.0,0.5995334
1704.0,1704.0,0.58036494
1705.0,1705.0,0.6659231
1706.0,1706.0,0.64615273
1707.0,1707.0,0.59318686
1708.0,1708.0,0.5888163
1709.0,1709.0,0.53563404
1710.0,1710.0,0.64350295
1711.0,1711.0,0.6656427
1712.0,1712.0,0.66898435
1713.0,1713.0,0.667087
1714.0,1714.0,0.59169155
1715.0,1715.0,0.54852414
1716.0,1716.0,0.66129047
1717.0,1717.0,0.6172593
1718.0,1718.0,0.61424726
1719.0,1719.0,0.64685154
1720.0,1720.0,0.66387534
1721.0,1721.0,0.6562355
1722.0,1722.0,0.6627752
1723.0,1723.0,0.5368938
1724.0,1724.0,0.6584583
1725.0,1725.0,0.6778215
1726.0,1726.0,0.536595
1727.0,1727.0,0.65449905
1728.0,1728.0,0.668985
1729.0,1729.0,0.65033513
1730.0,1730.0,0.66717106
1731.0,1731.0,0.56830996
1732.0,1732.0,0.55766404
1733.0,1733.0,0.55758077
1734.0,1734.0,0.650612
1735.0,1735.0,0.6688879
1736.0,1736.0,0.5689831
1737.0,1737.0,0.6045602
1738.0,1738.0,0.6542942
1739.0,1739.0,0.55503124
1740.0,1740.0,0.54322124
1741.0,1741.0,0.66515595
1742.0,1742.0,0.61330724
1743.0,1743.0,0.5394883
1744.0,1744.0,0.6576327
1745.0,1745.0,0.66591513
1746.0,1746.0,0.61832833
1747.0,1747.0,0.65802413
1748.0,1748.0,0.59392
1749.0,1749.0,0.86086845
1750.0,1750.0,0.6440805
1751.0,1751.0,0.59088427
1752.0,1752.0,0.5547982
1753.0,1753.0,0.65459406
1754.0,1754.0,0.6572852
1755.0,1755.0,0.56246346
1756.0,1756.0,0.64837354
1757.0,1757.0,0.6318766
1758.0,1758.0,0.6524943
1759.0,1759.0,0.6598012
1760.0,1760.0,0.65621674
1761.0,1761.0,0.6747911
1762.0,1762.0,0.6548254
1763.0,1763.0,0.6971092
1764.0,1764.0,0.65577924
1765.0,1765.0,0.6529147
1766.0,1766.0,0.5744645
1767.0,1767.0,0.65385073
1768.0,1768.0,0.65719813
1769.0,1769.0,0.65991473
1770.0,1770.0,0.6592416
1771.0,1771.0,0.53488934
1772.0,1772.0,0.6437413
1773.0,1773.0,0.5392245
1774.0,1774.0,0.56581974
1775.0,1775.0,0.6601441
1776.0,1776.0,0.56714875
1777.0,1777.0,0.5348834
1778.0,1778.0,0.5561504
1779.0,1779.0,0.6679869
1780.0,1780.0,0.67352575
1781.0,1781.0,0.648589
1782.0,1782.0,0.61559254
1783.0,1783.0,0.6589012
1784.0,1784.0,0.5940903
1785.0,1785.0,0.6594969
1786.0,1786.0,0.575911
1787.0,1787.0,0.5890828
1788.0,1788.0,0.53049564
1789.0,1789.0,0.5523726
1790.0,1790.0,0.67163235
1791.0,1791.0,0.61846834
1792.0,1792.0,0.55618143
1793.0,1793.0,0.6607376
1794.0,1794.0,0.6689919
1795.0,1795.0,0.5976501
1796.0,1796.0,0.55977535
1797.0,1797.0,0.5639068
1798.0,1798.0,0.5363751
1799.0,1799.0,0.6633062
1800.0,1800.0,0.67793804
1801.0,1801.0,0.5699402
1802.0,1802.0,0.65772814
1803.0,1803.0,0.6705638
1804.0,1804.0,0.5539631
1805.0,1805.0,0.6338671
1806.0,1806.0,0.509549
1807.0,1807.0,0.57227117
1808.0,1808.0,0.6719656
1809.0,1809.0,0.5443706
1810.0,1810.0,0.65512437
1811.0,1811.0,0.5669829
1812.0,1812.0,0.6620161
1813.0,1813.0,0.65746874
1814.0,1814.0,0.5684759
1815.0,1815.0,0.5838248
1816.0,1816.0,0.65677077
1817.0,1817.0,0.799745
1818.0,1818.0,0.66754794
1819.0,1819.0,0.5517477
1820.0,1820.0,0.66322905
1821.0,1821.0,0.66310716
1822.0,1822.0,0.6417707
1823.0,1823.0,0.6273198
1824.0,1824.0,0.65805703
1825.0,1825.0,0.57742953
1826.0,1826.0,0.6511347
1827.0,1827.0,0.58839643
1828.0,1828.0,0.56731457
1829.0,1829.0,0.6505778
1830.0,1830.0,0.6882396
1831.0,1831.0,0.6648254
1832.0,1832.0,0.66444606
1833.0,1833.0,0.57290465
1834.0,1834.0,0.6525465
1835.0,1835.0,0.5429132
1836.0,1836.0,0.6644995
1837.0,1837.0,0.65805554
1838.0,1838.0,0.53225595
1839.0,1839.0,0.53225017
1840.0,1840.0,0.54747885
1841.0,1841.0,0.5363523
1842.0,1842.0,0.55898106
1843.0,1843.0,0.6726415
1844.0,1844.0,0.5521711
1845.0,1845.0,0.541693
1846.0,1846.0,0.54183924
1847.0,1847.0,0.6704246
1848.0,1848.0,0.5556889
1849.0,1849.0,0.5337278
1850.0,1850.0,0.6714992
1851.0,1851.0,0.6522408
1852.0,1852.0,0.6950989
1853.0,1853.0,0.5708817
1854.0,1854.0,0.63413876
1855.0,1855.0,0.657348
1856.0,1856.0,0.66192
1857.0,1857.0,0.6379408
1858.0,1858.0,0.55667615
1859.0,1859.0,0.5497281
1860.0,1860.0,0.6134483
1861.0,1861.0,0.6563216
1862.0,1862.0,0.5590333
1863.0,1863.0,0.6408738
1864.0,1864.0,0.5740771
1865.0,1865.0,0.6719204
1866.0,1866.0,0.65817493
1867.0,1867.0,0.6407408
1868.0,1868.0,0.56490916
1869.0,1869.0,0.5947643
1870.0,1870.0,0.55601794
1871.0,1871.0,0.65795684
1872.0,1872.0,0.6583751
1873.0,1873.0,0.66924894
1874.0,1874.0,0.6705008
1875.0,1875.0,0.66149414
1876.0,1876.0,0.65197986
1877.0,1877.0,0.5884804
1878.0,1878.0,0.64572144
1879.0,1879.0,0.6637119
1880.0,1880.0,0.6712118
1881.0,1881.0,0.65415424
1882.0,1882.0,0.5986629
1883.0,1883.0,0.66186446
1884.0,1884.0,0.59256834
1885.0,1885.0,0.6679075
1886.0,1886.0,0.5727173
1887.0,1887.0,0.56874806
1888.0,1888.0,0.6712257
1889.0,1889.0,0.664813
1890.0,1890.0,0.6495765
1891.0,1891.0,0.6507199
1892.0,1892.0,0.5875407
1893.0,1893.0,0.53866965
1894.0,1894.0,0.6487172
1895.0,1895.0,0.66648686
1896.0,1896.0,0.64138
1897.0,1897.0,0.6705699
1898.0,1898.0,0.59749883
1899.0,1899.0,0.6672124
1900.0,1900.0,0.56523114
1901.0,1901.0,0.6633834
1902.0,1902.0,0.67695934
1903.0,1903.0,0.55800706
1904.0,1904.0,0.5734086
1905.0,1905.0,0.5734632
1906.0,1906.0,0.59399533
1907.0,1907.0,0.6635955
1908.0,1908.0,0.57515806
1909.0,1909.0,0.8195077
1910.0,1910.0,0.657922
1911.0,1911.0,0.5639895
1912.0,1912.0,0.63513565
1913.0,1913.0,0.5396606
1914.0,1914.0,0.65347946
1915.0,1915.0,0.5515613
1916.0,1916.0,0.6558974
1917.0,1917.0,0.6349354
1918.0,1918.0,0.5355399
1919.0,1919.0,0.57720053
1920.0,1920.0,0.56341046
1921.0,1921.0,0.5950081
1922.0,1922.0,0.6087664
1923.0,1923.0,0.6615949
1924.0,1924.0,0.53403246
1925.0,1925.0,0.5961318
1926.0,1926.0,0.54888153
1927.0,1927.0,0.65938765
1928.0,1928.0,0.67373556
1929.0,1929.0,0.5999296
1930.0,1930.0,0.5732837
1931.0,1931.0,0.5357052
1932.0,1932.0,0.59100837
1933.0,1933.0,0.5726169
1934.0,1934.0,0.6660523
1935.0,1935.0,0.6354028
1936.0,1936.0,0.66205204
1937.0,1937.0,0.560849
1938.0,1938.0,0.5427487
1939.0,1939.0,0.6597642
1940.0,1940.0,0.66741604
1941.0,1941.0,0.64784646
1942.0,1942.0,0.6734726
1943.0,1943.0,0.66768706
1944.0,1944.0,0.6595814
1945.0,1945.0,0.6531573
1946.0,1946.0,0.66669995
1947.0,1947.0,0.55767757
1948.0,1948.0,0.6616484
1949.0,1949.0,0.61215377
1950.0,1950.0,0.5290395
1951.0,1951.0,0.53397596
1952.0,1952.0,0.65972143
1953.0,1953.0,0.6641199
1954.0,1954.0,0.59658015
1955.0,1955.0,0.6759213
1956.0,1956.0,0.6688308
1957.0,1957.0,0.66147536
1958.0,1958.0,0.65893584
1959.0,1959.0,0.633401
1960.0,1960.0,0.63230675
1961.0,1961.0,0.5760804
1962.0,1962.0,0.5945842
1963.0,1963.0,0.65618545
1964.0,1964.0,0.5721553
1965.0,1965.0,0.54394865
1966.0,1966.0,0.6535084
1967.0,1967.0,0.51062405
1968.0,1968.0,0.6684563
1969.0,1969.0,0.5517568
1970.0,1970.0,0.6550185
1971.0,1971.0,0.6737248
1972.0,1972.0,0.66495174
1973.0,1973.0,0.65841466
1974.0,1974.0,0.5487927
1975.0,1975.0,0.66284335
1976.0,1976.0,0.60758036
1977.0,1977.0,0.6355533
1978.0,1978.0,0.6132422
1979.0,1979.0,0.5565596
1980.0,1980.0,0.5724516
1981.0,1981.0,0.5575129
1982.0,1982.0,0.66046387
1983.0,1983.0,0.55878377
1984.0,1984.0,0.6553286
