x,y,species stddev
1.0,1.0,0.0066216397
2.0,2.0,0.003568669
3.0,3.0,0.0042487527
4.0,4.0,0.0046692337
5.0,5.0,0.008041659
6.0,6.0,0.0072622728
7.0,7.0,0.008484465
8.0,8.0,0.0038006196
9.0,9.0,0.007170593
10.0,10.0,0.0069397804
11.0,11.0,0.002456104
12.0,12.0,0.0062129404
13.0,13.0,0.007236333
14.0,14.0,0.008002779
15.0,15.0,0.007989976
16.0,16.0,0.017816093
17.0,17.0,0.016925128
18.0,18.0,0.0104459245
19.0,19.0,0.0041374816
20.0,20.0,0.006489516
21.0,21.0,0.004173271
22.0,22.0,0.0024237488
23.0,23.0,0.004301573
24.0,24.0,0.0032014565
25.0,25.0,0.016096912
26.0,26.0,0.009543225
27.0,27.0,0.006715246
28.0,28.0,0.003863578
29.0,29.0,0.008998228
30.0,30.0,0.0033537406
31.0,31.0,0.00875195
32.0,32.0,0.0073806355
33.0,33.0,0.0062796785
34.0,34.0,0.004818974
35.0,35.0,0.003220402
36.0,36.0,0.011976861
37.0,37.0,0.0026009209
38.0,38.0,0.0050211665
39.0,39.0,0.0070461556
40.0,40.0,0.0062101474
41.0,41.0,0.004178604
42.0,42.0,0.0065347874
43.0,43.0,0.0026081824
44.0,44.0,0.002323389
45.0,45.0,0.009764919
46.0,46.0,0.0015892943
47.0,47.0,0.016126728
48.0,48.0,0.0031914683
49.0,49.0,0.0023007714
50.0,50.0,0.009100085
51.0,51.0,0.0036396952
52.0,52.0,0.0024211856
53.0,53.0,0.009643578
54.0,54.0,0.00874239
55.0,55.0,0.009280345
56.0,56.0,0.0041768258
57.0,57.0,0.00925436
58.0,58.0,0.0017165941
59.0,59.0,0.0061717182
60.0,60.0,0.0061910595
61.0,61.0,0.0064128404
62.0,62.0,0.003388267
63.0,63.0,0.00392441
64.0,64.0,0.015149856
65.0,65.0,0.0047277506
66.0,66.0,0.0082584545
67.0,67.0,0.008407597
68.0,68.0,0.003933792
69.0,69.0,0.0026723007
70.0,70.0,0.00676196
71.0,71.0,0.0063472213
72.0,72.0,0.008024137
73.0,73.0,0.0070516947
74.0,74.0,0.008448931
75.0,75.0,0.0064071896
76.0,76.0,0.0023917553
77.0,77.0,0.006363682
78.0,78.0,0.0067572924
79.0,79.0,0.0043780515
80.0,80.0,0.009701025
81.0,81.0,0.009523506
82.0,82.0,0.007937215
83.0,83.0,0.0077744597
84.0,84.0,0.00731311
85.0,85.0,0.013813477
86.0,86.0,0.0027275453
87.0,87.0,0.008662384
88.0,88.0,0.004637753
89.0,89.0,0.0038454835
90.0,90.0,0.0069646602
91.0,91.0,0.0030758984
92.0,92.0,0.0032988656
93.0,93.0,0.0030011046
94.0,94.0,0.003668706
95.0,95.0,0.0048789326
96.0,96.0,0.0075685936
97.0,97.0,0.003058314
98.0,98.0,0.0042745764
99.0,99.0,0.009657282
100.0,100.0,0.0072114477
101.0,101.0,0.0066898107
102.0,102.0,0.0025989257
103.0,103.0,0.0036139868
104.0,104.0,0.0062551056
105.0,105.0,0.0040932577
106.0,106.0,0.0061623133
107.0,107.0,0.0022720182
108.0,108.0,0.0039901068
109.0,109.0,0.005645266
110.0,110.0,0.019289467
111.0,111.0,0.0065273326
112.0,112.0,0.010292861
113.0,113.0,0.009477051
114.0,114.0,0.0051875054
115.0,115.0,0.006040075
116.0,116.0,0.0073635923
117.0,117.0,0.01819347
118.0,118.0,0.0038750472
119.0,119.0,0.0069398885
120.0,120.0,0.0047372486
121.0,121.0,0.0024284222
122.0,122.0,0.0036673585
123.0,123.0,0.0024659366
124.0,124.0,0.0026425514
125.0,125.0,0.0025664389
126.0,126.0,0.0035020798
127.0,127.0,0.0020859411
128.0,128.0,0.007097651
129.0,129.0,0.0025767616
130.0,130.0,0.008471561
131.0,131.0,0.002342862
132.0,132.0,0.006409438
133.0,133.0,0.0026698005
134.0,134.0,0.004443798
135.0,135.0,0.0028867284
136.0,136.0,0.020376908
137.0,137.0,0.007572075
138.0,138.0,0.0026935905
139.0,139.0,0.004176208
140.0,140.0,0.008647086
141.0,141.0,0.0075714816
142.0,142.0,0.004222151
143.0,143.0,0.0021840779
144.0,144.0,0.006589207
145.0,145.0,0.0042117517
146.0,146.0,0.0031893088
147.0,147.0,0.0025381455
148.0,148.0,0.0031312853
149.0,149.0,0.0026525732
150.0,150.0,0.0035681247
151.0,151.0,0.004170853
152.0,152.0,0.006926322
153.0,153.0,0.004395659
154.0,154.0,0.0063270405
155.0,155.0,0.006156511
156.0,156.0,0.008073724
157.0,157.0,0.0070934
158.0,158.0,0.0063916114
159.0,159.0,0.0025502697
160.0,160.0,0.0036769288
161.0,161.0,0.004222075
162.0,162.0,0.0044333395
163.0,163.0,0.0064927116
164.0,164.0,0.0029385884
165.0,165.0,0.008672465
166.0,166.0,0.006330139
167.0,167.0,0.0042906357
168.0,168.0,0.006570873
169.0,169.0,0.015031775
170.0,170.0,0.00256448
171.0,171.0,0.003635316
172.0,172.0,0.00645138
173.0,173.0,0.006767326
174.0,174.0,0.0063117864
175.0,175.0,0.006830427
176.0,176.0,0.007350281
177.0,177.0,0.0062298626
178.0,178.0,0.009643131
179.0,179.0,0.0061833654
180.0,180.0,0.006469922
181.0,181.0,0.0047649527
182.0,182.0,0.0069072396
183.0,183.0,0.002717927
184.0,184.0,0.015645491
185.0,185.0,0.004499772
186.0,186.0,0.008244818
187.0,187.0,0.0039898036
188.0,188.0,0.011856514
189.0,189.0,0.0096358
190.0,190.0,0.0032914646
191.0,191.0,0.007888227
192.0,192.0,0.009125205
193.0,193.0,0.0028511737
194.0,194.0,0.006443593
195.0,195.0,0.0073654484
196.0,196.0,0.0040200143
197.0,197.0,0.0034312604
198.0,198.0,0.0064486405
199.0,199.0,0.0063742427
200.0,200.0,0.0022745694
201.0,201.0,0.004750112
202.0,202.0,0.004637566
203.0,203.0,0.0071384707
204.0,204.0,0.0072935093
205.0,205.0,0.0042811185
206.0,206.0,0.018515132
207.0,207.0,0.0031571381
208.0,208.0,0.0041811876
209.0,209.0,0.0074041905
210.0,210.0,0.003603178
211.0,211.0,0.0036930677
212.0,212.0,0.006417251
213.0,213.0,0.009348829
214.0,214.0,0.0066360105
215.0,215.0,0.0028554457
216.0,216.0,0.004865019
217.0,217.0,0.0064221364
218.0,218.0,0.008575899
219.0,219.0,0.0060879313
220.0,220.0,0.0064134444
221.0,221.0,0.0054652668
222.0,222.0,0.0029672899
223.0,223.0,0.0070198416
224.0,224.0,0.006527073
225.0,225.0,0.008555854
226.0,226.0,0.0036787784
227.0,227.0,0.0029254276
228.0,228.0,0.00403643
229.0,229.0,0.0026251746
230.0,230.0,0.008579376
231.0,231.0,0.0045101247
232.0,232.0,0.0028875372
233.0,233.0,0.008907131
234.0,234.0,0.00682775
235.0,235.0,0.0066220537
236.0,236.0,0.0026024464
237.0,237.0,0.006503578
238.0,238.0,0.0061786813
239.0,239.0,0.0023701652
240.0,240.0,0.0034139904
241.0,241.0,0.0067529473
242.0,242.0,0.00743051
243.0,243.0,0.003774394
244.0,244.0,0.006973864
245.0,245.0,0.015463441
246.0,246.0,0.008013855
247.0,247.0,0.005609151
248.0,248.0,0.00498725
249.0,249.0,0.013896253
250.0,250.0,0.0026517368
251.0,251.0,0.008652698
252.0,252.0,0.0062206993
253.0,253.0,0.0026296347
254.0,254.0,0.0025878982
255.0,255.0,0.0024437136
256.0,256.0,0.0026814505
257.0,257.0,0.0072327983
258.0,258.0,0.0045218975
259.0,259.0,0.0061779646
260.0,260.0,0.0062263706
261.0,261.0,0.002779799
262.0,262.0,0.005102105
263.0,263.0,0.003609005
264.0,264.0,0.0065850047
265.0,265.0,0.003312143
266.0,266.0,0.0063056233
267.0,267.0,0.0020858003
268.0,268.0,0.0026094513
269.0,269.0,0.0031945778
270.0,270.0,0.0067220135
271.0,271.0,0.0016604809
272.0,272.0,0.006200422
273.0,273.0,0.006559947
274.0,274.0,0.0053465897
275.0,275.0,0.006973857
276.0,276.0,0.004422771
277.0,277.0,0.003464708
278.0,278.0,0.009876195
279.0,279.0,0.008666281
280.0,280.0,0.0022916025
281.0,281.0,0.0026163806
282.0,282.0,0.006890499
283.0,283.0,0.0023307207
284.0,284.0,0.008810589
285.0,285.0,0.006468196
286.0,286.0,0.0035168943
287.0,287.0,0.0044570523
288.0,288.0,0.00852111
289.0,289.0,0.007105657
290.0,290.0,0.002865711
291.0,291.0,0.0037212747
292.0,292.0,0.0043372777
293.0,293.0,0.007704854
294.0,294.0,0.0046238946
295.0,295.0,0.0038516612
296.0,296.0,0.0064019393
297.0,297.0,0.004839601
298.0,298.0,0.0029745894
299.0,299.0,0.0062664356
300.0,300.0,0.009678339
301.0,301.0,0.004099564
302.0,302.0,0.003676209
303.0,303.0,0.0044353227
304.0,304.0,0.0051172334
305.0,305.0,0.0075687314
306.0,306.0,0.0075054993
307.0,307.0,0.00643052
308.0,308.0,0.003243936
309.0,309.0,0.006460636
310.0,310.0,0.007816096
311.0,311.0,0.006445
312.0,312.0,0.0073380996
313.0,313.0,0.0038408074
314.0,314.0,0.004213994
315.0,315.0,0.008488512
316.0,316.0,0.003876821
317.0,317.0,0.0035763718
318.0,318.0,0.008772152
319.0,319.0,0.0064936606
320.0,320.0,0.008023489
321.0,321.0,0.0070767803
322.0,322.0,0.002652901
323.0,323.0,0.0065556327
324.0,324.0,0.0022238204
325.0,325.0,0.0063754036
326.0,326.0,0.006957814
327.0,327.0,0.0044059292
328.0,328.0,0.00724506
329.0,329.0,0.0024448384
330.0,330.0,0.0043416373
331.0,331.0,0.007745859
332.0,332.0,0.0064793937
333.0,333.0,0.003227777
334.0,334.0,0.0032731413
335.0,335.0,0.0064475075
336.0,336.0,0.0069401194
337.0,337.0,0.006447959
338.0,338.0,0.0065743765
339.0,339.0,0.008804062
340.0,340.0,0.006388973
341.0,341.0,0.0043422487
342.0,342.0,0.004289263
343.0,343.0,0.0026855739
344.0,344.0,0.0022716997
345.0,345.0,0.008425854
346.0,346.0,0.01776885
347.0,347.0,0.0072301915
348.0,348.0,0.007104564
349.0,349.0,0.0048605064
350.0,350.0,0.006965058
351.0,351.0,0.006528225
352.0,352.0,0.007899475
353.0,353.0,0.006570486
354.0,354.0,0.014588863
355.0,355.0,0.0065426314
356.0,356.0,0.005702311
357.0,357.0,0.0035782962
358.0,358.0,0.0073632933
359.0,359.0,0.004130863
360.0,360.0,0.0024962076
361.0,361.0,0.006311235
362.0,362.0,0.0021965487
363.0,363.0,0.015360783
364.0,364.0,0.0067249206
365.0,365.0,0.0086258305
366.0,366.0,0.004622822
367.0,367.0,0.007885934
368.0,368.0,0.00666961
369.0,369.0,0.013373761
370.0,370.0,0.010115293
371.0,371.0,0.004224429
372.0,372.0,0.0069439234
373.0,373.0,0.006388621
374.0,374.0,0.0062781065
375.0,375.0,0.0066466215
376.0,376.0,0.0036030128
377.0,377.0,0.0037264973
378.0,378.0,0.00632996
379.0,379.0,0.0036623648
380.0,380.0,0.004557634
381.0,381.0,0.0099823605
382.0,382.0,0.0073640654
383.0,383.0,0.007248844
384.0,384.0,0.0037363474
385.0,385.0,0.006728122
386.0,386.0,0.002927335
387.0,387.0,0.0065136105
388.0,388.0,0.0055002277
389.0,389.0,0.0040016607
390.0,390.0,0.004474182
391.0,391.0,0.007957852
392.0,392.0,0.0087158345
393.0,393.0,0.013735403
394.0,394.0,0.0027588399
395.0,395.0,0.006217566
396.0,396.0,0.0080343215
397.0,397.0,0.0064285113
398.0,398.0,0.0033811925
399.0,399.0,0.0039061112
400.0,400.0,0.0064168964
401.0,401.0,0.0023919803
402.0,402.0,0.016715132
403.0,403.0,0.009825701
404.0,404.0,0.006647805
405.0,405.0,0.0026071956
406.0,406.0,0.005141598
407.0,407.0,0.0027398644
408.0,408.0,0.0069367145
409.0,409.0,0.003815196
410.0,410.0,0.0047647115
411.0,411.0,0.0047151526
412.0,412.0,0.008749407
413.0,413.0,0.0027649594
414.0,414.0,0.017329082
415.0,415.0,0.0025958903
416.0,416.0,0.0037385444
417.0,417.0,0.0067159478
418.0,418.0,0.009963608
419.0,419.0,0.0024610888
420.0,420.0,0.0025389201
421.0,421.0,0.0039527393
422.0,422.0,0.004676606
423.0,423.0,0.007521686
424.0,424.0,0.0034342392
425.0,425.0,0.0040093125
426.0,426.0,0.0089102
427.0,427.0,0.0033029488
428.0,428.0,0.0026253902
429.0,429.0,0.006918467
430.0,430.0,0.0036795621
431.0,431.0,0.0065099867
432.0,432.0,0.009322102
433.0,433.0,0.0064553507
434.0,434.0,0.0030693093
435.0,435.0,0.008057569
436.0,436.0,0.0083040465
437.0,437.0,0.003232245
438.0,438.0,0.009069978
439.0,439.0,0.002734743
440.0,440.0,0.007419629
441.0,441.0,0.0071920683
442.0,442.0,0.0035612315
443.0,443.0,0.0042909253
444.0,444.0,0.0034333116
445.0,445.0,0.00358261
446.0,446.0,0.006439565
447.0,447.0,0.018419173
448.0,448.0,0.011893686
449.0,449.0,0.0064747175
450.0,450.0,0.019235695
451.0,451.0,0.0028119548
452.0,452.0,0.016222978
453.0,453.0,0.008215096
454.0,454.0,0.0063443333
455.0,455.0,0.008644038
456.0,456.0,0.0030570526
457.0,457.0,0.0037510167
458.0,458.0,0.0064085303
459.0,459.0,0.0063670105
460.0,460.0,0.004190086
461.0,461.0,0.0038157175
462.0,462.0,0.019311694
463.0,463.0,0.0064959996
464.0,464.0,0.006895944
465.0,465.0,0.00710295
466.0,466.0,0.009174286
467.0,467.0,0.006336296
468.0,468.0,0.007417844
469.0,469.0,0.0032664773
470.0,470.0,0.014061682
471.0,471.0,0.0039908607
472.0,472.0,0.008077486
473.0,473.0,0.0104610855
474.0,474.0,0.0052120006
475.0,475.0,0.002918012
476.0,476.0,0.0026246621
477.0,477.0,0.0065156454
478.0,478.0,0.0077277757
479.0,479.0,0.0023607397
480.0,480.0,0.006934798
481.0,481.0,0.0061307796
482.0,482.0,0.006410619
483.0,483.0,0.007967822
484.0,484.0,0.0053744256
485.0,485.0,0.006359508
486.0,486.0,0.0046913167
487.0,487.0,0.006332219
488.0,488.0,0.006089084
489.0,489.0,0.0031131702
490.0,490.0,0.006331803
491.0,491.0,0.0063158805
492.0,492.0,0.0042292443
493.0,493.0,0.008268069
494.0,494.0,0.008492965
495.0,495.0,0.0064749145
496.0,496.0,0.0064992867
497.0,497.0,0.006450635
498.0,498.0,0.007076459
499.0,499.0,0.0065049664
500.0,500.0,0.004878456
501.0,501.0,0.00384632
502.0,502.0,0.0070699067
503.0,503.0,0.004252291
504.0,504.0,0.004113064
505.0,505.0,0.0035781758
506.0,506.0,0.0074765645
507.0,507.0,0.0034068844
508.0,508.0,0.007523381
509.0,509.0,0.003643382
510.0,510.0,0.004193989
511.0,511.0,0.003989866
512.0,512.0,0.0015440553
513.0,513.0,0.0048429146
514.0,514.0,0.007692943
515.0,515.0,0.005036568
516.0,516.0,0.0038041295
517.0,517.0,0.0029333862
518.0,518.0,0.007051882
519.0,519.0,0.0075583733
520.0,520.0,0.008110752
521.0,521.0,0.010879612
522.0,522.0,0.006489947
523.0,523.0,0.0029693136
524.0,524.0,0.004496548
525.0,525.0,0.0033415651
526.0,526.0,0.008829946
527.0,527.0,0.0063088434
528.0,528.0,0.003693467
529.0,529.0,0.009156417
530.0,530.0,0.0072372975
531.0,531.0,0.006734885
532.0,532.0,0.004970545
533.0,533.0,0.008758362
534.0,534.0,0.0062573035
535.0,535.0,0.0062754713
536.0,536.0,0.00853516
537.0,537.0,0.006281236
538.0,538.0,0.0026908696
539.0,539.0,0.0032532034
540.0,540.0,0.0036509435
541.0,541.0,0.0076025934
542.0,542.0,0.015834482
543.0,543.0,0.006624703
544.0,544.0,0.005452929
545.0,545.0,0.008714831
546.0,546.0,0.0022683374
547.0,547.0,0.0024855547
548.0,548.0,0.0051944265
549.0,549.0,0.0038036278
550.0,550.0,0.0038607845
551.0,551.0,0.0070319483
552.0,552.0,0.0024487276
553.0,553.0,0.0065210587
554.0,554.0,0.006349748
555.0,555.0,0.008199891
556.0,556.0,0.004543812
557.0,557.0,0.02998445
558.0,558.0,0.014375943
559.0,559.0,0.006483137
560.0,560.0,0.0030156742
561.0,561.0,0.0077228425
562.0,562.0,0.009478244
563.0,563.0,0.0071024415
564.0,564.0,0.009238144
565.0,565.0,0.0033011285
566.0,566.0,0.004030354
567.0,567.0,0.0073366
568.0,568.0,0.0027880473
569.0,569.0,0.0026569837
570.0,570.0,0.003374864
571.0,571.0,0.019229006
572.0,572.0,0.010391462
573.0,573.0,0.01279594
574.0,574.0,0.0073299953
575.0,575.0,0.002518422
576.0,576.0,0.0048663868
577.0,577.0,0.0026941493
578.0,578.0,0.002699391
579.0,579.0,0.006524743
580.0,580.0,0.0064359526
581.0,581.0,0.010340882
582.0,582.0,0.0047650896
583.0,583.0,0.007677461
584.0,584.0,0.002594326
585.0,585.0,0.0067806197
586.0,586.0,0.006276506
587.0,587.0,0.004780997
588.0,588.0,0.0065591545
589.0,589.0,0.00245179
590.0,590.0,0.0036474231
591.0,591.0,0.0073782536
592.0,592.0,0.006711268
593.0,593.0,0.005696964
594.0,594.0,0.0064402795
595.0,595.0,0.0062175635
596.0,596.0,0.002607635
597.0,597.0,0.006438577
598.0,598.0,0.015582687
599.0,599.0,0.002712502
600.0,600.0,0.007026425
601.0,601.0,0.0026286254
602.0,602.0,0.0075338157
603.0,603.0,0.003720135
604.0,604.0,0.0037670324
605.0,605.0,0.002799962
606.0,606.0,0.0043784576
607.0,607.0,0.00874367
608.0,608.0,0.0069388514
609.0,609.0,0.0037410941
610.0,610.0,0.008155692
611.0,611.0,0.005229678
612.0,612.0,0.0023062008
613.0,613.0,0.0037958454
614.0,614.0,0.0044927583
615.0,615.0,0.0024778827
616.0,616.0,0.006333162
617.0,617.0,0.0066326843
618.0,618.0,0.008687348
619.0,619.0,0.0063396697
620.0,620.0,0.01674068
621.0,621.0,0.01434269
622.0,622.0,0.002479338
623.0,623.0,0.0024211
624.0,624.0,0.007343075
625.0,625.0,0.006382648
626.0,626.0,0.006525186
627.0,627.0,0.0063464567
628.0,628.0,0.006473124
629.0,629.0,0.006650272
630.0,630.0,0.008316887
631.0,631.0,0.0025823656
632.0,632.0,0.0038570184
633.0,633.0,0.0083098905
634.0,634.0,0.0030147815
635.0,635.0,0.0074544004
636.0,636.0,0.0072169076
637.0,637.0,0.006247994
638.0,638.0,0.0065592737
639.0,639.0,0.018252382
640.0,640.0,0.0066814953
641.0,641.0,0.008359697
642.0,642.0,0.0063337036
643.0,643.0,0.005799715
644.0,644.0,0.0030096022
645.0,645.0,0.008386082
646.0,646.0,0.015219839
647.0,647.0,0.01166296
648.0,648.0,0.002413906
649.0,649.0,0.008890131
650.0,650.0,0.00272942
651.0,651.0,0.0062608114
652.0,652.0,0.0065281275
653.0,653.0,0.007928972
654.0,654.0,0.0066402247
655.0,655.0,0.006287422
656.0,656.0,0.004309361
657.0,657.0,0.0070928996
658.0,658.0,0.004006972
659.0,659.0,0.0030120162
660.0,660.0,0.0038112344
661.0,661.0,0.008938544
662.0,662.0,0.004399613
663.0,663.0,0.0035849726
664.0,664.0,0.002271742
665.0,665.0,0.0064764987
666.0,666.0,0.002562676
667.0,667.0,0.0065364097
668.0,668.0,0.0038072967
669.0,669.0,0.0039334367
670.0,670.0,0.0030286922
671.0,671.0,0.007237543
672.0,672.0,0.0023657342
673.0,673.0,0.007140935
674.0,674.0,0.006306266
675.0,675.0,0.007048438
676.0,676.0,0.002491817
677.0,677.0,0.014906301
678.0,678.0,0.0035595505
679.0,679.0,0.0042649177
680.0,680.0,0.007457438
681.0,681.0,0.018306788
682.0,682.0,0.0024240133
683.0,683.0,0.0077646733
684.0,684.0,0.002385918
685.0,685.0,0.008861
686.0,686.0,0.0041122045
687.0,687.0,0.008558287
688.0,688.0,0.0063915495
689.0,689.0,0.002639949
690.0,690.0,0.0028288707
691.0,691.0,0.010861042
692.0,692.0,0.0062811784
693.0,693.0,0.011478454
694.0,694.0,0.007859432
695.0,695.0,0.0040535037
696.0,696.0,0.007919974
697.0,697.0,0.005876786
698.0,698.0,0.0064644
699.0,699.0,0.0035922593
700.0,700.0,0.0023727324
701.0,701.0,0.009885616
702.0,702.0,0.015178489
703.0,703.0,0.0067524533
704.0,704.0,0.0031264331
705.0,705.0,0.007015296
706.0,706.0,0.014906018
707.0,707.0,0.030369282
708.0,708.0,0.0045506353
709.0,709.0,0.0042483257
710.0,710.0,0.0025656722
711.0,711.0,0.0031617058
712.0,712.0,0.007273039
713.0,713.0,0.004199066
714.0,714.0,0.0066975895
715.0,715.0,0.003586512
716.0,716.0,0.0016551957
717.0,717.0,0.0055793663
718.0,718.0,0.004060284
719.0,719.0,0.007106448
720.0,720.0,0.003791816
721.0,721.0,0.0019457643
722.0,722.0,0.005233529
723.0,723.0,0.007494947
724.0,724.0,0.0022491964
725.0,725.0,0.0069011906
726.0,726.0,0.008204458
727.0,727.0,0.009108236
728.0,728.0,0.017428908
729.0,729.0,0.0065549663
730.0,730.0,0.00740438
731.0,731.0,0.007244376
732.0,732.0,0.006191463
733.0,733.0,0.0031757643
734.0,734.0,0.006605436
735.0,735.0,0.0090481695
736.0,736.0,0.007624622
737.0,737.0,0.016771346
738.0,738.0,0.017110035
739.0,739.0,0.003720658
740.0,740.0,0.0057758875
741.0,741.0,0.008953521
742.0,742.0,0.003402385
743.0,743.0,0.007105245
744.0,744.0,0.006008124
745.0,745.0,0.0031493895
746.0,746.0,0.008003461
747.0,747.0,0.0029617753
748.0,748.0,0.007287798
749.0,749.0,0.004827761
750.0,750.0,0.007548243
751.0,751.0,0.006216985
752.0,752.0,0.0065369573
753.0,753.0,0.004627327
754.0,754.0,0.0020472899
755.0,755.0,0.0167087
756.0,756.0,0.009360344
757.0,757.0,0.002381826
758.0,758.0,0.006515461
759.0,759.0,0.0035491495
760.0,760.0,0.0043627936
761.0,761.0,0.006024188
762.0,762.0,0.002390622
763.0,763.0,0.003720007
764.0,764.0,0.005060015
765.0,765.0,0.004125875
766.0,766.0,0.0065106703
767.0,767.0,0.007819108
768.0,768.0,0.0034476125
769.0,769.0,0.0060839015
770.0,770.0,0.0062325126
771.0,771.0,0.008343551
772.0,772.0,0.0045136414
773.0,773.0,0.0064654155
774.0,774.0,0.0023380548
775.0,775.0,0.007142828
776.0,776.0,0.0065909103
777.0,777.0,0.004585261
778.0,778.0,0.004812674
779.0,779.0,0.0030254615
780.0,780.0,0.007125769
781.0,781.0,0.007608478
782.0,782.0,0.0076984484
783.0,783.0,0.0076127285
784.0,784.0,0.007165508
785.0,785.0,0.008864989
786.0,786.0,0.006531886
787.0,787.0,0.00623016
788.0,788.0,0.0065466412
789.0,789.0,0.005044813
790.0,790.0,0.0032594027
791.0,791.0,0.0069008414
792.0,792.0,0.007181849
793.0,793.0,0.0039044165
794.0,794.0,0.004173736
795.0,795.0,0.006267684
796.0,796.0,0.006456978
797.0,797.0,0.0022779414
798.0,798.0,0.0065985383
799.0,799.0,0.008893578
800.0,800.0,0.0027324064
801.0,801.0,0.01738004
802.0,802.0,0.0067237313
803.0,803.0,0.011186974
804.0,804.0,0.017834745
805.0,805.0,0.010452518
806.0,806.0,0.0040102666
807.0,807.0,0.00670413
808.0,808.0,0.006650297
809.0,809.0,0.008370695
810.0,810.0,0.0028560688
811.0,811.0,0.006322172
812.0,812.0,0.0030775582
813.0,813.0,0.003921769
814.0,814.0,0.007444939
815.0,815.0,0.007885036
816.0,816.0,0.0030929625
817.0,817.0,0.017511025
818.0,818.0,0.006407264
819.0,819.0,0.0025008305
820.0,820.0,0.007116674
821.0,821.0,0.011838144
822.0,822.0,0.009342579
823.0,823.0,0.008425549
824.0,824.0,0.0070451717
825.0,825.0,0.0028608427
826.0,826.0,0.0067812493
827.0,827.0,0.015605798
828.0,828.0,0.0030051603
829.0,829.0,0.009351649
830.0,830.0,0.006157172
831.0,831.0,0.00464521
832.0,832.0,0.003185244
833.0,833.0,0.006524772
834.0,834.0,0.008559851
835.0,835.0,0.0027746877
836.0,836.0,0.008448602
837.0,837.0,0.009783981
838.0,838.0,0.003239013
839.0,839.0,0.00650564
840.0,840.0,0.0025617292
841.0,841.0,0.008387967
842.0,842.0,0.006935273
843.0,843.0,0.0026969214
844.0,844.0,0.0017666908
845.0,845.0,0.0026591676
846.0,846.0,0.0025852183
847.0,847.0,0.009270864
848.0,848.0,0.0075069936
849.0,849.0,0.0073434366
850.0,850.0,0.006481996
851.0,851.0,0.0040431027
852.0,852.0,0.004666434
853.0,853.0,0.0073529663
854.0,854.0,0.0034046334
855.0,855.0,0.007443989
856.0,856.0,0.0037539518
857.0,857.0,0.017016146
858.0,858.0,0.017984774
859.0,859.0,0.0016419913
860.0,860.0,0.0063031362
861.0,861.0,0.0040654712
862.0,862.0,0.0027446456
863.0,863.0,0.0043660365
864.0,864.0,0.006411721
865.0,865.0,0.0029430303
866.0,866.0,0.0031805413
867.0,867.0,0.0031670937
868.0,868.0,0.00238245
869.0,869.0,0.0068302145
870.0,870.0,0.007492919
871.0,871.0,0.0063328366
872.0,872.0,0.0025868427
873.0,873.0,0.008259412
874.0,874.0,0.0025754203
875.0,875.0,0.0035009277
876.0,876.0,0.0028212985
877.0,877.0,0.006390606
878.0,878.0,0.00390207
879.0,879.0,0.0024774654
880.0,880.0,0.00916364
881.0,881.0,0.007648734
882.0,882.0,0.0039991657
883.0,883.0,0.0042792293
884.0,884.0,0.0015338009
885.0,885.0,0.0076191914
886.0,886.0,0.002413747
887.0,887.0,0.009273033
888.0,888.0,0.0047462904
889.0,889.0,0.0074341716
890.0,890.0,0.017362347
891.0,891.0,0.0023009784
892.0,892.0,0.012157693
893.0,893.0,0.006342063
894.0,894.0,0.0030715787
895.0,895.0,0.007547079
896.0,896.0,0.0049012587
897.0,897.0,0.0028158573
898.0,898.0,0.008314349
899.0,899.0,0.008055451
900.0,900.0,0.0073646037
901.0,901.0,0.0018957177
902.0,902.0,0.0028235135
903.0,903.0,0.0063598803
904.0,904.0,0.008896807
905.0,905.0,0.0025423248
906.0,906.0,0.002808478
907.0,907.0,0.006157209
908.0,908.0,0.005404497
909.0,909.0,0.0074182353
910.0,910.0,0.0036743975
911.0,911.0,0.0038741985
912.0,912.0,0.0062605315
913.0,913.0,0.006429568
914.0,914.0,0.006800732
915.0,915.0,0.0037091188
916.0,916.0,0.0024042923
917.0,917.0,0.0036789703
918.0,918.0,0.007967222
919.0,919.0,0.009014763
920.0,920.0,0.0024875144
921.0,921.0,0.004287592
922.0,922.0,0.007498883
923.0,923.0,0.0034038061
924.0,924.0,0.0036940787
925.0,925.0,0.003341025
926.0,926.0,0.008679417
927.0,927.0,0.0027412476
928.0,928.0,0.0035428822
929.0,929.0,0.0063043763
930.0,930.0,0.0041940487
931.0,931.0,0.007427254
932.0,932.0,0.006747218
933.0,933.0,0.006674143
934.0,934.0,0.0052085915
935.0,935.0,0.0044697165
936.0,936.0,0.003810495
937.0,937.0,0.007920863
938.0,938.0,0.006813542
939.0,939.0,0.008475324
940.0,940.0,0.006254619
941.0,941.0,0.0036250763
942.0,942.0,0.002478246
943.0,943.0,0.020829594
944.0,944.0,0.0025897517
945.0,945.0,0.0024157155
946.0,946.0,0.0072237463
947.0,947.0,0.0029954212
948.0,948.0,0.0066126487
949.0,949.0,0.00626028
950.0,950.0,0.004395922
951.0,951.0,0.01616872
952.0,952.0,0.0066564963
953.0,953.0,0.006375194
954.0,954.0,0.013568089
955.0,955.0,0.006241128
956.0,956.0,0.0067308834
957.0,957.0,0.0052293716
958.0,958.0,0.0033413966
959.0,959.0,0.0019184278
960.0,960.0,0.0066735907
961.0,961.0,0.0064213676
962.0,962.0,0.004385398
963.0,963.0,0.006917224
964.0,964.0,0.004132227
965.0,965.0,0.014235807
966.0,966.0,0.0073269727
967.0,967.0,0.0031893994
968.0,968.0,0.008534253
969.0,969.0,0.0025252148
970.0,970.0,0.002862015
971.0,971.0,0.007503415
972.0,972.0,0.0057432116
973.0,973.0,0.0026536386
974.0,974.0,0.006606874
975.0,975.0,0.0027231749
976.0,976.0,0.0037128055
977.0,977.0,0.00522863
978.0,978.0,0.0070648943
979.0,979.0,0.008984042
980.0,980.0,0.0049388455
981.0,981.0,0.006599868
982.0,982.0,0.0037757694
983.0,983.0,0.00452559
984.0,984.0,0.006259603
985.0,985.0,0.006325198
986.0,986.0,0.007259698
987.0,987.0,0.006193166
988.0,988.0,0.0023738544
989.0,989.0,0.0067204405
990.0,990.0,0.00655182
991.0,991.0,0.0039674784
992.0,992.0,0.007001078
993.0,993.0,0.0075984313
994.0,994.0,0.004595965
995.0,995.0,0.006655009
996.0,996.0,0.007513147
997.0,997.0,0.0033432252
998.0,998.0,0.007901219
999.0,999.0,0.0066469377
1000.0,1000.0,0.0086659165
1001.0,1001.0,0.0070821512
1002.0,1002.0,0.0025698144
1003.0,1003.0,0.0033714469
1004.0,1004.0,0.0049217744
1005.0,1005.0,0.006382182
1006.0,1006.0,0.0071550887
1007.0,1007.0,0.007465404
1008.0,1008.0,0.0028925487
1009.0,1009.0,0.010681464
1010.0,1010.0,0.0026788744
1011.0,1011.0,0.0064716
1012.0,1012.0,0.007384764
1013.0,1013.0,0.0031380197
1014.0,1014.0,0.014954575
1015.0,1015.0,0.013882198
1016.0,1016.0,0.0025816052
1017.0,1017.0,0.0033819221
1018.0,1018.0,0.0033658233
1019.0,1019.0,0.0068686143
1020.0,1020.0,0.009213117
1021.0,1021.0,0.006460054
1022.0,1022.0,0.0037620813
1023.0,1023.0,0.0026441412
1024.0,1024.0,0.0077526974
1025.0,1025.0,0.009633267
1026.0,1026.0,0.003749938
1027.0,1027.0,0.008839282
1028.0,1028.0,0.004692879
1029.0,1029.0,0.007947799
1030.0,1030.0,0.0039084502
1031.0,1031.0,0.0028698898
1032.0,1032.0,0.002425424
1033.0,1033.0,0.00720879
1034.0,1034.0,0.0023530577
1035.0,1035.0,0.0050373864
1036.0,1036.0,0.007270766
1037.0,1037.0,0.009421662
1038.0,1038.0,0.00836269
1039.0,1039.0,0.004086744
1040.0,1040.0,0.0030412036
1041.0,1041.0,0.0091290865
1042.0,1042.0,0.0058510303
1043.0,1043.0,0.006257024
1044.0,1044.0,0.0037053819
1045.0,1045.0,0.0032714289
1046.0,1046.0,0.0069840285
1047.0,1047.0,0.0032544197
1048.0,1048.0,0.007627046
1049.0,1049.0,0.0024937412
1050.0,1050.0,0.006928101
1051.0,1051.0,0.00672166
1052.0,1052.0,0.0038234973
1053.0,1053.0,0.003031341
1054.0,1054.0,0.0038692283
1055.0,1055.0,0.0069189463
1056.0,1056.0,0.002440724
1057.0,1057.0,0.0072193528
1058.0,1058.0,0.0067794765
1059.0,1059.0,0.0064518233
1060.0,1060.0,0.0027388777
1061.0,1061.0,0.0075822463
1062.0,1062.0,0.0041994373
1063.0,1063.0,0.004563203
1064.0,1064.0,0.0037274149
1065.0,1065.0,0.006915516
1066.0,1066.0,0.0027770668
1067.0,1067.0,0.0065270336
1068.0,1068.0,0.0026864267
1069.0,1069.0,0.0026535871
1070.0,1070.0,0.007379004
1071.0,1071.0,0.0046145157
1072.0,1072.0,0.0076426254
1073.0,1073.0,0.004797633
1074.0,1074.0,0.0030976871
1075.0,1075.0,0.0035719872
1076.0,1076.0,0.0034261185
1077.0,1077.0,0.006550858
1078.0,1078.0,0.0070944647
1079.0,1079.0,0.006871002
1080.0,1080.0,0.008536439
1081.0,1081.0,0.0170004
1082.0,1082.0,0.0072622793
1083.0,1083.0,0.0023668495
1084.0,1084.0,0.0070636524
1085.0,1085.0,0.016040167
1086.0,1086.0,0.006183266
1087.0,1087.0,0.007858033
1088.0,1088.0,0.0026023097
1089.0,1089.0,0.0033822155
1090.0,1090.0,0.0069874274
1091.0,1091.0,0.0093891155
1092.0,1092.0,0.0033173405
1093.0,1093.0,0.0031318394
1094.0,1094.0,0.0075765746
1095.0,1095.0,0.0040872335
1096.0,1096.0,0.008849335
1097.0,1097.0,0.0063062506
1098.0,1098.0,0.006389277
1099.0,1099.0,0.0075754225
1100.0,1100.0,0.006636034
1101.0,1101.0,0.0031342322
1102.0,1102.0,0.0034228787
1103.0,1103.0,0.0034321072
1104.0,1104.0,0.0044741593
1105.0,1105.0,0.0023582394
1106.0,1106.0,0.0026116397
1107.0,1107.0,0.0075224945
1108.0,1108.0,0.0048128483
1109.0,1109.0,0.005320018
1110.0,1110.0,0.006451984
1111.0,1111.0,0.003801836
1112.0,1112.0,0.0037562954
1113.0,1113.0,0.008008286
1114.0,1114.0,0.0050219055
1115.0,1115.0,0.0034692509
1116.0,1116.0,0.003624884
1117.0,1117.0,0.0030129522
1118.0,1118.0,0.006705508
1119.0,1119.0,0.0038192342
1120.0,1120.0,0.015842294
1121.0,1121.0,0.0024235954
1122.0,1122.0,0.0033332806
1123.0,1123.0,0.008037582
1124.0,1124.0,0.0028532185
1125.0,1125.0,0.0136162015
1126.0,1126.0,0.0063668415
1127.0,1127.0,0.0064800717
1128.0,1128.0,0.0026167915
1129.0,1129.0,0.01058362
1130.0,1130.0,0.003616518
1131.0,1131.0,0.0066031883
1132.0,1132.0,0.0064949123
1133.0,1133.0,0.0064731715
1134.0,1134.0,0.006392042
1135.0,1135.0,0.0025141658
1136.0,1136.0,0.004003228
1137.0,1137.0,0.0035884317
1138.0,1138.0,0.0035828773
1139.0,1139.0,0.008899315
1140.0,1140.0,0.00663381
1141.0,1141.0,0.0076571703
1142.0,1142.0,0.001377396
1143.0,1143.0,0.0025523938
1144.0,1144.0,0.0027764419
1145.0,1145.0,0.006871237
1146.0,1146.0,0.0064577316
1147.0,1147.0,0.0027392486
1148.0,1148.0,0.0064569246
1149.0,1149.0,0.006426068
1150.0,1150.0,0.002344677
1151.0,1151.0,0.008337246
1152.0,1152.0,0.0072840787
1153.0,1153.0,0.006528172
1154.0,1154.0,0.0029346521
1155.0,1155.0,0.006860998
1156.0,1156.0,0.016710276
1157.0,1157.0,0.006413208
1158.0,1158.0,0.004405291
1159.0,1159.0,0.007954926
1160.0,1160.0,0.0033033013
1161.0,1161.0,0.007359063
1162.0,1162.0,0.009779009
1163.0,1163.0,0.00875929
1164.0,1164.0,0.003831973
1165.0,1165.0,0.0075590634
1166.0,1166.0,0.0069662826
1167.0,1167.0,0.010344412
1168.0,1168.0,0.0025737102
1169.0,1169.0,0.0062244865
1170.0,1170.0,0.013938173
1171.0,1171.0,0.0010143716
1172.0,1172.0,0.006461459
1173.0,1173.0,0.0023882815
1174.0,1174.0,0.0031276518
1175.0,1175.0,0.0062059383
1176.0,1176.0,0.0046334867
1177.0,1177.0,0.008578059
1178.0,1178.0,0.018960385
1179.0,1179.0,0.0070431
1180.0,1180.0,0.006109766
1181.0,1181.0,0.0024677215
1182.0,1182.0,0.0034606215
1183.0,1183.0,0.0025258008
1184.0,1184.0,0.0066449037
1185.0,1185.0,0.009053439
1186.0,1186.0,0.0025481684
1187.0,1187.0,0.0077654277
1188.0,1188.0,0.0066018677
1189.0,1189.0,0.0061807707
1190.0,1190.0,0.006356515
1191.0,1191.0,0.0074503273
1192.0,1192.0,0.00627394
1193.0,1193.0,0.008307155
1194.0,1194.0,0.0026868961
1195.0,1195.0,0.0065448973
1196.0,1196.0,0.010359106
1197.0,1197.0,0.007612618
1198.0,1198.0,0.008508336
1199.0,1199.0,0.0070125298
1200.0,1200.0,0.0030223718
1201.0,1201.0,0.003598359
1202.0,1202.0,0.018269997
1203.0,1203.0,0.00711138
1204.0,1204.0,0.006314688
1205.0,1205.0,0.0024229728
1206.0,1206.0,0.0030484092
1207.0,1207.0,0.004264995
1208.0,1208.0,0.007838484
1209.0,1209.0,0.0062942267
1210.0,1210.0,0.0033521936
1211.0,1211.0,0.0035865735
1212.0,1212.0,0.002508671
1213.0,1213.0,0.006499518
1214.0,1214.0,0.007245696
1215.0,1215.0,0.0047010668
1216.0,1216.0,0.00835805
1217.0,1217.0,0.006204058
1218.0,1218.0,0.0023357423
1219.0,1219.0,0.017978411
1220.0,1220.0,0.0063194027
1221.0,1221.0,0.004145909
1222.0,1222.0,0.0084719425
1223.0,1223.0,0.007219601
1224.0,1224.0,0.013858014
1225.0,1225.0,0.006240126
1226.0,1226.0,0.0064777634
1227.0,1227.0,0.0064278217
1228.0,1228.0,0.0032612502
1229.0,1229.0,0.0027035577
1230.0,1230.0,0.0029390818
1231.0,1231.0,0.004432554
1232.0,1232.0,0.0041015334
1233.0,1233.0,0.006424577
1234.0,1234.0,0.0022737922
1235.0,1235.0,0.0067564566
1236.0,1236.0,0.004014621
1237.0,1237.0,0.0038103585
1238.0,1238.0,0.0039167046
1239.0,1239.0,0.0026278994
1240.0,1240.0,0.0033005702
1241.0,1241.0,0.0070659304
1242.0,1242.0,0.008952408
1243.0,1243.0,0.0032171537
1244.0,1244.0,0.0033834104
1245.0,1245.0,0.0069567794
1246.0,1246.0,0.0036909177
1247.0,1247.0,0.017558243
1248.0,1248.0,0.006331002
1249.0,1249.0,0.004393985
1250.0,1250.0,0.0025581038
1251.0,1251.0,0.0024111685
1252.0,1252.0,0.0074564833
1253.0,1253.0,0.01056883
1254.0,1254.0,0.006301724
1255.0,1255.0,0.0063949907
1256.0,1256.0,0.0072341864
1257.0,1257.0,0.006424511
1258.0,1258.0,0.006343066
1259.0,1259.0,0.0041317074
1260.0,1260.0,0.0070861606
1261.0,1261.0,0.0067317607
1262.0,1262.0,0.003921501
1263.0,1263.0,0.0042058984
1264.0,1264.0,0.0020650704
1265.0,1265.0,0.006561064
1266.0,1266.0,0.0028127949
1267.0,1267.0,0.008840108
1268.0,1268.0,0.0072973375
1269.0,1269.0,0.003024044
1270.0,1270.0,0.0023139569
1271.0,1271.0,0.005374707
1272.0,1272.0,0.0076811067
1273.0,1273.0,0.0037368443
1274.0,1274.0,0.007390716
1275.0,1275.0,0.008539954
1276.0,1276.0,0.0065116803
1277.0,1277.0,0.004839908
1278.0,1278.0,0.017712183
1279.0,1279.0,0.006480708
1280.0,1280.0,0.0046454417
1281.0,1281.0,0.016010465
1282.0,1282.0,0.0062485198
1283.0,1283.0,0.0037691214
1284.0,1284.0,0.002602993
1285.0,1285.0,0.0029907983
1286.0,1286.0,0.00330296
1287.0,1287.0,0.0074224584
1288.0,1288.0,0.0025814285
1289.0,1289.0,0.0039092484
1290.0,1290.0,0.008962164
1291.0,1291.0,0.009224042
1292.0,1292.0,0.006861351
1293.0,1293.0,0.0069920514
1294.0,1294.0,0.007563175
1295.0,1295.0,0.0030910578
1296.0,1296.0,0.0034439901
1297.0,1297.0,0.0038607817
1298.0,1298.0,0.0029680235
1299.0,1299.0,0.009078536
1300.0,1300.0,0.008317046
1301.0,1301.0,0.00958125
1302.0,1302.0,0.013676865
1303.0,1303.0,0.0062543927
1304.0,1304.0,0.00918837
1305.0,1305.0,0.002362457
1306.0,1306.0,0.008408119
1307.0,1307.0,0.0035580846
1308.0,1308.0,0.015928343
1309.0,1309.0,0.0031688614
1310.0,1310.0,0.008118159
1311.0,1311.0,0.0025133467
1312.0,1312.0,0.006525908
1313.0,1313.0,0.008496196
1314.0,1314.0,0.0066105807
1315.0,1315.0,0.0035040034
1316.0,1316.0,0.007159026
1317.0,1317.0,0.0062234285
1318.0,1318.0,0.0022204379
1319.0,1319.0,0.0045280526
1320.0,1320.0,0.003620193
1321.0,1321.0,0.0066668526
1322.0,1322.0,0.0074316757
1323.0,1323.0,0.00620579
1324.0,1324.0,0.0074592847
1325.0,1325.0,0.0031589551
1326.0,1326.0,0.0024364246
1327.0,1327.0,0.0037324103
1328.0,1328.0,0.0065431236
1329.0,1329.0,0.0065345224
1330.0,1330.0,0.0033469563
1331.0,1331.0,0.008712588
1332.0,1332.0,0.006379717
1333.0,1333.0,0.0036375753
1334.0,1334.0,0.00367125
1335.0,1335.0,0.002459567
1336.0,1336.0,0.0062716375
1337.0,1337.0,0.0023638126
1338.0,1338.0,0.004600989
1339.0,1339.0,0.004229736
1340.0,1340.0,0.006766165
1341.0,1341.0,0.006328773
1342.0,1342.0,0.006406503
1343.0,1343.0,0.0070670918
1344.0,1344.0,0.00917789
1345.0,1345.0,0.0089609
1346.0,1346.0,0.006790364
1347.0,1347.0,0.0023565055
1348.0,1348.0,0.004402452
1349.0,1349.0,0.006585973
1350.0,1350.0,0.0030254556
1351.0,1351.0,0.008187725
1352.0,1352.0,0.005563816
1353.0,1353.0,0.0031424677
1354.0,1354.0,0.002998417
1355.0,1355.0,0.0022785491
1356.0,1356.0,0.006325955
1357.0,1357.0,0.0067974143
1358.0,1358.0,0.0071991575
1359.0,1359.0,0.013557754
1360.0,1360.0,0.002345251
1361.0,1361.0,0.002929647
1362.0,1362.0,0.0070632226
1363.0,1363.0,0.0025173023
1364.0,1364.0,0.0026186493
1365.0,1365.0,0.00392409
1366.0,1366.0,0.0062233936
1367.0,1367.0,0.004155584
1368.0,1368.0,0.0068794084
1369.0,1369.0,0.006490281
1370.0,1370.0,0.0074478057
1371.0,1371.0,0.0036953308
1372.0,1372.0,0.019359162
1373.0,1373.0,0.010208353
1374.0,1374.0,0.0065528643
1375.0,1375.0,0.004291975
1376.0,1376.0,0.002557283
1377.0,1377.0,0.0026116113
1378.0,1378.0,0.0073379762
1379.0,1379.0,0.0065857107
1380.0,1380.0,0.006239069
1381.0,1381.0,0.0074521187
1382.0,1382.0,0.002697361
1383.0,1383.0,0.0025058237
1384.0,1384.0,0.009163166
1385.0,1385.0,0.0088830395
1386.0,1386.0,0.002334189
1387.0,1387.0,0.00627048
1388.0,1388.0,0.0024797525
1389.0,1389.0,0.008808428
1390.0,1390.0,0.009029821
1391.0,1391.0,0.0022800846
1392.0,1392.0,0.0064280163
1393.0,1393.0,0.0049983216
1394.0,1394.0,0.006353593
1395.0,1395.0,0.0074814158
1396.0,1396.0,0.0059978073
1397.0,1397.0,0.002451348
1398.0,1398.0,0.0032389048
1399.0,1399.0,0.0028285896
1400.0,1400.0,0.006332973
1401.0,1401.0,0.007234682
1402.0,1402.0,0.0025763237
1403.0,1403.0,0.0066408645
1404.0,1404.0,0.007154293
1405.0,1405.0,0.0069127744
1406.0,1406.0,0.0063982806
1407.0,1407.0,0.0065292516
1408.0,1408.0,0.0076695043
1409.0,1409.0,0.0026308657
1410.0,1410.0,0.026578482
1411.0,1411.0,0.0044305855
1412.0,1412.0,0.0034843995
1413.0,1413.0,0.003690938
1414.0,1414.0,0.007106605
1415.0,1415.0,0.0043627787
1416.0,1416.0,0.007029373
1417.0,1417.0,0.006641881
1418.0,1418.0,0.006652224
1419.0,1419.0,0.0031185227
1420.0,1420.0,0.0062296656
1421.0,1421.0,0.009224459
1422.0,1422.0,0.0042284555
1423.0,1423.0,0.0076839374
1424.0,1424.0,0.0027621537
1425.0,1425.0,0.0026908373
1426.0,1426.0,0.004887652
1427.0,1427.0,0.0066839946
1428.0,1428.0,0.009176377
1429.0,1429.0,0.003425385
1430.0,1430.0,0.00600917
1431.0,1431.0,0.0065552094
1432.0,1432.0,0.0043981946
1433.0,1433.0,0.0043432326
1434.0,1434.0,0.003560234
1435.0,1435.0,0.0037586791
1436.0,1436.0,0.0024032868
1437.0,1437.0,0.0074343295
1438.0,1438.0,0.0023978588
1439.0,1439.0,0.0061932923
1440.0,1440.0,0.0065808184
1441.0,1441.0,0.002608014
1442.0,1442.0,0.0033662657
1443.0,1443.0,0.0026451806
1444.0,1444.0,0.005013013
1445.0,1445.0,0.0036055325
1446.0,1446.0,0.0026814502
1447.0,1447.0,0.0057433667
1448.0,1448.0,0.006258048
1449.0,1449.0,0.007641731
1450.0,1450.0,0.0026685859
1451.0,1451.0,0.008844496
1452.0,1452.0,0.007147084
1453.0,1453.0,0.00924412
1454.0,1454.0,0.0072268993
1455.0,1455.0,0.0061428836
1456.0,1456.0,0.0064991787
1457.0,1457.0,0.015563301
1458.0,1458.0,0.0028490997
1459.0,1459.0,0.0065438934
1460.0,1460.0,0.016793
1461.0,1461.0,0.0071051284
1462.0,1462.0,0.006273034
1463.0,1463.0,0.0064318483
1464.0,1464.0,0.007025037
1465.0,1465.0,0.006924764
1466.0,1466.0,0.006560154
1467.0,1467.0,0.0065992186
1468.0,1468.0,0.002926182
1469.0,1469.0,0.010643988
1470.0,1470.0,0.0024800317
1471.0,1471.0,0.0025981462
1472.0,1472.0,0.005529159
1473.0,1473.0,0.006271688
1474.0,1474.0,0.0066719875
1475.0,1475.0,0.0038156772
1476.0,1476.0,0.0064007407
1477.0,1477.0,0.01211303
1478.0,1478.0,0.019235479
1479.0,1479.0,0.00434406
1480.0,1480.0,0.0082341
1481.0,1481.0,0.0039076814
1482.0,1482.0,0.002611009
1483.0,1483.0,0.019106591
1484.0,1484.0,0.007814719
1485.0,1485.0,0.01587086
1486.0,1486.0,0.007362161
1487.0,1487.0,0.00947259
1488.0,1488.0,0.0025104107
1489.0,1489.0,0.002957812
1490.0,1490.0,0.0043304865
1491.0,1491.0,0.0041145696
1492.0,1492.0,0.0050500315
1493.0,1493.0,0.006333732
1494.0,1494.0,0.0030612068
1495.0,1495.0,0.0023660532
1496.0,1496.0,0.0028231605
1497.0,1497.0,0.0066308537
1498.0,1498.0,0.0066671735
1499.0,1499.0,0.0025155544
1500.0,1500.0,0.00912743
1501.0,1501.0,0.02035439
1502.0,1502.0,0.0066114645
1503.0,1503.0,0.0038244291
1504.0,1504.0,0.004130868
1505.0,1505.0,0.004147985
1506.0,1506.0,0.0027796212
1507.0,1507.0,0.0032048195
1508.0,1508.0,0.003093268
1509.0,1509.0,0.003342684
1510.0,1510.0,0.0068541076
1511.0,1511.0,0.009665746
1512.0,1512.0,0.002574704
1513.0,1513.0,0.016287781
1514.0,1514.0,0.0043917405
1515.0,1515.0,0.0039189574
1516.0,1516.0,0.006168428
1517.0,1517.0,0.015930453
1518.0,1518.0,0.0031011116
1519.0,1519.0,0.0034851686
1520.0,1520.0,0.0073189004
1521.0,1521.0,0.0029844884
1522.0,1522.0,0.0064405077
1523.0,1523.0,0.007282542
1524.0,1524.0,0.0064697885
1525.0,1525.0,0.0062659853
1526.0,1526.0,0.0023306424
1527.0,1527.0,0.0021243722
1528.0,1528.0,0.0066690026
1529.0,1529.0,0.0025399486
1530.0,1530.0,0.015399466
1531.0,1531.0,0.0035748074
1532.0,1532.0,0.009231745
1533.0,1533.0,0.008191495
1534.0,1534.0,0.006260085
1535.0,1535.0,0.00472824
1536.0,1536.0,0.007021029
1537.0,1537.0,0.0071619386
1538.0,1538.0,0.002920349
1539.0,1539.0,0.0072120135
1540.0,1540.0,0.006516483
1541.0,1541.0,0.0026823133
1542.0,1542.0,0.011006843
1543.0,1543.0,0.0026795992
1544.0,1544.0,0.0025189403
1545.0,1545.0,0.0012301607
1546.0,1546.0,0.0056568906
1547.0,1547.0,0.006523762
1548.0,1548.0,0.003464999
1549.0,1549.0,0.0023604662
1550.0,1550.0,0.020537445
1551.0,1551.0,0.0032484331
1552.0,1552.0,0.008301842
1553.0,1553.0,0.017007073
1554.0,1554.0,0.007121686
1555.0,1555.0,0.002504483
1556.0,1556.0,0.008467618
1557.0,1557.0,0.00268923
1558.0,1558.0,0.004121011
1559.0,1559.0,0.0024092572
1560.0,1560.0,0.009281726
1561.0,1561.0,0.0063837366
1562.0,1562.0,0.0025355462
1563.0,1563.0,0.002294421
1564.0,1564.0,0.006178258
1565.0,1565.0,0.0042137727
1566.0,1566.0,0.009568394
1567.0,1567.0,0.0031117974
1568.0,1568.0,0.0075984313
1569.0,1569.0,0.0041420567
1570.0,1570.0,0.008941669
1571.0,1571.0,0.0036518278
1572.0,1572.0,0.0074202064
1573.0,1573.0,0.0043590353
1574.0,1574.0,0.006646821
1575.0,1575.0,0.006072329
1576.0,1576.0,0.0070375847
1577.0,1577.0,0.0064927246
1578.0,1578.0,0.0078012487
1579.0,1579.0,0.009380846
1580.0,1580.0,0.0065650526
1581.0,1581.0,0.0072857398
1582.0,1582.0,0.008493761
1583.0,1583.0,0.0025333515
1584.0,1584.0,0.0027034418
1585.0,1585.0,0.007399715
1586.0,1586.0,0.0033337139
1587.0,1587.0,0.00423413
1588.0,1588.0,0.0034266985
1589.0,1589.0,0.0066186106
1590.0,1590.0,0.016339106
1591.0,1591.0,0.0024951505
1592.0,1592.0,0.0046168067
1593.0,1593.0,0.0033971455
1594.0,1594.0,0.0040710038
1595.0,1595.0,0.0049354387
1596.0,1596.0,0.006593778
1597.0,1597.0,0.0070325015
1598.0,1598.0,0.007307387
1599.0,1599.0,0.006987835
1600.0,1600.0,0.0033847662
1601.0,1601.0,0.0049468866
1602.0,1602.0,0.01737365
1603.0,1603.0,0.0047929194
1604.0,1604.0,0.009126215
1605.0,1605.0,0.013822631
1606.0,1606.0,0.0040162397
1607.0,1607.0,0.012273717
1608.0,1608.0,0.0075229206
1609.0,1609.0,0.0069635343
1610.0,1610.0,0.0070240083
1611.0,1611.0,0.004171707
1612.0,1612.0,0.002296237
1613.0,1613.0,0.0028643985
1614.0,1614.0,0.002872662
1615.0,1615.0,0.008855658
1616.0,1616.0,0.0042576306
1617.0,1617.0,0.007351927
1618.0,1618.0,0.005841789
1619.0,1619.0,0.008072084
1620.0,1620.0,0.00746614
1621.0,1621.0,0.0024061785
1622.0,1622.0,0.0038905554
1623.0,1623.0,0.0035946763
1624.0,1624.0,0.003616636
1625.0,1625.0,0.006172685
1626.0,1626.0,0.0064058127
1627.0,1627.0,0.0043957
1628.0,1628.0,0.006543038
1629.0,1629.0,0.0025851165
1630.0,1630.0,0.006479658
1631.0,1631.0,0.0025797235
1632.0,1632.0,0.007042716
1633.0,1633.0,0.008461643
1634.0,1634.0,0.0024572965
1635.0,1635.0,0.009643201
1636.0,1636.0,0.0064478633
1637.0,1637.0,0.017288327
1638.0,1638.0,0.0033218556
1639.0,1639.0,0.0024679115
1640.0,1640.0,0.0062828087
1641.0,1641.0,0.007179812
1642.0,1642.0,0.020921797
1643.0,1643.0,0.0023526018
1644.0,1644.0,0.0064488924
1645.0,1645.0,0.0028095136
1646.0,1646.0,0.0031323072
1647.0,1647.0,0.005778256
1648.0,1648.0,0.006687039
1649.0,1649.0,0.011053598
1650.0,1650.0,0.0022898496
1651.0,1651.0,0.0036558865
1652.0,1652.0,0.0072933985
1653.0,1653.0,0.002551456
1654.0,1654.0,0.0025830504
1655.0,1655.0,0.006387123
1656.0,1656.0,0.0063998546
1657.0,1657.0,0.006917089
1658.0,1658.0,0.006431716
1659.0,1659.0,0.013688349
1660.0,1660.0,0.014762236
1661.0,1661.0,0.0026928089
1662.0,1662.0,0.0046495497
1663.0,1663.0,0.0043254793
1664.0,1664.0,0.0068457313
1665.0,1665.0,0.0027177066
1666.0,1666.0,0.014618733
1667.0,1667.0,0.00848067
1668.0,1668.0,0.003788593
1669.0,1669.0,0.0033357108
1670.0,1670.0,0.008409883
1671.0,1671.0,0.0026868687
1672.0,1672.0,0.006422328
1673.0,1673.0,0.0034986488
1674.0,1674.0,0.0065495763
1675.0,1675.0,0.0073284344
1676.0,1676.0,0.0023423515
1677.0,1677.0,0.0029776024
1678.0,1678.0,0.0049084798
1679.0,1679.0,0.003408826
1680.0,1680.0,0.005227649
1681.0,1681.0,0.006520579
1682.0,1682.0,0.0048249764
1683.0,1683.0,0.003859117
1684.0,1684.0,0.008503533
1685.0,1685.0,0.0028659669
1686.0,1686.0,0.006056875
1687.0,1687.0,0.0064441417
1688.0,1688.0,0.0041394318
1689.0,1689.0,0.00640291
1690.0,1690.0,0.005116143
1691.0,1691.0,0.0024179223
1692.0,1692.0,0.0025924228
1693.0,1693.0,0.008931635
1694.0,1694.0,0.008564711
1695.0,1695.0,0.0044120504
1696.0,1696.0,0.0036101926
1697.0,1697.0,0.007132466
1698.0,1698.0,0.0040707104
1699.0,1699.0,0.010144611
1700.0,1700.0,0.0064318706
1701.0,1701.0,0.019670416
1702.0,1702.0,0.0037975179
1703.0,1703.0,0.007141712
1704.0,1704.0,0.0062325126
1705.0,1705.0,0.0025485498
1706.0,1706.0,0.0036162527
1707.0,1707.0,0.009120419
1708.0,1708.0,0.0063686618
1709.0,1709.0,0.009414519
1710.0,1710.0,0.0042254566
1711.0,1711.0,0.002560167
1712.0,1712.0,0.0026378732
1713.0,1713.0,0.0012847731
1714.0,1714.0,0.0064594466
1715.0,1715.0,0.0077244123
1716.0,1716.0,0.0024451797
1717.0,1717.0,0.007885906
1718.0,1718.0,0.0064424146
1719.0,1719.0,0.0035060951
1720.0,1720.0,0.00384478
1721.0,1721.0,0.0030133426
1722.0,1722.0,0.0025621012
1723.0,1723.0,0.010185697
1724.0,1724.0,0.0039738505
1725.0,1725.0,0.002405364
1726.0,1726.0,0.008945731
1727.0,1727.0,0.0037752283
1728.0,1728.0,0.0025494646
1729.0,1729.0,0.0038860948
1730.0,1730.0,0.00472348
1731.0,1731.0,0.006589641
1732.0,1732.0,0.007092641
1733.0,1733.0,0.0070343334
1734.0,1734.0,0.0035447
1735.0,1735.0,0.0031410551
1736.0,1736.0,0.0065079597
1737.0,1737.0,0.0074782125
1738.0,1738.0,0.0038510244
1739.0,1739.0,0.0072958306
1740.0,1740.0,0.008444318
1741.0,1741.0,0.0025595876
1742.0,1742.0,0.006604104
1743.0,1743.0,0.008564119
1744.0,1744.0,0.0028447493
1745.0,1745.0,0.0027953826
1746.0,1746.0,0.006131635
1747.0,1747.0,0.0025340016
1748.0,1748.0,0.008603069
1749.0,1749.0,0.017816154
1750.0,1750.0,0.0043071364
1751.0,1751.0,0.009516003
1752.0,1752.0,0.0072740004
1753.0,1753.0,0.002493489
1754.0,1754.0,0.0039246725
1755.0,1755.0,0.0068332897
1756.0,1756.0,0.003992236
1757.0,1757.0,0.00501152
1758.0,1758.0,0.0029156113
1759.0,1759.0,0.0040592314
1760.0,1760.0,0.00330661
1761.0,1761.0,0.004662707
1762.0,1762.0,0.003920194
1763.0,1763.0,0.008018441
1764.0,1764.0,0.002861922
1765.0,1765.0,0.0035546112
1766.0,1766.0,0.016880918
1767.0,1767.0,0.0032361941
1768.0,1768.0,0.002713397
1769.0,1769.0,0.0041238777
1770.0,1770.0,0.0024404798
1771.0,1771.0,0.009423807
1772.0,1772.0,0.0036106573
1773.0,1773.0,0.008706661
1774.0,1774.0,0.0065110587
1775.0,1775.0,0.002425293
1776.0,1776.0,0.006693653
1777.0,1777.0,0.009006834
1778.0,1778.0,0.0071259597
1779.0,1779.0,0.0025064
1780.0,1780.0,0.0039908383
1781.0,1781.0,0.0041481713
1782.0,1782.0,0.005677823
1783.0,1783.0,0.0036427223
1784.0,1784.0,0.006460235
1785.0,1785.0,0.0024156785
1786.0,1786.0,0.00636793
1787.0,1787.0,0.0062658666
1788.0,1788.0,0.010185247
1789.0,1789.0,0.007395558
1790.0,1790.0,0.0023732767
1791.0,1791.0,0.007017923
1792.0,1792.0,0.007406702
1793.0,1793.0,0.0036604805
1794.0,1794.0,0.0024080237
1795.0,1795.0,0.0066647483
1796.0,1796.0,0.0069943164
1797.0,1797.0,0.006818479
1798.0,1798.0,0.008990408
1799.0,1799.0,0.0018488985
1800.0,1800.0,0.005310464
1801.0,1801.0,0.0064672865
1802.0,1802.0,0.0034658222
1803.0,1803.0,0.005387853
1804.0,1804.0,0.0073296097
1805.0,1805.0,0.005220222
1806.0,1806.0,0.010463386
1807.0,1807.0,0.01660511
1808.0,1808.0,0.002788542
1809.0,1809.0,0.013485724
1810.0,1810.0,0.004108742
1811.0,1811.0,0.006677637
1812.0,1812.0,0.0039653587
1813.0,1813.0,0.0031238415
1814.0,1814.0,0.006585578
1815.0,1815.0,0.0063474323
1816.0,1816.0,0.0032731094
1817.0,1817.0,0.018971344
1818.0,1818.0,0.0025598581
1819.0,1819.0,0.007454428
1820.0,1820.0,0.0025997737
1821.0,1821.0,0.002885707
1822.0,1822.0,0.0034789562
1823.0,1823.0,0.0057861716
1824.0,1824.0,0.0036871633
1825.0,1825.0,0.01749781
1826.0,1826.0,0.0038449229
1827.0,1827.0,0.00634934
1828.0,1828.0,0.006660365
1829.0,1829.0,0.0036986698
1830.0,1830.0,0.0052165575
1831.0,1831.0,0.0026983167
1832.0,1832.0,0.0024275302
1833.0,1833.0,0.01659181
1834.0,1834.0,0.0035750081
1835.0,1835.0,0.013436419
1836.0,1836.0,0.0025409271
1837.0,1837.0,0.003934737
1838.0,1838.0,0.010137178
1839.0,1839.0,0.009616348
1840.0,1840.0,0.013932409
1841.0,1841.0,0.0089909965
1842.0,1842.0,0.0069612535
1843.0,1843.0,0.004798005
1844.0,1844.0,0.007527126
1845.0,1845.0,0.008284508
1846.0,1846.0,0.008293629
1847.0,1847.0,0.002791819
1848.0,1848.0,0.007237074
1849.0,1849.0,0.009629324
1850.0,1850.0,0.00426588
1851.0,1851.0,0.0030412993
1852.0,1852.0,0.0072979457
1853.0,1853.0,0.006309286
1854.0,1854.0,0.0047666663
1855.0,1855.0,0.0030175482
1856.0,1856.0,0.0022568544
1857.0,1857.0,0.004827412
1858.0,1858.0,0.007204823
1859.0,1859.0,0.007726035
1860.0,1860.0,0.0076505616
1861.0,1861.0,0.0038824298
1862.0,1862.0,0.007004381
1863.0,1863.0,0.0044736527
1864.0,1864.0,0.006713552
1865.0,1865.0,0.0043260218
1866.0,1866.0,0.0031808617
1867.0,1867.0,0.004556443
1868.0,1868.0,0.006712
1869.0,1869.0,0.006490392
1870.0,1870.0,0.0072185285
1871.0,1871.0,0.0026891213
1872.0,1872.0,0.002731152
1873.0,1873.0,0.003155817
1874.0,1874.0,0.004664253
1875.0,1875.0,0.0026296212
1876.0,1876.0,0.0037258747
1877.0,1877.0,0.006345263
1878.0,1878.0,0.003839668
1879.0,1879.0,0.003835357
1880.0,1880.0,0.00242775
1881.0,1881.0,0.0033698624
1882.0,1882.0,0.0067158337
1883.0,1883.0,0.003240259
1884.0,1884.0,0.0063805617
1885.0,1885.0,0.0042359307
1886.0,1886.0,0.0063981684
1887.0,1887.0,0.016133169
1888.0,1888.0,0.0028350814
1889.0,1889.0,0.0025096997
1890.0,1890.0,0.0039531775
1891.0,1891.0,0.0032691476
1892.0,1892.0,0.0062268954
1893.0,1893.0,0.010023828
1894.0,1894.0,0.004200252
1895.0,1895.0,0.0023583786
1896.0,1896.0,0.0044524167
1897.0,1897.0,0.0024162633
1898.0,1898.0,0.008216612
1899.0,1899.0,0.004076982
1900.0,1900.0,0.0067181187
1901.0,1901.0,0.0024820992
1902.0,1902.0,0.006776117
1903.0,1903.0,0.0070881955
1904.0,1904.0,0.0062502115
1905.0,1905.0,0.006363635
1906.0,1906.0,0.008454294
1907.0,1907.0,0.0024875517
1908.0,1908.0,0.0062229643
1909.0,1909.0,0.01838285
1910.0,1910.0,0.0038119091
1911.0,1911.0,0.0067969686
1912.0,1912.0,0.0043837773
1913.0,1913.0,0.008463554
1914.0,1914.0,0.0035365224
1915.0,1915.0,0.007520819
1916.0,1916.0,0.0043311045
1917.0,1917.0,0.0052478327
1918.0,1918.0,0.009516121
1919.0,1919.0,0.006313611
1920.0,1920.0,0.0068270285
1921.0,1921.0,0.008779517
1922.0,1922.0,0.008454274
1923.0,1923.0,0.0034147345
1924.0,1924.0,0.009209216
1925.0,1925.0,0.006601713
1926.0,1926.0,0.0077023976
1927.0,1927.0,0.0026332561
1928.0,1928.0,0.0041815643
1929.0,1929.0,0.0067941966
1930.0,1930.0,0.006434664
1931.0,1931.0,0.00904577
1932.0,1932.0,0.008845349
1933.0,1933.0,0.0065947627
1934.0,1934.0,0.0027771883
1935.0,1935.0,0.004705913
1936.0,1936.0,0.0026337702
1937.0,1937.0,0.0069432682
1938.0,1938.0,0.008188232
1939.0,1939.0,0.003485838
1940.0,1940.0,0.002342606
1941.0,1941.0,0.0040138727
1942.0,1942.0,0.0038279057
1943.0,1943.0,0.0028736452
1944.0,1944.0,0.0024215516
1945.0,1945.0,0.0037343146
1946.0,1946.0,0.0024351943
1947.0,1947.0,0.00711088
1948.0,1948.0,0.004335079
1949.0,1949.0,0.0066758413
1950.0,1950.0,0.01189988
1951.0,1951.0,0.009810428
1952.0,1952.0,0.0022999488
1953.0,1953.0,0.0037619167
1954.0,1954.0,0.006933844
1955.0,1955.0,0.0030609486
1956.0,1956.0,0.0023098711
1957.0,1957.0,0.0032247677
1958.0,1958.0,0.0031113462
1959.0,1959.0,0.004109836
1960.0,1960.0,0.0048776953
1961.0,1961.0,0.006303296
1962.0,1962.0,0.008571258
1963.0,1963.0,0.003526516
1964.0,1964.0,0.0065210215
1965.0,1965.0,0.008065624
1966.0,1966.0,0.0029509952
1967.0,1967.0,0.010635311
1968.0,1968.0,0.0030115528
1969.0,1969.0,0.007545427
1970.0,1970.0,0.003360225
1971.0,1971.0,0.007426131
1972.0,1972.0,0.0026544984
1973.0,1973.0,0.0030933379
1974.0,1974.0,0.0077133835
1975.0,1975.0,0.004444917
1976.0,1976.0,0.007155401
1977.0,1977.0,0.004316476
1978.0,1978.0,0.006538594
1979.0,1979.0,0.007371478
1980.0,1980.0,0.0064580515
1981.0,1981.0,0.00714349
1982.0,1982.0,0.0036707297
1983.0,1983.0,0.0069480618
1984.0,1984.0,0.0037343365
