x,y,species_0 cloglog values
1.0,1.0,0.49810693
2.0,2.0,0.5920817
3.0,3.0,0.16955598
4.0,4.0,0.24475235
5.0,5.0,0.6875661
6.0,6.0,0.7632704
7.0,7.0,0.6913361
8.0,8.0,0.38570285
9.0,9.0,0.7830395
10.0,10.0,0.77560914
11.0,11.0,0.37833467
12.0,12.0,0.5490452
13.0,13.0,0.7796626
14.0,14.0,0.77821714
15.0,15.0,0.640905
16.0,16.0,0.40663967
17.0,17.0,0.44189832
18.0,18.0,0.69108295
19.0,19.0,0.5059814
20.0,20.0,0.524358
21.0,21.0,0.27574068
22.0,22.0,0.26948044
23.0,23.0,0.73062396
24.0,24.0,0.42080897
25.0,25.0,0.50043523
26.0,26.0,0.6604053
27.0,27.0,0.85699815
28.0,28.0,0.53898937
29.0,29.0,0.68378836
30.0,30.0,0.2460164
31.0,31.0,0.6413074
32.0,32.0,0.76616085
33.0,33.0,0.59376687
34.0,34.0,0.6983102
35.0,35.0,0.3025445
36.0,36.0,0.3847201
37.0,37.0,0.46486232
38.0,38.0,0.09692479
39.0,39.0,0.5663545
40.0,40.0,0.63064015
41.0,41.0,0.26381212
42.0,42.0,0.7927602
43.0,43.0,0.30457076
44.0,44.0,0.2509285
45.0,45.0,0.7104789
46.0,46.0,0.48543167
47.0,47.0,0.53990513
48.0,48.0,0.38829505
49.0,49.0,0.38095984
50.0,50.0,0.6558282
51.0,51.0,0.36456484
52.0,52.0,0.28250167
53.0,53.0,0.6574271
54.0,54.0,0.7190407
55.0,55.0,0.71070224
56.0,56.0,0.51759857
57.0,57.0,0.6651971
58.0,58.0,0.290574
59.0,59.0,0.58938617
60.0,60.0,0.5862571
61.0,61.0,0.7246524
62.0,62.0,0.45353094
63.0,63.0,0.19231507
64.0,64.0,0.538838
65.0,65.0,0.5254582
66.0,66.0,0.6531225
67.0,67.0,0.75807124
68.0,68.0,0.1943346
69.0,69.0,0.21803457
70.0,70.0,0.7957568
71.0,71.0,0.79733753
72.0,72.0,0.6319659
73.0,73.0,0.7681636
74.0,74.0,0.75463617
75.0,75.0,0.5408824
76.0,76.0,0.17673784
77.0,77.0,0.7244934
78.0,78.0,0.69891334
79.0,79.0,0.50351095
80.0,80.0,0.74029905
81.0,81.0,0.734152
82.0,82.0,0.6876929
83.0,83.0,0.5698931
84.0,84.0,0.665454
85.0,85.0,0.5779773
86.0,86.0,0.38345647
87.0,87.0,0.66843385
88.0,88.0,0.5669605
89.0,89.0,0.28052068
90.0,90.0,0.73224044
91.0,91.0,0.48863757
92.0,92.0,0.5337629
93.0,93.0,0.52448255
94.0,94.0,0.5850126
95.0,95.0,0.24182168
96.0,96.0,0.75546104
97.0,97.0,0.3839093
98.0,98.0,0.48307642
99.0,99.0,0.77355003
100.0,100.0,0.5525705
101.0,101.0,0.5339294
102.0,102.0,0.31148544
103.0,103.0,0.53128445
104.0,104.0,0.70796883
105.0,105.0,0.3422889
106.0,106.0,0.69152725
107.0,107.0,0.26357627
108.0,108.0,0.6663771
109.0,109.0,0.5351343
110.0,110.0,0.43734846
111.0,111.0,0.7585948
112.0,112.0,0.7773999
113.0,113.0,0.72928315
114.0,114.0,0.10230844
115.0,115.0,0.019409837
116.0,116.0,0.54781014
117.0,117.0,0.37068376
118.0,118.0,0.31310096
119.0,119.0,0.5460086
120.0,120.0,0.18693204
121.0,121.0,0.22298503
122.0,122.0,0.49781355
123.0,123.0,0.3982056
124.0,124.0,0.19302528
125.0,125.0,0.2267753
126.0,126.0,0.59771425
127.0,127.0,0.40500662
128.0,128.0,0.6016992
129.0,129.0,0.23727949
130.0,130.0,0.68535644
131.0,131.0,0.1405152
132.0,132.0,0.63872826
133.0,133.0,0.37342623
134.0,134.0,0.22075437
135.0,135.0,0.45970392
136.0,136.0,0.72114676
137.0,137.0,0.56367636
138.0,138.0,0.29444477
139.0,139.0,0.662463
140.0,140.0,0.71778744
141.0,141.0,0.61450505
142.0,142.0,0.27349663
143.0,143.0,0.17706494
144.0,144.0,0.8047366
145.0,145.0,0.6197791
146.0,146.0,0.50664157
147.0,147.0,0.31895506
148.0,148.0,0.36907464
149.0,149.0,0.10401021
150.0,150.0,0.5878494
151.0,151.0,0.48196435
152.0,152.0,0.76839995
153.0,153.0,0.6388289
154.0,154.0,0.7282378
155.0,155.0,0.6264817
156.0,156.0,0.6783623
157.0,157.0,0.79435724
158.0,158.0,0.68296415
159.0,159.0,0.21984611
160.0,160.0,0.6252001
161.0,161.0,0.62468696
162.0,162.0,0.67737424
163.0,163.0,0.5326015
164.0,164.0,0.6763657
165.0,165.0,0.64734954
166.0,166.0,0.53238153
167.0,167.0,0.3099209
168.0,168.0,0.7917522
169.0,169.0,0.54411685
170.0,170.0,0.33761206
171.0,171.0,0.36902398
172.0,172.0,0.55327946
173.0,173.0,0.56819504
174.0,174.0,0.6275621
175.0,175.0,0.5560325
176.0,176.0,0.7710686
177.0,177.0,0.052688822
178.0,178.0,0.6596289
179.0,179.0,0.54814285
180.0,180.0,0.5400297
181.0,181.0,0.28982276
182.0,182.0,0.6901188
183.0,183.0,0.20386547
184.0,184.0,0.524236
185.0,185.0,0.44483763
186.0,186.0,0.744973
187.0,187.0,0.29828757
188.0,188.0,0.78402954
189.0,189.0,0.7749976
190.0,190.0,0.47486353
191.0,191.0,0.73723555
192.0,192.0,0.71418256
193.0,193.0,0.18944372
194.0,194.0,0.5452486
195.0,195.0,0.7686188
196.0,196.0,0.23800021
197.0,197.0,0.39050743
198.0,198.0,0.67338026
199.0,199.0,0.71870536
200.0,200.0,0.43261012
201.0,201.0,0.74536246
202.0,202.0,0.222079
203.0,203.0,0.5533323
204.0,204.0,0.64703035
205.0,205.0,0.52952445
206.0,206.0,0.23218672
207.0,207.0,0.069373764
208.0,208.0,0.17552562
209.0,209.0,0.5358967
210.0,210.0,0.34069905
211.0,211.0,0.40343994
212.0,212.0,0.66714215
213.0,213.0,0.69492835
214.0,214.0,0.66517085
215.0,215.0,0.41750938
216.0,216.0,0.21840838
217.0,217.0,0.5284295
218.0,218.0,0.64676386
219.0,219.0,0.6831908
220.0,220.0,0.52924186
221.0,221.0,0.53864145
222.0,222.0,0.49055198
223.0,223.0,0.52385783
224.0,224.0,0.49798626
225.0,225.0,0.7009252
226.0,226.0,0.3153228
227.0,227.0,0.3250687
228.0,228.0,0.26942316
229.0,229.0,0.39113933
230.0,230.0,0.66390157
231.0,231.0,0.5388013
232.0,232.0,0.4540494
233.0,233.0,0.67205024
234.0,234.0,0.45057675
235.0,235.0,0.5124863
236.0,236.0,0.2833571
237.0,237.0,0.5260486
238.0,238.0,0.6018021
239.0,239.0,0.23030435
240.0,240.0,0.15530328
241.0,241.0,0.6809322
242.0,242.0,0.6805234
243.0,243.0,0.6883106
244.0,244.0,0.7994759
245.0,245.0,0.6546797
246.0,246.0,0.77157277
247.0,247.0,0.8019655
248.0,248.0,0.7979821
249.0,249.0,0.59000486
250.0,250.0,0.3656132
251.0,251.0,0.6397782
252.0,252.0,0.6730817
253.0,253.0,0.386755
254.0,254.0,0.29867792
255.0,255.0,0.26673326
256.0,256.0,0.22771333
257.0,257.0,0.77756804
258.0,258.0,0.2437038
259.0,259.0,0.57571256
260.0,260.0,0.5882766
261.0,261.0,0.4511665
262.0,262.0,0.09646963
263.0,263.0,0.30574802
264.0,264.0,0.7885952
265.0,265.0,0.5271781
266.0,266.0,0.6704685
267.0,267.0,0.37970445
268.0,268.0,0.39034238
269.0,269.0,0.3830406
270.0,270.0,0.7783839
271.0,271.0,0.44092616
272.0,272.0,0.77132934
273.0,273.0,0.568737
274.0,274.0,0.4355703
275.0,275.0,0.77555066
276.0,276.0,0.2582023
277.0,277.0,0.27754298
278.0,278.0,0.7191467
279.0,279.0,0.678517
280.0,280.0,0.2973419
281.0,281.0,0.42630425
282.0,282.0,0.80872303
283.0,283.0,0.3566265
284.0,284.0,0.6764803
285.0,285.0,0.5483847
286.0,286.0,0.28798154
287.0,287.0,0.54711455
288.0,288.0,0.65067065
289.0,289.0,0.7355122
290.0,290.0,0.48190492
291.0,291.0,0.4219445
292.0,292.0,0.6482584
293.0,293.0,0.6655178
294.0,294.0,0.046794813
295.0,295.0,0.556797
296.0,296.0,0.6442864
297.0,297.0,0.5796273
298.0,298.0,0.29965755
299.0,299.0,0.7035144
300.0,300.0,0.7794619
301.0,301.0,0.7300524
302.0,302.0,0.26587868
303.0,303.0,0.68241256
304.0,304.0,0.022003902
305.0,305.0,0.6781265
306.0,306.0,0.78407025
307.0,307.0,0.7054963
308.0,308.0,0.47196272
309.0,309.0,0.5615988
310.0,310.0,0.6870142
311.0,311.0,0.78708017
312.0,312.0,0.67865294
313.0,313.0,0.2518839
314.0,314.0,0.6064972
315.0,315.0,0.6365357
316.0,316.0,0.3852711
317.0,317.0,0.11541238
318.0,318.0,0.7790799
319.0,319.0,0.79218334
320.0,320.0,0.5615961
321.0,321.0,0.52332157
322.0,322.0,0.25853357
323.0,323.0,0.5076037
324.0,324.0,0.20648727
325.0,325.0,0.5516222
326.0,326.0,0.76648265
327.0,327.0,0.04116047
328.0,328.0,0.7540538
329.0,329.0,0.2633406
330.0,330.0,0.69741
331.0,331.0,0.71292627
332.0,332.0,0.5361551
333.0,333.0,0.52023834
334.0,334.0,0.72187346
335.0,335.0,0.78143686
336.0,336.0,0.5873371
337.0,337.0,0.77805156
338.0,338.0,0.5164255
339.0,339.0,0.75467163
340.0,340.0,0.6694852
341.0,341.0,0.6063416
342.0,342.0,0.30212536
343.0,343.0,0.3704655
344.0,344.0,0.30113858
345.0,345.0,0.61198866
346.0,346.0,0.4807267
347.0,347.0,0.7754669
348.0,348.0,0.7656448
349.0,349.0,0.12814853
350.0,350.0,0.72209364
351.0,351.0,0.489825
352.0,352.0,0.71849054
353.0,353.0,0.7263827
354.0,354.0,0.71455973
355.0,355.0,0.52258134
356.0,356.0,0.53346837
357.0,357.0,0.39358103
358.0,358.0,0.60483205
359.0,359.0,0.30832398
360.0,360.0,0.3236511
361.0,361.0,0.63960737
362.0,362.0,0.36350378
363.0,363.0,0.52467597
364.0,364.0,0.73097545
365.0,365.0,0.7085118
366.0,366.0,0.22546686
367.0,367.0,0.72519016
368.0,368.0,0.48033696
369.0,369.0,0.55531526
370.0,370.0,0.754181
371.0,371.0,0.23562776
372.0,372.0,0.7539252
373.0,373.0,0.64347166
374.0,374.0,0.74057215
375.0,375.0,0.8248751
376.0,376.0,0.055206977
377.0,377.0,0.33994088
378.0,378.0,0.6663946
379.0,379.0,0.5305948
380.0,380.0,0.6679171
381.0,381.0,0.7290981
382.0,382.0,0.76282
383.0,383.0,0.77151394
384.0,384.0,0.6599616
385.0,385.0,0.47467044
386.0,386.0,0.0957034
387.0,387.0,0.7504308
388.0,388.0,0.53274244
389.0,389.0,0.2408458
390.0,390.0,0.6461167
391.0,391.0,0.6866972
392.0,392.0,0.71117574
393.0,393.0,0.53968155
394.0,394.0,0.38662785
395.0,395.0,0.65572166
396.0,396.0,0.65937436
397.0,397.0,0.6173718
398.0,398.0,0.4890645
399.0,399.0,0.22586094
400.0,400.0,0.766737
401.0,401.0,0.28771126
402.0,402.0,0.68300295
403.0,403.0,0.79800403
404.0,404.0,0.8451451
405.0,405.0,0.2590641
406.0,406.0,0.2170979
407.0,407.0,0.37236255
408.0,408.0,0.5395583
409.0,409.0,0.48786032
410.0,410.0,0.75500757
411.0,411.0,0.12304717
412.0,412.0,0.73929065
413.0,413.0,0.46409613
414.0,414.0,0.55805534
415.0,415.0,0.22902322
416.0,416.0,0.68235904
417.0,417.0,0.8527157
418.0,418.0,0.7368583
419.0,419.0,0.24374568
420.0,420.0,0.2349894
421.0,421.0,0.6731367
422.0,422.0,0.6857571
423.0,423.0,0.5983041
424.0,424.0,0.6344328
425.0,425.0,0.20216301
426.0,426.0,0.75094575
427.0,427.0,0.3909957
428.0,428.0,0.3329948
429.0,429.0,0.8099029
430.0,430.0,0.69750893
431.0,431.0,0.5446435
432.0,432.0,0.7230131
433.0,433.0,0.5740997
434.0,434.0,0.46097186
435.0,435.0,0.617579
436.0,436.0,0.70025104
437.0,437.0,0.50458616
438.0,438.0,0.650643
439.0,439.0,0.3786581
440.0,440.0,0.76763153
441.0,441.0,0.68941224
442.0,442.0,0.57056475
443.0,443.0,0.5084307
444.0,444.0,0.33286735
445.0,445.0,0.46619615
446.0,446.0,0.5618868
447.0,447.0,0.18510064
448.0,448.0,0.84688085
449.0,449.0,0.78035176
450.0,450.0,0.73938656
451.0,451.0,0.4991497
452.0,452.0,0.6721804
453.0,453.0,0.6560202
454.0,454.0,0.6829394
455.0,455.0,0.7782821
456.0,456.0,0.3466584
457.0,457.0,0.38830224
458.0,458.0,0.6069177
459.0,459.0,0.53571296
460.0,460.0,0.1762004
461.0,461.0,0.6620155
462.0,462.0,0.21155816
463.0,463.0,0.78340334
464.0,464.0,0.43056354
465.0,465.0,0.8024598
466.0,466.0,0.6906313
467.0,467.0,0.69001085
468.0,468.0,0.83098185
469.0,469.0,0.5027945
470.0,470.0,0.5487591
471.0,471.0,0.6894682
472.0,472.0,0.59797585
473.0,473.0,0.7637868
474.0,474.0,0.21920584
475.0,475.0,0.50679773
476.0,476.0,0.51908934
477.0,477.0,0.574065
478.0,478.0,0.7131578
479.0,479.0,0.1591655
480.0,480.0,0.81855226
481.0,481.0,0.54324996
482.0,482.0,0.6932608
483.0,483.0,0.5843648
484.0,484.0,0.78542125
485.0,485.0,0.7558567
486.0,486.0,0.09087998
487.0,487.0,0.64992326
488.0,488.0,0.715806
489.0,489.0,0.36702377
490.0,490.0,0.71083
491.0,491.0,0.7541494
492.0,492.0,0.2065149
493.0,493.0,0.64306533
494.0,494.0,0.69223905
495.0,495.0,0.49869144
496.0,496.0,0.5173533
497.0,497.0,0.75573665
498.0,498.0,0.77989507
499.0,499.0,0.78099805
500.0,500.0,0.12046658
501.0,501.0,0.5971306
502.0,502.0,0.76048845
503.0,503.0,0.43693691
504.0,504.0,0.7354521
505.0,505.0,0.51909775
506.0,506.0,0.5808173
507.0,507.0,0.4468409
508.0,508.0,0.77446383
509.0,509.0,0.5136306
510.0,510.0,0.5082135
511.0,511.0,0.36731985
512.0,512.0,0.44695517
513.0,513.0,0.6971032
514.0,514.0,0.677872
515.0,515.0,0.6934604
516.0,516.0,0.6073745
517.0,517.0,0.3285045
518.0,518.0,0.75651556
519.0,519.0,0.7526867
520.0,520.0,0.61606956
521.0,521.0,0.7241908
522.0,522.0,0.53898805
523.0,523.0,0.45338306
524.0,524.0,0.15473631
525.0,525.0,0.05998719
526.0,526.0,0.7183477
527.0,527.0,0.55566394
528.0,528.0,0.5466069
529.0,529.0,0.6986672
530.0,530.0,0.019756453
531.0,531.0,0.67799926
532.0,532.0,0.7234497
533.0,533.0,0.62977576
534.0,534.0,0.5341437
535.0,535.0,0.5394239
536.0,536.0,0.7082255
537.0,537.0,0.5483834
538.0,538.0,0.32263753
539.0,539.0,0.44653073
540.0,540.0,0.4301404
541.0,541.0,0.6852756
542.0,542.0,0.515238
543.0,543.0,0.8072398
544.0,544.0,0.78323
545.0,545.0,0.70688295
546.0,546.0,0.31880477
547.0,547.0,0.22414929
548.0,548.0,0.49486166
549.0,549.0,0.576673
550.0,550.0,0.5849128
551.0,551.0,0.7037473
552.0,552.0,0.27278617
553.0,553.0,0.7316347
554.0,554.0,0.6511582
555.0,555.0,0.6761995
556.0,556.0,0.4867254
557.0,557.0,0.7275233
558.0,558.0,0.7151922
559.0,559.0,0.527247
560.0,560.0,0.30716342
561.0,561.0,0.69093037
562.0,562.0,0.7107648
563.0,563.0,0.76273483
564.0,564.0,0.67050207
565.0,565.0,0.36566353
566.0,566.0,0.7025811
567.0,567.0,0.760403
568.0,568.0,0.32899764
569.0,569.0,0.46874452
570.0,570.0,0.43691376
571.0,571.0,0.22459136
572.0,572.0,0.704086
573.0,573.0,0.013299136
574.0,574.0,0.54850733
575.0,575.0,0.32917807
576.0,576.0,0.73543406
577.0,577.0,0.22530925
578.0,578.0,0.2561898
579.0,579.0,0.8031539
580.0,580.0,0.6234143
581.0,581.0,0.7240754
582.0,582.0,0.31396285
583.0,583.0,0.64473253
584.0,584.0,0.37948373
585.0,585.0,0.850792
586.0,586.0,0.6700132
587.0,587.0,0.27957836
588.0,588.0,0.49609283
589.0,589.0,0.34817752
590.0,590.0,0.5303387
591.0,591.0,0.66739625
592.0,592.0,0.7599604
593.0,593.0,0.81648886
594.0,594.0,0.62468696
595.0,595.0,0.6635033
596.0,596.0,0.2525334
597.0,597.0,0.76086414
598.0,598.0,0.5241744
599.0,599.0,0.35430038
600.0,600.0,0.7599428
601.0,601.0,0.33476692
602.0,602.0,0.701546
603.0,603.0,0.3286582
604.0,604.0,0.3840134
605.0,605.0,0.3655411
606.0,606.0,0.45244655
607.0,607.0,0.6918782
608.0,608.0,0.5280515
609.0,609.0,0.6163651
610.0,610.0,0.59095854
611.0,611.0,0.05516956
612.0,612.0,0.26511148
613.0,613.0,0.54773176
614.0,614.0,0.62193036
615.0,615.0,0.23843895
616.0,616.0,0.5705634
617.0,617.0,0.7170696
618.0,618.0,0.6110191
619.0,619.0,0.53978056
620.0,620.0,0.49560285
621.0,621.0,0.61046416
622.0,622.0,0.2618084
623.0,623.0,0.15782784
624.0,624.0,0.72210217
625.0,625.0,0.6671885
626.0,626.0,0.7895515
627.0,627.0,0.6368781
628.0,628.0,0.5786945
629.0,629.0,0.82589936
630.0,630.0,0.64608634
631.0,631.0,0.36678627
632.0,632.0,0.30344003
633.0,633.0,0.6708123
634.0,634.0,0.35675362
635.0,635.0,0.69841635
636.0,636.0,0.7371743
637.0,637.0,0.664279
638.0,638.0,0.570113
639.0,639.0,0.46349737
640.0,640.0,0.5205961
641.0,641.0,0.7187663
642.0,642.0,0.7084973
643.0,643.0,0.69089574
644.0,644.0,0.49740914
645.0,645.0,0.6495637
646.0,646.0,0.70712525
647.0,647.0,0.5737728
648.0,648.0,0.17291225
649.0,649.0,0.62957454
650.0,650.0,0.45023254
651.0,651.0,0.67279047
652.0,652.0,0.55965257
653.0,653.0,0.704293
654.0,654.0,0.48736596
655.0,655.0,0.7035144
656.0,656.0,0.47341666
657.0,657.0,0.7852315
658.0,658.0,0.2596785
659.0,659.0,0.47686186
660.0,660.0,0.23767038
661.0,661.0,0.8018754
662.0,662.0,0.687478
663.0,663.0,0.46006793
664.0,664.0,0.257739
665.0,665.0,0.5608682
666.0,666.0,0.4014252
667.0,667.0,0.6233474
668.0,668.0,0.44458517
669.0,669.0,0.31752443
670.0,670.0,0.5143993
671.0,671.0,0.55123603
672.0,672.0,0.22244398
673.0,673.0,0.5805517
674.0,674.0,0.6556664
675.0,675.0,0.69485784
676.0,676.0,0.33393788
677.0,677.0,0.5307271
678.0,678.0,0.2746542
679.0,679.0,0.75786006
680.0,680.0,0.7537529
681.0,681.0,0.3765127
682.0,682.0,0.36227423
683.0,683.0,0.6814494
684.0,684.0,0.17771693
685.0,685.0,0.6806318
686.0,686.0,0.5199298
687.0,687.0,0.72596663
688.0,688.0,0.7640608
689.0,689.0,0.37620458
690.0,690.0,0.33670887
691.0,691.0,0.7572597
692.0,692.0,0.6379862
693.0,693.0,0.57480454
694.0,694.0,0.7098002
695.0,695.0,0.2380314
696.0,696.0,0.6935941
697.0,697.0,0.64124465
698.0,698.0,0.7241836
699.0,699.0,0.39387566
700.0,700.0,0.25483325
701.0,701.0,0.7406043
702.0,702.0,0.64695007
703.0,703.0,0.8333091
704.0,704.0,0.3868965
705.0,705.0,0.4255907
706.0,706.0,0.6551003
707.0,707.0,0.7462387
708.0,708.0,0.26168582
709.0,709.0,0.18307546
710.0,710.0,0.23354411
711.0,711.0,0.5104055
712.0,712.0,0.7333377
713.0,713.0,0.32599518
714.0,714.0,0.799099
715.0,715.0,0.5821423
716.0,716.0,0.42582807
717.0,717.0,0.5103683
718.0,718.0,0.49796024
719.0,719.0,0.5789733
720.0,720.0,0.6693213
721.0,721.0,0.34249434
722.0,722.0,0.08392562
723.0,723.0,0.67331654
724.0,724.0,0.39071798
725.0,725.0,0.6597508
726.0,726.0,0.66363716
727.0,727.0,0.69994473
728.0,728.0,0.23785578
729.0,729.0,0.586849
730.0,730.0,0.54403466
731.0,731.0,0.6613383
732.0,732.0,0.542094
733.0,733.0,0.4412819
734.0,734.0,0.78937984
735.0,735.0,0.807822
736.0,736.0,0.58307755
737.0,737.0,0.34173983
738.0,738.0,0.29262325
739.0,739.0,0.6211068
740.0,740.0,0.5862658
741.0,741.0,0.6759897
742.0,742.0,0.55063874
743.0,743.0,0.79550606
744.0,744.0,0.72305095
745.0,745.0,0.4190234
746.0,746.0,0.6729703
747.0,747.0,0.259324
748.0,748.0,0.7405709
749.0,749.0,0.7152546
750.0,750.0,0.7364223
751.0,751.0,0.6599703
752.0,752.0,0.7519303
753.0,753.0,0.21790045
754.0,754.0,0.38683704
755.0,755.0,0.4773349
756.0,756.0,0.77366734
757.0,757.0,0.26772577
758.0,758.0,0.6627712
759.0,759.0,0.5672952
760.0,760.0,0.17413594
761.0,761.0,0.67463595
762.0,762.0,0.39998886
763.0,763.0,0.5124876
764.0,764.0,0.08608092
765.0,765.0,0.25273356
766.0,766.0,0.7509483
767.0,767.0,0.6940724
768.0,768.0,0.523365
769.0,769.0,0.7088706
770.0,770.0,0.6730817
771.0,771.0,0.67504436
772.0,772.0,0.62482405
773.0,773.0,0.5995572
774.0,774.0,0.15752536
775.0,775.0,0.5155873
776.0,776.0,0.80673385
777.0,777.0,0.6431598
778.0,778.0,0.7991233
779.0,779.0,0.33142367
780.0,780.0,0.80271494
781.0,781.0,0.7138717
782.0,782.0,0.750947
783.0,783.0,0.7685933
784.0,784.0,0.50719714
785.0,785.0,0.69962114
786.0,786.0,0.7886525
787.0,787.0,0.68966687
788.0,788.0,0.7696141
789.0,789.0,0.757107
790.0,790.0,0.49161342
791.0,791.0,0.8205449
792.0,792.0,0.6844967
793.0,793.0,0.054969706
794.0,794.0,0.66660506
795.0,795.0,0.6487158
796.0,796.0,0.59890944
797.0,797.0,0.27574626
798.0,798.0,0.017942067
799.0,799.0,0.6730515
800.0,800.0,0.416264
801.0,801.0,0.5400297
802.0,802.0,0.70955235
803.0,803.0,0.5900847
804.0,804.0,0.41114324
805.0,805.0,0.67182267
806.0,806.0,0.6297886
807.0,807.0,0.7161617
808.0,808.0,0.7998372
809.0,809.0,0.774907
810.0,810.0,0.49051794
811.0,811.0,0.76723486
812.0,812.0,0.36628193
813.0,813.0,0.36245963
814.0,814.0,0.5358346
815.0,815.0,0.71402353
816.0,816.0,0.457768
817.0,817.0,0.40545365
818.0,818.0,0.6399004
819.0,819.0,0.27221003
820.0,820.0,0.74771774
821.0,821.0,0.6693939
822.0,822.0,0.69505465
823.0,823.0,0.6554717
824.0,824.0,0.7580643
825.0,825.0,0.17656274
826.0,826.0,0.45375344
827.0,827.0,0.5194662
828.0,828.0,0.49031234
829.0,829.0,0.655444
830.0,830.0,0.61098534
831.0,831.0,0.69786876
832.0,832.0,0.4945976
833.0,833.0,0.6891155
834.0,834.0,0.701905
835.0,835.0,0.3666636
836.0,836.0,0.70267713
837.0,837.0,0.7167115
838.0,838.0,0.45215905
839.0,839.0,0.51859695
840.0,840.0,0.3175699
841.0,841.0,0.7059873
842.0,842.0,0.76407707
843.0,843.0,0.4094064
844.0,844.0,0.48236284
845.0,845.0,0.22787236
846.0,846.0,0.40518415
847.0,847.0,0.71974176
848.0,848.0,0.7342762
849.0,849.0,0.7514299
850.0,850.0,0.6072741
851.0,851.0,0.5143729
852.0,852.0,0.03103572
853.0,853.0,0.7445545
854.0,854.0,0.502336
855.0,855.0,0.66553533
856.0,856.0,0.5775068
857.0,857.0,0.44351268
858.0,858.0,0.70408005
859.0,859.0,0.2855929
860.0,860.0,0.7093375
861.0,861.0,0.7163671
862.0,862.0,0.24405575
863.0,863.0,0.4585866
864.0,864.0,0.5803363
865.0,865.0,0.34115103
866.0,866.0,0.48311022
867.0,867.0,0.36279532
868.0,868.0,0.22759868
869.0,869.0,0.56524736
870.0,870.0,0.5915352
871.0,871.0,0.52792794
872.0,872.0,0.35241196
873.0,873.0,0.6764629
874.0,874.0,0.29885152
875.0,875.0,0.4213056
876.0,876.0,0.18669342
877.0,877.0,0.6383069
878.0,878.0,0.5497798
879.0,879.0,0.1970736
880.0,880.0,0.75488484
881.0,881.0,0.560642
882.0,882.0,0.6544236
883.0,883.0,0.6436728
884.0,884.0,0.42354748
885.0,885.0,0.73136055
886.0,886.0,0.42023492
887.0,887.0,0.74468315
888.0,888.0,0.0643375
889.0,889.0,0.73154527
890.0,890.0,0.56883013
891.0,891.0,0.2652183
892.0,892.0,0.51768506
893.0,893.0,0.5375045
894.0,894.0,0.3359906
895.0,895.0,0.7631852
896.0,896.0,0.71778154
897.0,897.0,0.4234921
898.0,898.0,0.7425808
899.0,899.0,0.6487684
900.0,900.0,0.74392015
901.0,901.0,0.27187017
902.0,902.0,0.44501638
903.0,903.0,0.6869161
904.0,904.0,0.7325636
905.0,905.0,0.29760146
906.0,906.0,0.26959413
907.0,907.0,0.614553
908.0,908.0,0.5184045
909.0,909.0,0.7806078
910.0,910.0,0.06245447
911.0,911.0,0.65545684
912.0,912.0,0.6223428
913.0,913.0,0.61506563
914.0,914.0,0.7359234
915.0,915.0,0.52655214
916.0,916.0,0.17059605
917.0,917.0,0.621821
918.0,918.0,0.6775538
919.0,919.0,0.69518095
920.0,920.0,0.116606586
921.0,921.0,0.5333541
922.0,922.0,0.770564
923.0,923.0,0.31844726
924.0,924.0,0.5456335
925.0,925.0,0.27397078
926.0,926.0,0.68153036
927.0,927.0,0.36104652
928.0,928.0,0.66365874
929.0,929.0,0.51800144
930.0,930.0,0.64815784
931.0,931.0,0.67027575
932.0,932.0,0.46202612
933.0,933.0,0.6759997
934.0,934.0,0.70940864
935.0,935.0,0.739831
936.0,936.0,0.6552924
937.0,937.0,0.7490307
938.0,938.0,0.53260994
939.0,939.0,0.71274734
940.0,940.0,0.61890036
941.0,941.0,0.35668954
942.0,942.0,0.22169985
943.0,943.0,0.439842
944.0,944.0,0.2846912
945.0,945.0,0.2922885
946.0,946.0,0.76546687
947.0,947.0,0.49734885
948.0,948.0,0.49188748
949.0,949.0,0.57181114
950.0,950.0,0.24529654
951.0,951.0,0.546705
952.0,952.0,0.51422286
953.0,953.0,0.6070093
954.0,954.0,0.5482582
955.0,955.0,0.52927834
956.0,956.0,0.5866217
957.0,957.0,0.776102
958.0,958.0,0.48864576
959.0,959.0,0.4918275
960.0,960.0,0.4651873
961.0,961.0,0.63352585
962.0,962.0,0.17143232
963.0,963.0,0.5951886
964.0,964.0,0.68731517
965.0,965.0,0.7046184
966.0,966.0,0.6677517
967.0,967.0,0.50390226
968.0,968.0,0.7012757
969.0,969.0,0.40513027
970.0,970.0,0.41216874
971.0,971.0,0.7497304
972.0,972.0,0.5828231
973.0,973.0,0.33620077
974.0,974.0,0.5236185
975.0,975.0,0.2792368
976.0,976.0,0.40760407
977.0,977.0,0.22229822
978.0,978.0,0.71425486
979.0,979.0,0.76682734
980.0,980.0,0.6540394
981.0,981.0,0.71817935
982.0,982.0,0.6325183
983.0,983.0,0.047736637
984.0,984.0,0.5610845
985.0,985.0,0.628781
986.0,986.0,0.7418687
987.0,987.0,0.6131985
988.0,988.0,0.23659085
989.0,989.0,0.51199776
990.0,990.0,0.5495008
991.0,991.0,0.6413931
992.0,992.0,0.78566736
993.0,993.0,0.6767725
994.0,994.0,0.21327189
995.0,995.0,0.81009173
996.0,996.0,0.73590535
997.0,997.0,0.38287765
998.0,998.0,0.7520496
999.0,999.0,0.6856289
1000.0,1000.0,0.7722343
1001.0,1001.0,0.51510715
1002.0,1002.0,0.4632061
1003.0,1003.0,0.08205048
1004.0,1004.0,0.030299043
1005.0,1005.0,0.6666588
1006.0,1006.0,0.79455966
1007.0,1007.0,0.6009595
1008.0,1008.0,0.2785676
1009.0,1009.0,0.7535546
1010.0,1010.0,0.46616295
1011.0,1011.0,0.51716095
1012.0,1012.0,0.6920147
1013.0,1013.0,0.43974546
1014.0,1014.0,0.55144393
1015.0,1015.0,0.53344285
1016.0,1016.0,0.31678513
1017.0,1017.0,0.578758
1018.0,1018.0,0.56281424
1019.0,1019.0,0.78350186
1020.0,1020.0,0.66820604
1021.0,1021.0,0.5519101
1022.0,1022.0,0.48074293
1023.0,1023.0,0.36357558
1024.0,1024.0,0.6433043
1025.0,1025.0,0.7263729
1026.0,1026.0,0.42368215
1027.0,1027.0,0.692745
1028.0,1028.0,0.45395783
1029.0,1029.0,0.68904084
1030.0,1030.0,0.5398697
1031.0,1031.0,0.111225605
1032.0,1032.0,0.2285642
1033.0,1033.0,0.77157277
1034.0,1034.0,0.2392302
1035.0,1035.0,0.5397537
1036.0,1036.0,0.6632187
1037.0,1037.0,0.82942826
1038.0,1038.0,0.6650969
1039.0,1039.0,0.26266307
1040.0,1040.0,0.4632061
1041.0,1041.0,0.7826663
1042.0,1042.0,0.64325905
1043.0,1043.0,0.6505
1044.0,1044.0,0.050414294
1045.0,1045.0,0.56911916
1046.0,1046.0,0.5240777
1047.0,1047.0,0.6276087
1048.0,1048.0,0.7697898
1049.0,1049.0,0.2700865
1050.0,1050.0,0.7744225
1051.0,1051.0,0.8544807
1052.0,1052.0,0.5593131
1053.0,1053.0,0.44150883
1054.0,1054.0,0.6470783
1055.0,1055.0,0.5530211
1056.0,1056.0,0.2642897
1057.0,1057.0,0.6354127
1058.0,1058.0,0.8409623
1059.0,1059.0,0.7669483
1060.0,1060.0,0.47058704
1061.0,1061.0,0.7566778
1062.0,1062.0,0.7158244
1063.0,1063.0,0.47838128
1064.0,1064.0,0.5024393
1065.0,1065.0,0.59343904
1066.0,1066.0,0.2713011
1067.0,1067.0,0.52883565
1068.0,1068.0,0.4893039
1069.0,1069.0,0.3615459
1070.0,1070.0,0.7974581
1071.0,1071.0,0.20825344
1072.0,1072.0,0.6767088
1073.0,1073.0,0.75589085
1074.0,1074.0,0.36992186
1075.0,1075.0,0.073063605
1076.0,1076.0,0.48087913
1077.0,1077.0,0.6628076
1078.0,1078.0,0.7998768
1079.0,1079.0,0.5524992
1080.0,1080.0,0.66596365
1081.0,1081.0,0.5551009
1082.0,1082.0,0.74751806
1083.0,1083.0,0.30386657
1084.0,1084.0,0.7879399
1085.0,1085.0,0.7461864
1086.0,1086.0,0.542664
1087.0,1087.0,0.7182062
1088.0,1088.0,0.3018568
1089.0,1089.0,0.5264819
1090.0,1090.0,0.5180641
1091.0,1091.0,0.6510274
1092.0,1092.0,0.048477367
1093.0,1093.0,0.31112096
1094.0,1094.0,0.68276495
1095.0,1095.0,0.3481222
1096.0,1096.0,0.7702682
1097.0,1097.0,0.5797918
1098.0,1098.0,0.71949565
1099.0,1099.0,0.77499884
1100.0,1100.0,0.7644254
1101.0,1101.0,0.3882498
1102.0,1102.0,0.38851202
1103.0,1103.0,0.55515516
1104.0,1104.0,0.7001907
1105.0,1105.0,0.3027697
1106.0,1106.0,0.24277417
1107.0,1107.0,0.75369275
1108.0,1108.0,0.038880553
1109.0,1109.0,0.7433308
1110.0,1110.0,0.7261281
1111.0,1111.0,0.2134268
1112.0,1112.0,0.34349087
1113.0,1113.0,0.6109375
1114.0,1114.0,0.22891355
1115.0,1115.0,0.25365654
1116.0,1116.0,0.32883745
1117.0,1117.0,0.3770185
1118.0,1118.0,0.01362201
1119.0,1119.0,0.5288369
1120.0,1120.0,0.76010567
1121.0,1121.0,0.2520027
1122.0,1122.0,0.6902814
1123.0,1123.0,0.6452718
1124.0,1124.0,0.48888502
1125.0,1125.0,0.5504137
1126.0,1126.0,0.017159924
1127.0,1127.0,0.53905034
1128.0,1128.0,0.3630959
1129.0,1129.0,0.73952293
1130.0,1130.0,0.459323
1131.0,1131.0,0.80190957
1132.0,1132.0,0.72691375
1133.0,1133.0,0.53492254
1134.0,1134.0,0.65905714
1135.0,1135.0,0.25081012
1136.0,1136.0,0.60435927
1137.0,1137.0,0.2981516
1138.0,1138.0,0.56771046
1139.0,1139.0,0.63195574
1140.0,1140.0,0.81464136
1141.0,1141.0,0.7814936
1142.0,1142.0,0.4470448
1143.0,1143.0,0.31644174
1144.0,1144.0,0.337836
1145.0,1145.0,0.59151506
1146.0,1146.0,0.015061593
1147.0,1147.0,0.40418428
1148.0,1148.0,0.7754176
1149.0,1149.0,0.72888047
1150.0,1150.0,0.36065525
1151.0,1151.0,0.66500676
1152.0,1152.0,0.7343027
1153.0,1153.0,0.49725425
1154.0,1154.0,0.33998215
1155.0,1155.0,0.5637581
1156.0,1156.0,0.50273395
1157.0,1157.0,0.6351196
1158.0,1158.0,0.16412649
1159.0,1159.0,0.49137354
1160.0,1160.0,0.5530211
1161.0,1161.0,0.70595163
1162.0,1162.0,0.7985186
1163.0,1163.0,0.7039246
1164.0,1164.0,0.72943574
1165.0,1165.0,0.7585595
1166.0,1166.0,0.4321221
1167.0,1167.0,0.71604425
1168.0,1168.0,0.28180274
1169.0,1169.0,0.6750906
1170.0,1170.0,0.57071733
1171.0,1171.0,0.5728795
1172.0,1172.0,0.5084307
1173.0,1173.0,0.28195637
1174.0,1174.0,0.48773262
1175.0,1175.0,0.76828176
1176.0,1176.0,0.28110516
1177.0,1177.0,0.7183831
1178.0,1178.0,0.25217056
1179.0,1179.0,0.7748405
1180.0,1180.0,0.5562026
1181.0,1181.0,0.15136649
1182.0,1182.0,0.5560795
1183.0,1183.0,0.2984236
1184.0,1184.0,0.82013047
1185.0,1185.0,0.015996259
1186.0,1186.0,0.1015942
1187.0,1187.0,0.6535985
1188.0,1188.0,0.7583214
1189.0,1189.0,0.7251113
1190.0,1190.0,0.61919326
1191.0,1191.0,0.67279786
1192.0,1192.0,0.6036104
1193.0,1193.0,0.6777621
1194.0,1194.0,0.23361522
1195.0,1195.0,0.5249648
1196.0,1196.0,0.6315255
1197.0,1197.0,0.6780629
1198.0,1198.0,0.6656167
1199.0,1199.0,0.42759168
1200.0,1200.0,0.42714626
1201.0,1201.0,0.54809874
1202.0,1202.0,0.44823647
1203.0,1203.0,0.7625738
1204.0,1204.0,0.6236067
1205.0,1205.0,0.2264145
1206.0,1206.0,0.47827223
1207.0,1207.0,0.5885315
1208.0,1208.0,0.67862546
1209.0,1209.0,0.6946424
1210.0,1210.0,0.42994866
1211.0,1211.0,0.5764105
1212.0,1212.0,0.28248376
1213.0,1213.0,0.55041504
1214.0,1214.0,0.60186607
1215.0,1215.0,0.7125625
1216.0,1216.0,0.6261947
1217.0,1217.0,0.54026055
1218.0,1218.0,0.1905058
1219.0,1219.0,0.35975146
1220.0,1220.0,0.66426015
1221.0,1221.0,0.46082267
1222.0,1222.0,0.7067304
1223.0,1223.0,0.7763849
1224.0,1224.0,0.56866634
1225.0,1225.0,0.6149375
1226.0,1226.0,0.7449026
1227.0,1227.0,0.63242644
1228.0,1228.0,0.38062695
1229.0,1229.0,0.27980134
1230.0,1230.0,0.16763747
1231.0,1231.0,0.28511512
1232.0,1232.0,0.72651744
1233.0,1233.0,0.5206155
1234.0,1234.0,0.19866769
1235.0,1235.0,0.58353895
1236.0,1236.0,0.69414693
1237.0,1237.0,0.05903753
1238.0,1238.0,0.538705
1239.0,1239.0,0.21800104
1240.0,1240.0,0.46447915
1241.0,1241.0,0.716802
1242.0,1242.0,0.67205024
1243.0,1243.0,0.4439265
1244.0,1244.0,0.6469224
1245.0,1245.0,0.5548053
1246.0,1246.0,0.44622967
1247.0,1247.0,0.43826732
1248.0,1248.0,0.63440514
1249.0,1249.0,0.53596014
1250.0,1250.0,0.25519317
1251.0,1251.0,0.17897083
1252.0,1252.0,0.5628747
1253.0,1253.0,0.6222936
1254.0,1254.0,0.5810802
1255.0,1255.0,0.7136857
1256.0,1256.0,0.77395374
1257.0,1257.0,0.73305815
1258.0,1258.0,0.7064464
1259.0,1259.0,0.43246612
1260.0,1260.0,0.6115416
1261.0,1261.0,0.8174793
1262.0,1262.0,0.37099576
1263.0,1263.0,0.61610866
1264.0,1264.0,0.4275436
1265.0,1265.0,0.6867719
1266.0,1266.0,0.47955796
1267.0,1267.0,0.74526465
1268.0,1268.0,0.5392358
1269.0,1269.0,0.7245468
1270.0,1270.0,0.37669605
1271.0,1271.0,0.40198207
1272.0,1272.0,0.69372916
1273.0,1273.0,0.38095984
1274.0,1274.0,0.70660627
1275.0,1275.0,0.6692723
1276.0,1276.0,0.7755254
1277.0,1277.0,0.20539348
1278.0,1278.0,0.45586136
1279.0,1279.0,0.52407646
1280.0,1280.0,0.655502
1281.0,1281.0,0.52348816
1282.0,1282.0,0.52899575
1283.0,1283.0,0.46768227
1284.0,1284.0,0.23968153
1285.0,1285.0,0.6537016
1286.0,1286.0,0.55910695
1287.0,1287.0,0.77910626
1288.0,1288.0,0.36543354
1289.0,1289.0,0.17891437
1290.0,1290.0,0.72680575
1291.0,1291.0,0.71728075
1292.0,1292.0,0.65929425
1293.0,1293.0,0.74857396
1294.0,1294.0,0.7795213
1295.0,1295.0,0.48458913
1296.0,1296.0,0.5048027
1297.0,1297.0,0.21246465
1298.0,1298.0,0.3583243
1299.0,1299.0,0.68565494
1300.0,1300.0,0.65223587
1301.0,1301.0,0.73778534
1302.0,1302.0,0.55070007
1303.0,1303.0,0.7047883
1304.0,1304.0,0.71475285
1305.0,1305.0,0.17862843
1306.0,1306.0,0.67317027
1307.0,1307.0,0.36862674
1308.0,1308.0,0.5853034
1309.0,1309.0,0.54139096
1310.0,1310.0,0.6874393
1311.0,1311.0,0.1914879
1312.0,1312.0,0.5622711
1313.0,1313.0,0.6397228
1314.0,1314.0,0.5168474
1315.0,1315.0,0.46330544
1316.0,1316.0,0.7930924
1317.0,1317.0,0.65776867
1318.0,1318.0,0.4080603
1319.0,1319.0,0.6847793
1320.0,1320.0,0.48465684
1321.0,1321.0,0.85204065
1322.0,1322.0,0.75719154
1323.0,1323.0,0.6620229
1324.0,1324.0,0.7168105
1325.0,1325.0,0.5489212
1326.0,1326.0,0.22635
1327.0,1327.0,0.51075345
1328.0,1328.0,0.5297452
1329.0,1329.0,0.5287048
1330.0,1330.0,0.6814608
1331.0,1331.0,0.796546
1332.0,1332.0,0.6354768
1333.0,1333.0,0.31565192
1334.0,1334.0,0.2125116
1335.0,1335.0,0.37705585
1336.0,1336.0,0.7221289
1337.0,1337.0,0.35335192
1338.0,1338.0,0.67409134
1339.0,1339.0,0.3326726
1340.0,1340.0,0.77227825
1341.0,1341.0,0.71275
1342.0,1342.0,0.5482852
1343.0,1343.0,0.74845284
1344.0,1344.0,0.6656167
1345.0,1345.0,0.718854
1346.0,1346.0,0.8006381
1347.0,1347.0,0.3039925
1348.0,1348.0,0.41689825
1349.0,1349.0,0.7996368
1350.0,1350.0,0.1594928
1351.0,1351.0,0.6808138
1352.0,1352.0,0.5490709
1353.0,1353.0,0.36437076
1354.0,1354.0,0.5363696
1355.0,1355.0,0.19484235
1356.0,1356.0,0.61370236
1357.0,1357.0,0.5616147
1358.0,1358.0,0.5535564
1359.0,1359.0,0.5586291
1360.0,1360.0,0.31895506
1361.0,1361.0,0.33277965
1362.0,1362.0,0.7708839
1363.0,1363.0,0.3162346
1364.0,1364.0,0.41534168
1365.0,1365.0,0.17661032
1366.0,1366.0,0.6623715
1367.0,1367.0,0.493816
1368.0,1368.0,0.7938065
1369.0,1369.0,0.50954247
1370.0,1370.0,0.68154037
1371.0,1371.0,0.38720325
1372.0,1372.0,0.19591835
1373.0,1373.0,0.72370356
1374.0,1374.0,0.52245826
1375.0,1375.0,0.5168822
1376.0,1376.0,0.3205997
1377.0,1377.0,0.3323967
1378.0,1378.0,0.7662201
1379.0,1379.0,0.5014458
1380.0,1380.0,0.5299055
1381.0,1381.0,0.683019
1382.0,1382.0,0.23048009
1383.0,1383.0,0.3081148
1384.0,1384.0,0.67056584
1385.0,1385.0,0.63381624
1386.0,1386.0,0.27385473
1387.0,1387.0,0.70322716
1388.0,1388.0,0.2539501
1389.0,1389.0,0.6616931
1390.0,1390.0,0.679198
1391.0,1391.0,0.32394058
1392.0,1392.0,0.63106155
1393.0,1393.0,0.71491575
1394.0,1394.0,0.7181367
1395.0,1395.0,0.44207639
1396.0,1396.0,0.68221194
1397.0,1397.0,0.26816377
1398.0,1398.0,0.45624077
1399.0,1399.0,0.2194656
1400.0,1400.0,0.77812576
1401.0,1401.0,0.66269857
1402.0,1402.0,0.27200294
1403.0,1403.0,0.027027674
1404.0,1404.0,0.77977884
1405.0,1405.0,0.66290784
1406.0,1406.0,0.6811878
1407.0,1407.0,0.7827595
1408.0,1408.0,0.71137327
1409.0,1409.0,0.3746455
1410.0,1410.0,0.74087733
1411.0,1411.0,0.51706606
1412.0,1412.0,0.30350292
1413.0,1413.0,0.3784155
1414.0,1414.0,0.5852096
1415.0,1415.0,0.22980328
1416.0,1416.0,0.52860785
1417.0,1417.0,0.82151884
1418.0,1418.0,0.7728909
1419.0,1419.0,0.08949479
1420.0,1420.0,0.52158964
1421.0,1421.0,0.6507347
1422.0,1422.0,0.5235485
1423.0,1423.0,0.6658735
1424.0,1424.0,0.22592062
1425.0,1425.0,0.37262452
1426.0,1426.0,0.10640009
1427.0,1427.0,0.7733765
1428.0,1428.0,0.6872938
1429.0,1429.0,0.4711905
1430.0,1430.0,0.5482213
1431.0,1431.0,0.73234665
1432.0,1432.0,0.63052064
1433.0,1433.0,0.76969856
1434.0,1434.0,0.07106436
1435.0,1435.0,0.6854499
1436.0,1436.0,0.24481034
1437.0,1437.0,0.58510107
1438.0,1438.0,0.15992576
1439.0,1439.0,0.6155595
1440.0,1440.0,0.8213811
1441.0,1441.0,0.47174484
1442.0,1442.0,0.2877889
1443.0,1443.0,0.43006042
1444.0,1444.0,0.7297792
1445.0,1445.0,0.56790876
1446.0,1446.0,0.47547907
1447.0,1447.0,0.28311875
1448.0,1448.0,0.54487497
1449.0,1449.0,0.61077297
1450.0,1450.0,0.5727167
1451.0,1451.0,0.6999719
1452.0,1452.0,0.5663026
1453.0,1453.0,0.7081628
1454.0,1454.0,0.5326537
1455.0,1455.0,0.68008834
1456.0,1456.0,0.7587743
1457.0,1457.0,0.6179211
1458.0,1458.0,0.45171615
1459.0,1459.0,0.6921139
1460.0,1460.0,0.44530138
1461.0,1461.0,0.79550606
1462.0,1462.0,0.70205075
1463.0,1463.0,0.54271656
1464.0,1464.0,0.7596699
1465.0,1465.0,0.5268147
1466.0,1466.0,0.52818227
1467.0,1467.0,0.514644
1468.0,1468.0,0.6193492
1469.0,1469.0,0.6996782
1470.0,1470.0,0.2103289
1471.0,1471.0,0.2314808
1472.0,1472.0,0.80335295
1473.0,1473.0,0.71741647
1474.0,1474.0,0.48187116
1475.0,1475.0,0.6333975
1476.0,1476.0,0.5329115
1477.0,1477.0,0.85321397
1478.0,1478.0,0.20930071
1479.0,1479.0,0.7708932
1480.0,1480.0,0.6498201
1481.0,1481.0,0.5542941
1482.0,1482.0,0.4354897
1483.0,1483.0,0.2574751
1484.0,1484.0,0.7526607
1485.0,1485.0,0.5695074
1486.0,1486.0,0.7794882
1487.0,1487.0,0.70689154
1488.0,1488.0,0.30301395
1489.0,1489.0,0.41837966
1490.0,1490.0,0.5337276
1491.0,1491.0,0.18646307
1492.0,1492.0,0.7580139
1493.0,1493.0,0.68667245
1494.0,1494.0,0.3226637
1495.0,1495.0,0.3249898
1496.0,1496.0,0.38543478
1497.0,1497.0,0.81604713
1498.0,1498.0,0.56960404
1499.0,1499.0,0.3752602
1500.0,1500.0,0.7151003
1501.0,1501.0,0.7129105
1502.0,1502.0,0.7622597
1503.0,1503.0,0.5055051
1504.0,1504.0,0.310827
1505.0,1505.0,0.5018778
1506.0,1506.0,0.3180177
1507.0,1507.0,0.44364202
1508.0,1508.0,0.53596145
1509.0,1509.0,0.19646877
1510.0,1510.0,0.45270148
1511.0,1511.0,0.65364367
1512.0,1512.0,0.4055456
1513.0,1513.0,0.6700132
1514.0,1514.0,0.12367072
1515.0,1515.0,0.58456707
1516.0,1516.0,0.57658213
1517.0,1517.0,0.51654094
1518.0,1518.0,0.47293752
1519.0,1519.0,0.59272844
1520.0,1520.0,0.7511542
1521.0,1521.0,0.099887274
1522.0,1522.0,0.7291078
1523.0,1523.0,0.62145245
1524.0,1524.0,0.54613364
1525.0,1525.0,0.6451098
1526.0,1526.0,0.2843333
1527.0,1527.0,0.4545263
1528.0,1528.0,0.4585866
1529.0,1529.0,0.24848664
1530.0,1530.0,0.83148295
1531.0,1531.0,0.2935455
1532.0,1532.0,0.6298399
1533.0,1533.0,0.69071317
1534.0,1534.0,0.70987403
1535.0,1535.0,0.2607558
1536.0,1536.0,0.77457297
1537.0,1537.0,0.7860206
1538.0,1538.0,0.3290709
1539.0,1539.0,0.648815
1540.0,1540.0,0.693479
1541.0,1541.0,0.3033212
1542.0,1542.0,0.18433775
1543.0,1543.0,0.3702773
1544.0,1544.0,0.2147702
1545.0,1545.0,0.38812235
1546.0,1546.0,0.7121605
1547.0,1547.0,0.78748995
1548.0,1548.0,0.0729149
1549.0,1549.0,0.34005716
1550.0,1550.0,0.27168617
1551.0,1551.0,0.26504958
1552.0,1552.0,0.6898182
1553.0,1553.0,0.4226154
1554.0,1554.0,0.6515588
1555.0,1555.0,0.34849054
1556.0,1556.0,0.62943745
1557.0,1557.0,0.26241118
1558.0,1558.0,0.26115623
1559.0,1559.0,0.1783589
1560.0,1560.0,0.72329634
1561.0,1561.0,0.5303387
1562.0,1562.0,0.24017993
1563.0,1563.0,0.29283687
1564.0,1564.0,0.5567772
1565.0,1565.0,0.6772382
1566.0,1566.0,0.7388421
1567.0,1567.0,0.37727565
1568.0,1568.0,0.6767725
1569.0,1569.0,0.7266762
1570.0,1570.0,0.71948457
1571.0,1571.0,0.58384967
1572.0,1572.0,0.73880863
1573.0,1573.0,0.4647708
1574.0,1574.0,0.8080529
1575.0,1575.0,0.6873859
1576.0,1576.0,0.78915876
1577.0,1577.0,0.61094016
1578.0,1578.0,0.66433144
1579.0,1579.0,0.73019
1580.0,1580.0,0.75622505
1581.0,1581.0,0.71066797
1582.0,1582.0,0.72193295
1583.0,1583.0,0.220411
1584.0,1584.0,0.42301023
1585.0,1585.0,0.6716327
1586.0,1586.0,0.51324713
1587.0,1587.0,0.228121
1588.0,1588.0,0.35440564
1589.0,1589.0,0.82403857
1590.0,1590.0,0.52732825
1591.0,1591.0,0.23770152
1592.0,1592.0,0.27897304
1593.0,1593.0,0.57056475
1594.0,1594.0,0.45302188
1595.0,1595.0,0.76089805
1596.0,1596.0,0.62998104
1597.0,1597.0,0.55882794
1598.0,1598.0,0.7595246
1599.0,1599.0,0.59343904
1600.0,1600.0,0.29846695
1601.0,1601.0,0.759534
1602.0,1602.0,0.473963
1603.0,1603.0,0.739456
1604.0,1604.0,0.71031815
1605.0,1605.0,0.5298957
1606.0,1606.0,0.7284049
1607.0,1607.0,0.71868706
1608.0,1608.0,0.55305415
1609.0,1609.0,0.7535901
1610.0,1610.0,0.37306178
1611.0,1611.0,0.18301785
1612.0,1612.0,0.20894477
1613.0,1613.0,0.35043293
1614.0,1614.0,0.40505314
1615.0,1615.0,0.75311536
1616.0,1616.0,0.032832157
1617.0,1617.0,0.6981728
1618.0,1618.0,0.72540385
1619.0,1619.0,0.6167834
1620.0,1620.0,0.7696973
1621.0,1621.0,0.39259237
1622.0,1622.0,0.5645713
1623.0,1623.0,0.31080768
1624.0,1624.0,0.5630035
1625.0,1625.0,0.62095964
1626.0,1626.0,0.5680253
1627.0,1627.0,0.6594498
1628.0,1628.0,0.7968385
1629.0,1629.0,0.45811534
1630.0,1630.0,0.52087694
1631.0,1631.0,0.41298625
1632.0,1632.0,0.7459947
1633.0,1633.0,0.7121138
1634.0,1634.0,0.10667816
1635.0,1635.0,0.84570354
1636.0,1636.0,0.5009866
1637.0,1637.0,0.4108874
1638.0,1638.0,0.43395597
1639.0,1639.0,0.24077784
1640.0,1640.0,0.5502
1641.0,1641.0,0.5371837
1642.0,1642.0,0.40603843
1643.0,1643.0,0.31706378
1644.0,1644.0,0.51247925
1645.0,1645.0,0.43451795
1646.0,1646.0,0.47285327
1647.0,1647.0,0.014132841
1648.0,1648.0,0.83661836
1649.0,1649.0,0.7346879
1650.0,1650.0,0.22430621
1651.0,1651.0,0.5690286
1652.0,1652.0,0.6751543
1653.0,1653.0,0.13397421
1654.0,1654.0,0.30620313
1655.0,1655.0,0.6620242
1656.0,1656.0,0.6472429
1657.0,1657.0,0.7902284
1658.0,1658.0,0.60208553
1659.0,1659.0,0.57030153
1660.0,1660.0,0.6755291
1661.0,1661.0,0.32429636
1662.0,1662.0,0.22051257
1663.0,1663.0,0.69058925
1664.0,1664.0,0.8116834
1665.0,1665.0,0.36866245
1666.0,1666.0,0.5626695
1667.0,1667.0,0.74233705
1668.0,1668.0,0.49313864
1669.0,1669.0,0.5732597
1670.0,1670.0,0.6620855
1671.0,1671.0,0.32133216
1672.0,1672.0,0.71094656
1673.0,1673.0,0.60078925
1674.0,1674.0,0.013264624
1675.0,1675.0,0.7634826
1676.0,1676.0,0.277128
1677.0,1677.0,0.51710093
1678.0,1678.0,0.756045
1679.0,1679.0,0.44395888
1680.0,1680.0,0.73210055
1681.0,1681.0,0.77411354
1682.0,1682.0,0.2207351
1683.0,1683.0,0.17175066
1684.0,1684.0,0.6481916
1685.0,1685.0,0.078110784
1686.0,1686.0,0.68446064
1687.0,1687.0,0.5529286
1688.0,1688.0,0.27584535
1689.0,1689.0,0.68018943
1690.0,1690.0,0.38046357
1691.0,1691.0,0.21947482
1692.0,1692.0,0.45162603
1693.0,1693.0,0.6628614
1694.0,1694.0,0.71082735
1695.0,1695.0,0.53624403
1696.0,1696.0,0.2812228
1697.0,1697.0,0.8032807
1698.0,1698.0,0.7273295
1699.0,1699.0,0.7510665
1700.0,1700.0,0.61607224
1701.0,1701.0,0.40360853
1702.0,1702.0,0.040824607
1703.0,1703.0,0.5049503
1704.0,1704.0,0.6730817
1705.0,1705.0,0.3324576
1706.0,1706.0,0.7009278
1707.0,1707.0,0.76128733
1708.0,1708.0,0.63108927
1709.0,1709.0,0.7001695
1710.0,1710.0,0.6429951
1711.0,1711.0,0.35750338
1712.0,1712.0,0.25297785
1713.0,1713.0,0.53269154
1714.0,1714.0,0.60467917
1715.0,1715.0,0.5958332
1716.0,1716.0,0.1807971
1717.0,1717.0,0.7937252
1718.0,1718.0,0.67667264
1719.0,1719.0,0.48659784
1720.0,1720.0,0.33265227
1721.0,1721.0,0.43144995
1722.0,1722.0,0.3825294
1723.0,1723.0,0.7578317
1724.0,1724.0,0.48537204
1725.0,1725.0,0.45553985
1726.0,1726.0,0.69920725
1727.0,1727.0,0.41807362
1728.0,1728.0,0.2940655
1729.0,1729.0,0.6315748
1730.0,1730.0,0.13506702
1731.0,1731.0,0.7946897
1732.0,1732.0,0.75118023
1733.0,1733.0,0.5092545
1734.0,1734.0,0.42420357
1735.0,1735.0,0.24393502
1736.0,1736.0,0.5389612
1737.0,1737.0,0.68830794
1738.0,1738.0,0.59007865
1739.0,1739.0,0.76627934
1740.0,1740.0,0.72463286
1741.0,1741.0,0.47814575
1742.0,1742.0,0.6873946
1743.0,1743.0,0.6836527
1744.0,1744.0,0.44499177
1745.0,1745.0,0.10858857
1746.0,1746.0,0.68404365
1747.0,1747.0,0.3297581
1748.0,1748.0,0.6651971
1749.0,1749.0,0.40330926
1750.0,1750.0,0.64507335
1751.0,1751.0,0.8173072
1752.0,1752.0,0.7333377
1753.0,1753.0,0.20823002
1754.0,1754.0,0.4960326
1755.0,1755.0,0.79271114
1756.0,1756.0,0.688374
1757.0,1757.0,0.7470867
1758.0,1758.0,0.3170308
1759.0,1759.0,0.33805352
1760.0,1760.0,0.58543074
1761.0,1761.0,0.26612785
1762.0,1762.0,0.5608337
1763.0,1763.0,0.4342369
1764.0,1764.0,0.3984031
1765.0,1765.0,0.3120675
1766.0,1766.0,0.48991072
1767.0,1767.0,0.46622938
1768.0,1768.0,0.37303972
1769.0,1769.0,0.16957128
1770.0,1770.0,0.22972281
1771.0,1771.0,0.7117472
1772.0,1772.0,0.50423044
1773.0,1773.0,0.7075814
1774.0,1774.0,0.56906325
1775.0,1775.0,0.17812999
1776.0,1776.0,0.84842265
1777.0,1777.0,0.6906313
1778.0,1778.0,0.5475513
1779.0,1779.0,0.24470448
1780.0,1780.0,0.26247877
1781.0,1781.0,0.6806532
1782.0,1782.0,0.4958754
1783.0,1783.0,0.54435813
1784.0,1784.0,0.5557923
1785.0,1785.0,0.14948358
1786.0,1786.0,0.65907466
1787.0,1787.0,0.6203926
1788.0,1788.0,0.76970416
1789.0,1789.0,0.56102014
1790.0,1790.0,0.28766912
1791.0,1791.0,0.5331497
1792.0,1792.0,0.6785083
1793.0,1793.0,0.31210622
1794.0,1794.0,0.3913046
1795.0,1795.0,0.47362685
1796.0,1796.0,0.75074935
1797.0,1797.0,0.85428494
1798.0,1798.0,0.66781425
1799.0,1799.0,0.31482553
1800.0,1800.0,0.21433632
1801.0,1801.0,0.53363746
1802.0,1802.0,0.44910303
1803.0,1803.0,0.02266311
1804.0,1804.0,0.7307193
1805.0,1805.0,0.5207986
1806.0,1806.0,0.677535
1807.0,1807.0,0.50540984
1808.0,1808.0,0.21291982
1809.0,1809.0,0.5825225
1810.0,1810.0,0.5058433
1811.0,1811.0,0.82151884
1812.0,1812.0,0.38003683
1813.0,1813.0,0.53984284
1814.0,1814.0,0.7996368
1815.0,1815.0,0.7003525
1816.0,1816.0,0.50491583
1817.0,1817.0,0.18935874
1818.0,1818.0,0.25132763
1819.0,1819.0,0.69841635
1820.0,1820.0,0.41545114
1821.0,1821.0,0.08072234
1822.0,1822.0,0.7105441
1823.0,1823.0,0.81145656
1824.0,1824.0,0.29238552
1825.0,1825.0,0.4026196
1826.0,1826.0,0.6239362
1827.0,1827.0,0.6757839
1828.0,1828.0,0.82127374
1829.0,1829.0,0.55952924
1830.0,1830.0,0.3105078
1831.0,1831.0,0.11972096
1832.0,1832.0,0.17973015
1833.0,1833.0,0.5740016
1834.0,1834.0,0.55914277
1835.0,1835.0,0.5572274
1836.0,1836.0,0.37948373
1837.0,1837.0,0.19123533
1838.0,1838.0,0.74141425
1839.0,1839.0,0.6434953
1840.0,1840.0,0.5415413
1841.0,1841.0,0.7124079
1842.0,1842.0,0.52072746
1843.0,1843.0,0.23417428
1844.0,1844.0,0.7765681
1845.0,1845.0,0.6013155
1846.0,1846.0,0.6891762
1847.0,1847.0,0.20571665
1848.0,1848.0,0.7571575
1849.0,1849.0,0.7686512
1850.0,1850.0,0.28818092
1851.0,1851.0,0.35070518
1852.0,1852.0,0.33112285
1853.0,1853.0,0.51924574
1854.0,1854.0,0.6918262
1855.0,1855.0,0.50544435
1856.0,1856.0,0.19094498
1857.0,1857.0,0.74563164
1858.0,1858.0,0.78802985
1859.0,1859.0,0.6951909
1860.0,1860.0,0.5402763
1861.0,1861.0,0.5700497
1862.0,1862.0,0.7143357
1863.0,1863.0,0.67889136
1864.0,1864.0,0.7820242
1865.0,1865.0,0.25473508
1866.0,1866.0,0.51064944
1867.0,1867.0,0.53762037
1868.0,1868.0,0.7949808
1869.0,1869.0,0.54619616
1870.0,1870.0,0.7611869
1871.0,1871.0,0.32000473
1872.0,1872.0,0.39347526
1873.0,1873.0,0.41248816
1874.0,1874.0,0.26472855
1875.0,1875.0,0.38405836
1876.0,1876.0,0.6107116
1877.0,1877.0,0.6934072
1878.0,1878.0,0.71417665
1879.0,1879.0,0.038516786
1880.0,1880.0,0.29430428
1881.0,1881.0,0.5180641
1882.0,1882.0,0.4707045
1883.0,1883.0,0.3047591
1884.0,1884.0,0.56636584
1885.0,1885.0,0.29611534
1886.0,1886.0,0.72374135
1887.0,1887.0,0.53766555
1888.0,1888.0,0.17829491
1889.0,1889.0,0.26832864
1890.0,1890.0,0.63411206
1891.0,1891.0,0.3929466
1892.0,1892.0,0.54522294
1893.0,1893.0,0.7759747
1894.0,1894.0,0.6754654
1895.0,1895.0,0.3757287
1896.0,1896.0,0.6773106
1897.0,1897.0,0.22801645
1898.0,1898.0,0.66929984
1899.0,1899.0,0.23992527
1900.0,1900.0,0.83148295
1901.0,1901.0,0.1738293
1902.0,1902.0,0.04708231
1903.0,1903.0,0.76597494
1904.0,1904.0,0.56242585
1905.0,1905.0,0.764451
1906.0,1906.0,0.62411577
1907.0,1907.0,0.16839938
1908.0,1908.0,0.6083975
1909.0,1909.0,0.7489383
1910.0,1910.0,0.45750362
1911.0,1911.0,0.83935684
1912.0,1912.0,0.54113173
1913.0,1913.0,0.6551704
1914.0,1914.0,0.60120916
1915.0,1915.0,0.6830551
1916.0,1916.0,0.5296143
1917.0,1917.0,0.5681518
1918.0,1918.0,0.7001065
1919.0,1919.0,0.65199983
1920.0,1920.0,0.8355998
1921.0,1921.0,0.7512476
1922.0,1922.0,0.61502653
1923.0,1923.0,0.46815068
1924.0,1924.0,0.6659085
1925.0,1925.0,0.46954802
1926.0,1926.0,0.7161519
1927.0,1927.0,0.36622462
1928.0,1928.0,0.2127884
1929.0,1929.0,0.4576443
1930.0,1930.0,0.71640253
1931.0,1931.0,0.7084762
1932.0,1932.0,0.6382941
1933.0,1933.0,0.72675496
1934.0,1934.0,0.093707375
1935.0,1935.0,0.7554623
1936.0,1936.0,0.42949417
1937.0,1937.0,0.7980782
1938.0,1938.0,0.6535432
1939.0,1939.0,0.5421833
1940.0,1940.0,0.3640774
1941.0,1941.0,0.7256696
1942.0,1942.0,0.25448418
1943.0,1943.0,0.28017256
1944.0,1944.0,0.13600425
1945.0,1945.0,0.40277952
1946.0,1946.0,0.3602994
1947.0,1947.0,0.76624566
1948.0,1948.0,0.13432817
1949.0,1949.0,0.6836353
1950.0,1950.0,0.6743449
1951.0,1951.0,0.7021196
1952.0,1952.0,0.38718784
1953.0,1953.0,0.34689432
1954.0,1954.0,0.5315322
1955.0,1955.0,0.31522614
1956.0,1956.0,0.25908613
1957.0,1957.0,0.4686859
1958.0,1958.0,0.49746943
1959.0,1959.0,0.4988465
1960.0,1960.0,0.7566532
1961.0,1961.0,0.748981
1962.0,1962.0,0.6783797
1963.0,1963.0,0.55630386
1964.0,1964.0,0.5302755
1965.0,1965.0,0.5855004
1966.0,1966.0,0.3433256
1967.0,1967.0,0.6503691
1968.0,1968.0,0.10829813
1969.0,1969.0,0.76685417
1970.0,1970.0,0.5729068
1971.0,1971.0,0.5786397
1972.0,1972.0,0.4969446
1973.0,1973.0,0.3636041
1974.0,1974.0,0.71067655
1975.0,1975.0,0.1307203
1976.0,1976.0,0.68476796
1977.0,1977.0,0.54949224
1978.0,1978.0,0.6752542
1979.0,1979.0,0.6752817
1980.0,1980.0,0.7047341
1981.0,1981.0,0.78426826
1982.0,1982.0,0.38760665
1983.0,1983.0,0.5446323
1984.0,1984.0,0.26644397
