x,y,species min
1.0,1.0,0.3599602
2.0,2.0,0.3811641
3.0,3.0,0.4724576
4.0,4.0,0.2016743
5.0,5.0,0.087473966
6.0,6.0,0.85152256
7.0,7.0,0.6556966
8.0,8.0,0.26081115
9.0,9.0,0.5938375
10.0,10.0,0.57931876
11.0,11.0,0.44280532
12.0,12.0,0.16014677
13.0,13.0,0.61969036
14.0,14.0,0.5445282
15.0,15.0,0.5161339
16.0,16.0,0.56287014
17.0,17.0,0.22612256
18.0,18.0,0.24046913
19.0,19.0,0.64190394
20.0,20.0,0.54673827
21.0,21.0,0.124863744
22.0,22.0,0.59213364
23.0,23.0,0.7169635
24.0,24.0,0.4630445
25.0,25.0,0.53048843
26.0,26.0,0.57175606
27.0,27.0,0.24275717
28.0,28.0,0.46773717
29.0,29.0,0.30860606
30.0,30.0,0.33101648
31.0,31.0,0.36766264
32.0,32.0,0.25667283
33.0,33.0,0.18215115
34.0,34.0,0.4300026
35.0,35.0,0.38433242
36.0,36.0,0.20440444
37.0,37.0,0.5987821
38.0,38.0,0.43470076
39.0,39.0,0.10038283
40.0,40.0,0.6336992
41.0,41.0,0.41054502
42.0,42.0,0.4581819
43.0,43.0,0.654506
44.0,44.0,0.2656831
45.0,45.0,0.21582751
46.0,46.0,0.5095333
47.0,47.0,0.53048927
48.0,48.0,0.5427305
49.0,49.0,0.5939045
50.0,50.0,0.5319065
51.0,51.0,0.5179857
52.0,52.0,0.59227955
53.0,53.0,0.55801445
54.0,54.0,0.18542412
55.0,55.0,0.45019364
56.0,56.0,0.16839173
57.0,57.0,0.6730807
58.0,58.0,0.5384305
59.0,59.0,0.5243795
60.0,60.0,0.46736643
61.0,61.0,0.23646061
62.0,62.0,0.16480266
63.0,63.0,0.57142925
64.0,64.0,0.534136
65.0,65.0,0.24702576
66.0,66.0,0.4595935
67.0,67.0,0.54871875
68.0,68.0,0.534136
69.0,69.0,0.47259375
70.0,70.0,0.36606112
71.0,71.0,0.8396703
72.0,72.0,0.28793895
73.0,73.0,0.49300367
74.0,74.0,0.28831977
75.0,75.0,0.3262242
76.0,76.0,0.616822
77.0,77.0,0.2129099
78.0,78.0,0.27423927
79.0,79.0,0.18629777
80.0,80.0,0.7940136
81.0,81.0,0.46591964
82.0,82.0,0.5085105
83.0,83.0,0.4184232
84.0,84.0,0.46267742
85.0,85.0,0.5226776
86.0,86.0,0.5129987
87.0,87.0,0.59415984
88.0,88.0,0.60304004
89.0,89.0,0.7331135
90.0,90.0,0.5350808
91.0,91.0,0.6654063
92.0,92.0,0.54585576
93.0,93.0,0.07995483
94.0,94.0,0.5252994
95.0,95.0,0.53048927
96.0,96.0,0.545264
97.0,97.0,0.871425
98.0,98.0,0.53125286
99.0,99.0,0.5715569
100.0,100.0,0.34655717
101.0,101.0,0.56376207
102.0,102.0,0.48273888
103.0,103.0,0.5655303
104.0,104.0,0.523869
105.0,105.0,0.53453976
106.0,106.0,0.42887068
107.0,107.0,0.56057715
108.0,108.0,0.18058732
109.0,109.0,0.45635086
110.0,110.0,0.6523012
111.0,111.0,0.17446373
112.0,112.0,0.4604533
113.0,113.0,0.51315653
114.0,114.0,0.43502453
115.0,115.0,0.43249926
116.0,116.0,0.51551366
117.0,117.0,0.40472654
118.0,118.0,0.4010545
119.0,119.0,0.28929383
120.0,120.0,0.5268465
121.0,121.0,0.5728137
122.0,122.0,0.18310876
123.0,123.0,0.6171059
124.0,124.0,0.5723918
125.0,125.0,0.49577656
126.0,126.0,0.37045214
127.0,127.0,0.50846213
128.0,128.0,0.49569058
129.0,129.0,0.113645725
130.0,130.0,0.5006827
131.0,131.0,0.28250214
132.0,132.0,0.65286463
133.0,133.0,0.07482441
134.0,134.0,0.36297584
135.0,135.0,0.52478695
136.0,136.0,0.6818311
137.0,137.0,0.38541064
138.0,138.0,0.5427305
139.0,139.0,0.2978837
140.0,140.0,0.6314565
141.0,141.0,0.4383925
142.0,142.0,0.36091864
143.0,143.0,0.58188397
144.0,144.0,0.26805264
145.0,145.0,0.52267075
146.0,146.0,0.58838814
147.0,147.0,0.79599917
148.0,148.0,0.5579312
149.0,149.0,0.13771361
150.0,150.0,0.64463127
151.0,151.0,0.24072108
152.0,152.0,0.22244348
153.0,153.0,0.48929045
154.0,154.0,0.21989165
155.0,155.0,0.4470523
156.0,156.0,0.691828
157.0,157.0,0.44816056
158.0,158.0,0.59095514
159.0,159.0,0.22324719
160.0,160.0,0.5288472
161.0,161.0,0.534136
162.0,162.0,0.690497
163.0,163.0,0.5308737
164.0,164.0,0.41675195
165.0,165.0,0.44573274
166.0,166.0,0.45693812
167.0,167.0,0.5056371
168.0,168.0,0.41748852
169.0,169.0,0.4308132
170.0,170.0,0.5498091
171.0,171.0,0.20929815
172.0,172.0,0.5350808
173.0,173.0,0.4979188
174.0,174.0,0.50436246
175.0,175.0,0.4595085
176.0,176.0,0.26184207
177.0,177.0,0.26917893
178.0,178.0,0.5833187
179.0,179.0,0.17167236
180.0,180.0,0.54781324
181.0,181.0,0.5129088
182.0,182.0,0.66114956
183.0,183.0,0.49845314
184.0,184.0,0.6116078
185.0,185.0,0.14565322
186.0,186.0,0.59870064
187.0,187.0,0.40418297
188.0,188.0,0.37972975
189.0,189.0,0.3002022
190.0,190.0,0.8262295
191.0,191.0,0.40929455
192.0,192.0,0.82864857
193.0,193.0,0.52624524
194.0,194.0,0.28030977
195.0,195.0,0.18065654
196.0,196.0,0.5881582
197.0,197.0,0.54579586
198.0,198.0,0.5006196
199.0,199.0,0.4555749
200.0,200.0,0.839537
201.0,201.0,0.36786023
202.0,202.0,0.65920794
203.0,203.0,0.55752224
204.0,204.0,0.45799932
205.0,205.0,0.60388875
206.0,206.0,0.39846766
207.0,207.0,0.38897455
208.0,208.0,0.5810542
209.0,209.0,0.54119
210.0,210.0,0.21243373
211.0,211.0,0.60139287
212.0,212.0,0.12553519
213.0,213.0,0.5871246
214.0,214.0,0.2131177
215.0,215.0,0.58807564
216.0,216.0,0.5872372
217.0,217.0,0.29948038
218.0,218.0,0.62643546
219.0,219.0,0.54664385
220.0,220.0,0.30016515
221.0,221.0,0.5932745
222.0,222.0,0.24134101
223.0,223.0,0.70642453
224.0,224.0,0.33567363
225.0,225.0,0.39148504
226.0,226.0,0.56950575
227.0,227.0,0.5513681
228.0,228.0,0.4364089
229.0,229.0,0.26520172
230.0,230.0,0.40479025
231.0,231.0,0.3804644
232.0,232.0,0.5599552
233.0,233.0,0.275609
234.0,234.0,0.48287526
235.0,235.0,0.13548191
236.0,236.0,0.2571385
237.0,237.0,0.44279343
238.0,238.0,0.34409454
239.0,239.0,0.40472654
240.0,240.0,0.28701872
241.0,241.0,0.4057402
242.0,242.0,0.534136
243.0,243.0,0.58547
244.0,244.0,0.25223652
245.0,245.0,0.4436102
246.0,246.0,0.12732492
247.0,247.0,0.5373463
248.0,248.0,0.6477342
249.0,249.0,0.70642453
250.0,250.0,0.16716978
251.0,251.0,0.5191886
252.0,252.0,0.46838963
253.0,253.0,0.5742539
254.0,254.0,0.53477025
255.0,255.0,0.5350808
256.0,256.0,0.12777813
257.0,257.0,0.4500025
258.0,258.0,0.29234126
259.0,259.0,0.33586043
260.0,260.0,0.6014325
261.0,261.0,0.5525524
262.0,262.0,0.49373153
263.0,263.0,0.48328465
264.0,264.0,0.38758817
265.0,265.0,0.40190732
266.0,266.0,0.21878444
267.0,267.0,0.4401916
268.0,268.0,0.5182365
269.0,269.0,0.52235705
270.0,270.0,0.12160373
271.0,271.0,0.42710373
272.0,272.0,0.22757486
273.0,273.0,0.530848
274.0,274.0,0.47132263
275.0,275.0,0.3974481
276.0,276.0,0.51551366
277.0,277.0,0.48104388
278.0,278.0,0.6301077
279.0,279.0,0.44879144
280.0,280.0,0.5293428
281.0,281.0,0.49782574
282.0,282.0,0.2616613
283.0,283.0,0.42759538
284.0,284.0,0.5330648
285.0,285.0,0.44861498
286.0,286.0,0.5587672
287.0,287.0,0.63238627
288.0,288.0,0.5813248
289.0,289.0,0.23891068
290.0,290.0,0.66058695
291.0,291.0,0.5780601
292.0,292.0,0.41079646
293.0,293.0,0.71716624
294.0,294.0,0.2810389
295.0,295.0,0.4715342
296.0,296.0,0.42688447
297.0,297.0,0.34716573
298.0,298.0,0.577954
299.0,299.0,0.18499692
300.0,300.0,0.5459718
301.0,301.0,0.50589144
302.0,302.0,0.40968448
303.0,303.0,0.52442455
304.0,304.0,0.46761578
305.0,305.0,0.59488183
306.0,306.0,0.6342976
307.0,307.0,0.39391837
308.0,308.0,0.23530117
309.0,309.0,0.42118645
310.0,310.0,0.44900873
311.0,311.0,0.20822923
312.0,312.0,0.5220158
313.0,313.0,0.10591188
314.0,314.0,0.54543895
315.0,315.0,0.56818986
316.0,316.0,0.602735
317.0,317.0,0.55758363
318.0,318.0,0.54951113
319.0,319.0,0.611136
320.0,320.0,0.17947496
321.0,321.0,0.5381591
322.0,322.0,0.2833449
323.0,323.0,0.17793702
324.0,324.0,0.21835096
325.0,325.0,0.59098655
326.0,326.0,0.5460491
327.0,327.0,0.19613254
328.0,328.0,0.628205
329.0,329.0,0.43676558
330.0,330.0,0.5445282
331.0,331.0,0.3876399
332.0,332.0,0.48208308
333.0,333.0,0.44590738
334.0,334.0,0.3688543
335.0,335.0,0.6996524
336.0,336.0,0.5521621
337.0,337.0,0.16310361
338.0,338.0,0.58821774
339.0,339.0,0.28857633
340.0,340.0,0.5186545
341.0,341.0,0.7196654
342.0,342.0,0.8622553
343.0,343.0,0.47345883
344.0,344.0,0.74351907
345.0,345.0,0.63730353
346.0,346.0,0.17633218
347.0,347.0,0.6308502
348.0,348.0,0.6486991
349.0,349.0,0.62676424
350.0,350.0,0.20978947
351.0,351.0,0.5650183
352.0,352.0,0.5297518
353.0,353.0,0.6120728
354.0,354.0,0.32740524
355.0,355.0,0.2880698
356.0,356.0,0.8605989
357.0,357.0,0.46892306
358.0,358.0,0.61815965
359.0,359.0,0.53565556
360.0,360.0,0.5308506
361.0,361.0,0.194489
362.0,362.0,0.31233463
363.0,363.0,0.5031695
364.0,364.0,0.32561445
365.0,365.0,0.5151353
366.0,366.0,0.29873848
367.0,367.0,0.2746104
368.0,368.0,0.43561307
369.0,369.0,0.41169813
370.0,370.0,0.47508332
371.0,371.0,0.18668212
372.0,372.0,0.3293623
373.0,373.0,0.3183066
374.0,374.0,0.21401928
375.0,375.0,0.3799997
376.0,376.0,0.43021613
377.0,377.0,0.34786993
378.0,378.0,0.5695908
379.0,379.0,0.53048927
380.0,380.0,0.2097002
381.0,381.0,0.49085462
382.0,382.0,0.48920512
383.0,383.0,0.5087282
384.0,384.0,0.5427305
385.0,385.0,0.4997729
386.0,386.0,0.51347923
387.0,387.0,0.17106155
388.0,388.0,0.68052244
389.0,389.0,0.395869
390.0,390.0,0.50599307
391.0,391.0,0.68934137
392.0,392.0,0.4056822
393.0,393.0,0.59407425
394.0,394.0,0.119846664
395.0,395.0,0.5439943
396.0,396.0,0.5216219
397.0,397.0,0.12143863
398.0,398.0,0.530848
399.0,399.0,0.28372464
400.0,400.0,0.44372183
401.0,401.0,0.5464677
402.0,402.0,0.15593885
403.0,403.0,0.46270508
404.0,404.0,0.35514674
405.0,405.0,0.47000498
406.0,406.0,0.69144005
407.0,407.0,0.5206484
408.0,408.0,0.5101379
409.0,409.0,0.8129523
410.0,410.0,0.60409033
411.0,411.0,0.5213767
412.0,412.0,0.46931583
413.0,413.0,0.56037325
414.0,414.0,0.2646224
415.0,415.0,0.20915921
416.0,416.0,0.3174077
417.0,417.0,0.56127447
418.0,418.0,0.28425956
419.0,419.0,0.3258395
420.0,420.0,0.052900765
421.0,421.0,0.42798248
422.0,422.0,0.52859527
423.0,423.0,0.5485273
424.0,424.0,0.6766882
425.0,425.0,0.4591655
426.0,426.0,0.6246524
427.0,427.0,0.5855346
428.0,428.0,0.1661719
429.0,429.0,0.50815403
430.0,430.0,0.5583531
431.0,431.0,0.51551366
432.0,432.0,0.8161816
433.0,433.0,0.29992625
434.0,434.0,0.67790043
435.0,435.0,0.222822
436.0,436.0,0.4488706
437.0,437.0,0.40653393
438.0,438.0,0.20436318
439.0,439.0,0.54369056
440.0,440.0,0.12397804
441.0,441.0,0.39090335
442.0,442.0,0.113297366
443.0,443.0,0.35779288
444.0,444.0,0.17413145
445.0,445.0,0.5269726
446.0,446.0,0.52191556
447.0,447.0,0.48976177
448.0,448.0,0.5708116
449.0,449.0,0.864256
450.0,450.0,0.22564274
451.0,451.0,0.1831643
452.0,452.0,0.4799143
453.0,453.0,0.55419755
454.0,454.0,0.41169813
455.0,455.0,0.53065604
456.0,456.0,0.2917593
457.0,457.0,0.5338457
458.0,458.0,0.5309661
459.0,459.0,0.627891
460.0,460.0,0.63431513
461.0,461.0,0.5656519
462.0,462.0,0.6186885
463.0,463.0,0.53041536
464.0,464.0,0.54463315
465.0,465.0,0.34716216
466.0,466.0,0.5306994
467.0,467.0,0.5239633
468.0,468.0,0.5331368
469.0,469.0,0.18458
470.0,470.0,0.2657771
471.0,471.0,0.25961992
472.0,472.0,0.35370925
473.0,473.0,0.74800795
474.0,474.0,0.5214214
475.0,475.0,0.534136
476.0,476.0,0.09245665
477.0,477.0,0.5297518
478.0,478.0,0.3154142
479.0,479.0,0.58655304
480.0,480.0,0.426597
481.0,481.0,0.21889505
482.0,482.0,0.32058138
483.0,483.0,0.52365667
484.0,484.0,0.44333708
485.0,485.0,0.66480213
486.0,486.0,0.53048927
487.0,487.0,0.33872157
488.0,488.0,0.5264848
489.0,489.0,0.63307565
490.0,490.0,0.5297518
491.0,491.0,0.5822754
492.0,492.0,0.7022088
493.0,493.0,0.49034762
494.0,494.0,0.44085827
495.0,495.0,0.33883968
496.0,496.0,0.47298098
497.0,497.0,0.20177723
498.0,498.0,0.39228746
499.0,499.0,0.42902765
500.0,500.0,0.5936093
501.0,501.0,0.5350808
502.0,502.0,0.5226809
503.0,503.0,0.31164894
504.0,504.0,0.27355734
505.0,505.0,0.11802834
506.0,506.0,0.37800822
507.0,507.0,0.5642176
508.0,508.0,0.5297689
509.0,509.0,0.43533033
510.0,510.0,0.25888276
511.0,511.0,0.5576481
512.0,512.0,0.49443638
513.0,513.0,0.23596948
514.0,514.0,0.52442455
515.0,515.0,0.41398072
516.0,516.0,0.84558386
517.0,517.0,0.5263665
518.0,518.0,0.52442455
519.0,519.0,0.21310784
520.0,520.0,0.41275656
521.0,521.0,0.700069
522.0,522.0,0.61236316
523.0,523.0,0.84991956
524.0,524.0,0.43915868
525.0,525.0,0.1917961
526.0,526.0,0.84983695
527.0,527.0,0.40322614
528.0,528.0,0.4742889
529.0,529.0,0.3407743
530.0,530.0,0.55493873
531.0,531.0,0.6324439
532.0,532.0,0.114750214
533.0,533.0,0.7211081
534.0,534.0,0.534136
535.0,535.0,0.36818504
536.0,536.0,0.20093955
537.0,537.0,0.45814264
538.0,538.0,0.3075728
539.0,539.0,0.40958065
540.0,540.0,0.14542711
541.0,541.0,0.46885362
542.0,542.0,0.5570687
543.0,543.0,0.130547
544.0,544.0,0.529232
545.0,545.0,0.16489547
546.0,546.0,0.74289554
547.0,547.0,0.37702197
548.0,548.0,0.26725712
549.0,549.0,0.3636309
550.0,550.0,0.48979157
551.0,551.0,0.55717564
552.0,552.0,0.6293485
553.0,553.0,0.849837
554.0,554.0,0.49153063
555.0,555.0,0.4566579
556.0,556.0,0.8492206
557.0,557.0,0.534136
558.0,558.0,0.58918524
559.0,559.0,0.4502233
560.0,560.0,0.414043
561.0,561.0,0.58737105
562.0,562.0,0.64374167
563.0,563.0,0.5873005
564.0,564.0,0.534136
565.0,565.0,0.35687965
566.0,566.0,0.24375366
567.0,567.0,0.5845987
568.0,568.0,0.52475333
569.0,569.0,0.58456796
570.0,570.0,0.20938338
571.0,571.0,0.1945277
572.0,572.0,0.515744
573.0,573.0,0.52442455
574.0,574.0,0.2589213
575.0,575.0,0.49782574
576.0,576.0,0.20907791
577.0,577.0,0.29944333
578.0,578.0,0.51983094
579.0,579.0,0.09101949
580.0,580.0,0.5405895
581.0,581.0,0.5849111
582.0,582.0,0.09589758
583.0,583.0,0.5268233
584.0,584.0,0.52106947
585.0,585.0,0.53033024
586.0,586.0,0.6914724
587.0,587.0,0.63307565
588.0,588.0,0.40847874
589.0,589.0,0.8121488
590.0,590.0,0.22131413
591.0,591.0,0.49843812
592.0,592.0,0.4797978
593.0,593.0,0.5773465
594.0,594.0,0.4965524
595.0,595.0,0.51451033
596.0,596.0,0.53133106
597.0,597.0,0.46321815
598.0,598.0,0.76507103
599.0,599.0,0.15293048
600.0,600.0,0.8447265
601.0,601.0,0.6618643
602.0,602.0,0.5458491
603.0,603.0,0.22131413
604.0,604.0,0.24449247
605.0,605.0,0.5458491
606.0,606.0,0.52806556
607.0,607.0,0.5742539
608.0,608.0,0.85486645
609.0,609.0,0.6906422
610.0,610.0,0.46785915
611.0,611.0,0.44340897
612.0,612.0,0.7045633
613.0,613.0,0.47918203
614.0,614.0,0.85544395
615.0,615.0,0.3710819
616.0,616.0,0.5752124
617.0,617.0,0.44392177
618.0,618.0,0.41910517
619.0,619.0,0.51408225
620.0,620.0,0.21347333
621.0,621.0,0.41169813
622.0,622.0,0.573884
623.0,623.0,0.2852402
624.0,624.0,0.5332079
625.0,625.0,0.6745962
626.0,626.0,0.4218574
627.0,627.0,0.110545985
628.0,628.0,0.45329776
629.0,629.0,0.33399543
630.0,630.0,0.5114145
631.0,631.0,0.7146879
632.0,632.0,0.168274
633.0,633.0,0.5531882
634.0,634.0,0.17937583
635.0,635.0,0.5429917
636.0,636.0,0.617274
637.0,637.0,0.28870687
638.0,638.0,0.1595428
639.0,639.0,0.743519
640.0,640.0,0.5745631
641.0,641.0,0.5020474
642.0,642.0,0.5090239
643.0,643.0,0.4060955
644.0,644.0,0.4036609
645.0,645.0,0.5942518
646.0,646.0,0.15386704
647.0,647.0,0.5205669
648.0,648.0,0.5460491
649.0,649.0,0.36675736
650.0,650.0,0.377822
651.0,651.0,0.564457
652.0,652.0,0.4566507
653.0,653.0,0.42067784
654.0,654.0,0.849837
655.0,655.0,0.45543543
656.0,656.0,0.14587231
657.0,657.0,0.46227133
658.0,658.0,0.38837323
659.0,659.0,0.085510805
660.0,660.0,0.6096534
661.0,661.0,0.53048927
662.0,662.0,0.17186603
663.0,663.0,0.41219103
664.0,664.0,0.39441007
665.0,665.0,0.12790753
666.0,666.0,0.18789315
667.0,667.0,0.52442455
668.0,668.0,0.5215654
669.0,669.0,0.546415
670.0,670.0,0.5458491
671.0,671.0,0.53453976
672.0,672.0,0.8556967
673.0,673.0,0.5134106
674.0,674.0,0.56369984
675.0,675.0,0.5384206
676.0,676.0,0.52977204
677.0,677.0,0.22423352
678.0,678.0,0.60680974
679.0,679.0,0.3627099
680.0,680.0,0.6516257
681.0,681.0,0.63737166
682.0,682.0,0.55259484
683.0,683.0,0.49983576
684.0,684.0,0.52115244
685.0,685.0,0.15829937
686.0,686.0,0.17616566
687.0,687.0,0.6488395
688.0,688.0,0.4665112
689.0,689.0,0.6688545
690.0,690.0,0.4268827
691.0,691.0,0.5991992
692.0,692.0,0.28411382
693.0,693.0,0.85817367
694.0,694.0,0.4820362
695.0,695.0,0.69281393
696.0,696.0,0.25761786
697.0,697.0,0.52862024
698.0,698.0,0.48692638
699.0,699.0,0.58838814
700.0,700.0,0.5214986
701.0,701.0,0.41150382
702.0,702.0,0.532891
703.0,703.0,0.31696314
704.0,704.0,0.6822009
705.0,705.0,0.5449415
706.0,706.0,0.3775921
707.0,707.0,0.65102476
708.0,708.0,0.35362
709.0,709.0,0.26853332
710.0,710.0,0.22668044
711.0,711.0,0.5232541
712.0,712.0,0.530848
713.0,713.0,0.5216529
714.0,714.0,0.4429764
715.0,715.0,0.4997264
716.0,716.0,0.6301771
717.0,717.0,0.1874944
718.0,718.0,0.3334655
719.0,719.0,0.8472917
720.0,720.0,0.4455366
721.0,721.0,0.55172944
722.0,722.0,0.8218851
723.0,723.0,0.5061502
724.0,724.0,0.52386844
725.0,725.0,0.5635307
726.0,726.0,0.15250011
727.0,727.0,0.5963074
728.0,728.0,0.54786414
729.0,729.0,0.43850195
730.0,730.0,0.18717349
731.0,731.0,0.6265401
732.0,732.0,0.41574097
733.0,733.0,0.534136
734.0,734.0,0.6085414
735.0,735.0,0.5143231
736.0,736.0,0.19109726
737.0,737.0,0.42495775
738.0,738.0,0.12287027
739.0,739.0,0.534136
740.0,740.0,0.39199984
741.0,741.0,0.5994801
742.0,742.0,0.52132136
743.0,743.0,0.21505485
744.0,744.0,0.17090303
745.0,745.0,0.60370505
746.0,746.0,0.39095843
747.0,747.0,0.52873
748.0,748.0,0.5742539
749.0,749.0,0.38267577
750.0,750.0,0.5640172
751.0,751.0,0.51486075
752.0,752.0,0.5268215
753.0,753.0,0.5615788
754.0,754.0,0.5929226
755.0,755.0,0.5243033
756.0,756.0,0.53337944
757.0,757.0,0.6318958
758.0,758.0,0.33618265
759.0,759.0,0.4939248
760.0,760.0,0.50214666
761.0,761.0,0.59951055
762.0,762.0,0.54668415
763.0,763.0,0.27297455
764.0,764.0,0.375916
765.0,765.0,0.439626
766.0,766.0,0.35542423
767.0,767.0,0.5168345
768.0,768.0,0.53598
769.0,769.0,0.12295582
770.0,770.0,0.636714
771.0,771.0,0.099537335
772.0,772.0,0.11873189
773.0,773.0,0.16632658
774.0,774.0,0.81240743
775.0,775.0,0.64463127
776.0,776.0,0.22196911
777.0,777.0,0.43261093
778.0,778.0,0.5261959
779.0,779.0,0.39460617
780.0,780.0,0.59969616
781.0,781.0,0.5460491
782.0,782.0,0.16645135
783.0,783.0,0.6234726
784.0,784.0,0.5268233
785.0,785.0,0.28293544
786.0,786.0,0.42755753
787.0,787.0,0.5518666
788.0,788.0,0.54122084
789.0,789.0,0.739911
790.0,790.0,0.41574097
791.0,791.0,0.29065466
792.0,792.0,0.30327642
793.0,793.0,0.3511486
794.0,794.0,0.3613618
795.0,795.0,0.50016814
796.0,796.0,0.74139017
797.0,797.0,0.43875295
798.0,798.0,0.5214986
799.0,799.0,0.54537797
800.0,800.0,0.4259532
801.0,801.0,0.3261796
802.0,802.0,0.28744
803.0,803.0,0.25445497
804.0,804.0,0.34063938
805.0,805.0,0.55259484
806.0,806.0,0.84899074
807.0,807.0,0.8780711
808.0,808.0,0.3573256
809.0,809.0,0.14784962
810.0,810.0,0.52556413
811.0,811.0,0.6793745
812.0,812.0,0.47882637
813.0,813.0,0.52254
814.0,814.0,0.5375059
815.0,815.0,0.49207523
816.0,816.0,0.5331629
817.0,817.0,0.5593109
818.0,818.0,0.5226809
819.0,819.0,0.3072413
820.0,820.0,0.4860218
821.0,821.0,0.84653354
822.0,822.0,0.23072568
823.0,823.0,0.64068896
824.0,824.0,0.44812834
825.0,825.0,0.26197603
826.0,826.0,0.59915566
827.0,827.0,0.52442455
828.0,828.0,0.5658624
829.0,829.0,0.64463127
830.0,830.0,0.52438056
831.0,831.0,0.5404897
832.0,832.0,0.43265867
833.0,833.0,0.38386837
834.0,834.0,0.5297518
835.0,835.0,0.4576228
836.0,836.0,0.3904514
837.0,837.0,0.13980174
838.0,838.0,0.8377899
839.0,839.0,0.472044
840.0,840.0,0.48191994
841.0,841.0,0.68804806
842.0,842.0,0.63624257
843.0,843.0,0.58726364
844.0,844.0,0.22164625
845.0,845.0,0.45659295
846.0,846.0,0.4982056
847.0,847.0,0.6042661
848.0,848.0,0.33669695
849.0,849.0,0.5758004
850.0,850.0,0.4542723
851.0,851.0,0.5166707
852.0,852.0,0.4706017
853.0,853.0,0.4511905
854.0,854.0,0.6542524
855.0,855.0,0.5445282
856.0,856.0,0.31678468
857.0,857.0,0.5318211
858.0,858.0,0.14934674
859.0,859.0,0.5769259
860.0,860.0,0.40526396
861.0,861.0,0.3167929
862.0,862.0,0.3291929
863.0,863.0,0.5460491
864.0,864.0,0.50377357
865.0,865.0,0.487045
866.0,866.0,0.61884457
867.0,867.0,0.6767814
868.0,868.0,0.54536176
869.0,869.0,0.54147875
870.0,870.0,0.54402286
871.0,871.0,0.4606827
872.0,872.0,0.46605557
873.0,873.0,0.60915196
874.0,874.0,0.59387887
875.0,875.0,0.5181896
876.0,876.0,0.19613223
877.0,877.0,0.84558386
878.0,878.0,0.6630453
879.0,879.0,0.49259925
880.0,880.0,0.6446642
881.0,881.0,0.19478464
882.0,882.0,0.5455285
883.0,883.0,0.40883577
884.0,884.0,0.46526602
885.0,885.0,0.13322662
886.0,886.0,0.5578371
887.0,887.0,0.44979095
888.0,888.0,0.50829625
889.0,889.0,0.58857334
890.0,890.0,0.41433525
891.0,891.0,0.1614746
892.0,892.0,0.49985713
893.0,893.0,0.6501755
894.0,894.0,0.19717677
895.0,895.0,0.47023845
896.0,896.0,0.6442589
897.0,897.0,0.3821872
898.0,898.0,0.4593114
899.0,899.0,0.5327562
900.0,900.0,0.24596193
901.0,901.0,0.18980902
902.0,902.0,0.6968816
903.0,903.0,0.24178293
904.0,904.0,0.23962373
905.0,905.0,0.27553204
906.0,906.0,0.51601225
907.0,907.0,0.5261661
908.0,908.0,0.43508542
909.0,909.0,0.62306803
910.0,910.0,0.58306146
911.0,911.0,0.5140357
912.0,912.0,0.4859968
913.0,913.0,0.57747006
914.0,914.0,0.5133629
915.0,915.0,0.38727444
916.0,916.0,0.5297518
917.0,917.0,0.2334937
918.0,918.0,0.5555255
919.0,919.0,0.29193616
920.0,920.0,0.62303466
921.0,921.0,0.49312922
922.0,922.0,0.2804549
923.0,923.0,0.5445282
924.0,924.0,0.5350808
925.0,925.0,0.8472918
926.0,926.0,0.4867388
927.0,927.0,0.68320066
928.0,928.0,0.5592007
929.0,929.0,0.57166725
930.0,930.0,0.52381516
931.0,931.0,0.037370864
932.0,932.0,0.3239958
933.0,933.0,0.51551366
934.0,934.0,0.13494527
935.0,935.0,0.14027192
936.0,936.0,0.3349447
937.0,937.0,0.47555423
938.0,938.0,0.5613936
939.0,939.0,0.8395371
940.0,940.0,0.6154501
941.0,941.0,0.5478072
942.0,942.0,0.30173808
943.0,943.0,0.5446173
944.0,944.0,0.563349
945.0,945.0,0.5092088
946.0,946.0,0.64386755
947.0,947.0,0.33853397
948.0,948.0,0.15516268
949.0,949.0,0.49293384
950.0,950.0,0.18033613
951.0,951.0,0.18681312
952.0,952.0,0.51755583
953.0,953.0,0.49782574
954.0,954.0,0.14485875
955.0,955.0,0.31752214
956.0,956.0,0.51186436
957.0,957.0,0.42164344
958.0,958.0,0.46510437
959.0,959.0,0.424708
960.0,960.0,0.17661746
961.0,961.0,0.5123521
962.0,962.0,0.39946938
963.0,963.0,0.5780601
964.0,964.0,0.31399325
965.0,965.0,0.18832421
966.0,966.0,0.42316687
967.0,967.0,0.37963238
968.0,968.0,0.5350808
969.0,969.0,0.43556356
970.0,970.0,0.31043038
971.0,971.0,0.67811716
972.0,972.0,0.53048927
973.0,973.0,0.48303998
974.0,974.0,0.6228786
975.0,975.0,0.51551366
976.0,976.0,0.66794044
977.0,977.0,0.7646412
978.0,978.0,0.25707635
979.0,979.0,0.2893386
980.0,980.0,0.6599343
981.0,981.0,0.1902011
982.0,982.0,0.5258117
983.0,983.0,0.53592175
984.0,984.0,0.523894
985.0,985.0,0.59709924
986.0,986.0,0.54587716
987.0,987.0,0.48306704
988.0,988.0,0.42537802
989.0,989.0,0.5297518
990.0,990.0,0.5459984
991.0,991.0,0.5350808
992.0,992.0,0.6449602
993.0,993.0,0.38377124
994.0,994.0,0.6445796
995.0,995.0,0.11249281
996.0,996.0,0.56852376
997.0,997.0,0.6696668
998.0,998.0,0.54453754
999.0,999.0,0.3561039
1000.0,1000.0,0.5309661
1001.0,1001.0,0.22953323
1002.0,1002.0,0.39735225
1003.0,1003.0,0.5930151
1004.0,1004.0,0.52267075
1005.0,1005.0,0.46251497
1006.0,1006.0,0.52254
1007.0,1007.0,0.1450719
1008.0,1008.0,0.4918265
1009.0,1009.0,0.39390275
1010.0,1010.0,0.55849856
1011.0,1011.0,0.62768066
1012.0,1012.0,0.53764504
1013.0,1013.0,0.51355106
1014.0,1014.0,0.53357494
1015.0,1015.0,0.15850246
1016.0,1016.0,0.3470297
1017.0,1017.0,0.2657568
1018.0,1018.0,0.13363338
1019.0,1019.0,0.60281265
1020.0,1020.0,0.16628088
1021.0,1021.0,0.5460491
1022.0,1022.0,0.45763072
1023.0,1023.0,0.5808129
1024.0,1024.0,0.6881994
1025.0,1025.0,0.08271318
1026.0,1026.0,0.44647557
1027.0,1027.0,0.4487388
1028.0,1028.0,0.3961967
1029.0,1029.0,0.41469672
1030.0,1030.0,0.36480936
1031.0,1031.0,0.24640022
1032.0,1032.0,0.84386706
1033.0,1033.0,0.12039232
1034.0,1034.0,0.36328918
1035.0,1035.0,0.54494905
1036.0,1036.0,0.45892844
1037.0,1037.0,0.5283971
1038.0,1038.0,0.3816428
1039.0,1039.0,0.5245609
1040.0,1040.0,0.23838879
1041.0,1041.0,0.4834328
1042.0,1042.0,0.5376884
1043.0,1043.0,0.7007208
1044.0,1044.0,0.075867355
1045.0,1045.0,0.25797066
1046.0,1046.0,0.22566879
1047.0,1047.0,0.52254
1048.0,1048.0,0.35257566
1049.0,1049.0,0.4513472
1050.0,1050.0,0.54770756
1051.0,1051.0,0.45184985
1052.0,1052.0,0.24769154
1053.0,1053.0,0.44571117
1054.0,1054.0,0.50348276
1055.0,1055.0,0.82150507
1056.0,1056.0,0.4723786
1057.0,1057.0,0.534136
1058.0,1058.0,0.86992174
1059.0,1059.0,0.53933614
1060.0,1060.0,0.39400035
1061.0,1061.0,0.42832512
1062.0,1062.0,0.52870035
1063.0,1063.0,0.3742744
1064.0,1064.0,0.99220407
1065.0,1065.0,0.43161836
1066.0,1066.0,0.4198167
1067.0,1067.0,0.28221476
1068.0,1068.0,0.31676707
1069.0,1069.0,0.2574602
1070.0,1070.0,0.46115398
1071.0,1071.0,0.5349424
1072.0,1072.0,0.26135564
1073.0,1073.0,0.18215798
1074.0,1074.0,0.7948535
1075.0,1075.0,0.5268233
1076.0,1076.0,0.5458828
1077.0,1077.0,0.566055
1078.0,1078.0,0.51113456
1079.0,1079.0,0.51169866
1080.0,1080.0,0.18342088
1081.0,1081.0,0.530848
1082.0,1082.0,0.15965873
1083.0,1083.0,0.5370688
1084.0,1084.0,0.4119054
1085.0,1085.0,0.56565756
1086.0,1086.0,0.5180274
1087.0,1087.0,0.5868059
1088.0,1088.0,0.82090616
1089.0,1089.0,0.5780533
1090.0,1090.0,0.853199
1091.0,1091.0,0.72234046
1092.0,1092.0,0.52481276
1093.0,1093.0,0.3540297
1094.0,1094.0,0.46250004
1095.0,1095.0,0.47428256
1096.0,1096.0,0.49668548
1097.0,1097.0,0.38305777
1098.0,1098.0,0.49012265
1099.0,1099.0,0.66358495
1100.0,1100.0,0.57266945
1101.0,1101.0,0.27874315
1102.0,1102.0,0.47041136
1103.0,1103.0,0.22323756
1104.0,1104.0,0.53055745
1105.0,1105.0,0.2254371
1106.0,1106.0,0.5906841
1107.0,1107.0,0.40689307
1108.0,1108.0,0.3082539
1109.0,1109.0,0.099465206
1110.0,1110.0,0.5113939
1111.0,1111.0,0.4243068
1112.0,1112.0,0.40457237
1113.0,1113.0,0.57784224
1114.0,1114.0,0.57465726
1115.0,1115.0,0.5785507
1116.0,1116.0,0.40853333
1117.0,1117.0,0.52050805
1118.0,1118.0,0.5458491
1119.0,1119.0,0.54107
1120.0,1120.0,0.85652465
1121.0,1121.0,0.47711134
1122.0,1122.0,0.2097002
1123.0,1123.0,0.4302769
1124.0,1124.0,0.5231584
1125.0,1125.0,0.534136
1126.0,1126.0,0.39872518
1127.0,1127.0,0.5312947
1128.0,1128.0,0.10818749
1129.0,1129.0,0.59780854
1130.0,1130.0,0.743519
1131.0,1131.0,0.36676085
1132.0,1132.0,0.2799608
1133.0,1133.0,0.61562485
1134.0,1134.0,0.59629387
1135.0,1135.0,0.5458491
1136.0,1136.0,0.40923807
1137.0,1137.0,0.16413341
1138.0,1138.0,0.5468478
1139.0,1139.0,0.1024451
1140.0,1140.0,0.5278562
1141.0,1141.0,0.53026545
1142.0,1142.0,0.5268233
1143.0,1143.0,0.6771429
1144.0,1144.0,0.61622083
1145.0,1145.0,0.5457762
1146.0,1146.0,0.5105583
1147.0,1147.0,0.6018514
1148.0,1148.0,0.19018522
1149.0,1149.0,0.5121439
1150.0,1150.0,0.52442455
1151.0,1151.0,0.21406545
1152.0,1152.0,0.42505962
1153.0,1153.0,0.34605056
1154.0,1154.0,0.46554297
1155.0,1155.0,0.23677263
1156.0,1156.0,0.600371
1157.0,1157.0,0.197472
1158.0,1158.0,0.5268233
1159.0,1159.0,0.5268233
1160.0,1160.0,0.2158847
1161.0,1161.0,0.4572029
1162.0,1162.0,0.4323658
1163.0,1163.0,0.45098248
1164.0,1164.0,0.38522807
1165.0,1165.0,0.09952703
1166.0,1166.0,0.49944675
1167.0,1167.0,0.5571269
1168.0,1168.0,0.61715794
1169.0,1169.0,0.38517007
1170.0,1170.0,0.57142925
1171.0,1171.0,0.5619518
1172.0,1172.0,0.62279886
1173.0,1173.0,0.42022812
1174.0,1174.0,0.5182621
1175.0,1175.0,0.6042763
1176.0,1176.0,0.34131372
1177.0,1177.0,0.53833866
1178.0,1178.0,0.534136
1179.0,1179.0,0.2877356
1180.0,1180.0,0.5472083
1181.0,1181.0,0.14330761
1182.0,1182.0,0.43697846
1183.0,1183.0,0.52267075
1184.0,1184.0,0.51551366
1185.0,1185.0,0.17357123
1186.0,1186.0,0.53013444
1187.0,1187.0,0.9927795
1188.0,1188.0,0.4605295
1189.0,1189.0,0.51551366
1190.0,1190.0,0.52442455
1191.0,1191.0,0.59814703
1192.0,1192.0,0.81341183
1193.0,1193.0,0.4375656
1194.0,1194.0,0.42312232
1195.0,1195.0,0.55003667
1196.0,1196.0,0.5879242
1197.0,1197.0,0.6255595
1198.0,1198.0,0.36989743
1199.0,1199.0,0.13870893
1200.0,1200.0,0.09066814
1201.0,1201.0,0.17391643
1202.0,1202.0,0.23887132
1203.0,1203.0,0.14115188
1204.0,1204.0,0.13280201
1205.0,1205.0,0.5383806
1206.0,1206.0,0.43353903
1207.0,1207.0,0.4594432
1208.0,1208.0,0.53096306
1209.0,1209.0,0.30961552
1210.0,1210.0,0.54711115
1211.0,1211.0,0.24908878
1212.0,1212.0,0.61780596
1213.0,1213.0,0.38021412
1214.0,1214.0,0.62303466
1215.0,1215.0,0.24208878
1216.0,1216.0,0.57142925
1217.0,1217.0,0.5557067
1218.0,1218.0,0.15679525
1219.0,1219.0,0.2459524
1220.0,1220.0,0.32574758
1221.0,1221.0,0.3107289
1222.0,1222.0,0.5629442
1223.0,1223.0,0.09392259
1224.0,1224.0,0.14185442
1225.0,1225.0,0.58384174
1226.0,1226.0,0.39761052
1227.0,1227.0,0.5449415
1228.0,1228.0,0.38785535
1229.0,1229.0,0.5297518
1230.0,1230.0,0.72026634
1231.0,1231.0,0.20171314
1232.0,1232.0,0.191711
1233.0,1233.0,0.55254114
1234.0,1234.0,0.5529095
1235.0,1235.0,0.20810203
1236.0,1236.0,0.5445282
1237.0,1237.0,0.60288227
1238.0,1238.0,0.5449415
1239.0,1239.0,0.48325706
1240.0,1240.0,0.16657504
1241.0,1241.0,0.47182396
1242.0,1242.0,0.17910989
1243.0,1243.0,0.45353314
1244.0,1244.0,0.46926603
1245.0,1245.0,0.5066498
1246.0,1246.0,0.33815604
1247.0,1247.0,0.3196488
1248.0,1248.0,0.31932363
1249.0,1249.0,0.50016814
1250.0,1250.0,0.6720445
1251.0,1251.0,0.5599557
1252.0,1252.0,0.6365333
1253.0,1253.0,0.54588103
1254.0,1254.0,0.4364044
1255.0,1255.0,0.530848
1256.0,1256.0,0.3673865
1257.0,1257.0,0.34002948
1258.0,1258.0,0.4059035
1259.0,1259.0,0.4827776
1260.0,1260.0,0.5221975
1261.0,1261.0,0.48174262
1262.0,1262.0,0.37760192
1263.0,1263.0,0.3612615
1264.0,1264.0,0.40759224
1265.0,1265.0,0.099185884
1266.0,1266.0,0.498747
1267.0,1267.0,0.6212832
1268.0,1268.0,0.21954928
1269.0,1269.0,0.45418456
1270.0,1270.0,0.5120308
1271.0,1271.0,0.534136
1272.0,1272.0,0.086715356
1273.0,1273.0,0.61627614
1274.0,1274.0,0.73124605
1275.0,1275.0,0.52556413
1276.0,1276.0,0.12464942
1277.0,1277.0,0.607586
1278.0,1278.0,0.29867327
1279.0,1279.0,0.5561049
1280.0,1280.0,0.61993283
1281.0,1281.0,0.62946934
1282.0,1282.0,0.58524996
1283.0,1283.0,0.26630494
1284.0,1284.0,0.5214951
1285.0,1285.0,0.557779
1286.0,1286.0,0.8369132
1287.0,1287.0,0.35659835
1288.0,1288.0,0.5464555
1289.0,1289.0,0.5415656
1290.0,1290.0,0.51080406
1291.0,1291.0,0.2229451
1292.0,1292.0,0.44367093
1293.0,1293.0,0.51640743
1294.0,1294.0,0.5449466
1295.0,1295.0,0.6684513
1296.0,1296.0,0.09336276
1297.0,1297.0,0.16304688
1298.0,1298.0,0.6017556
1299.0,1299.0,0.36295572
1300.0,1300.0,0.5194668
1301.0,1301.0,0.5854791
1302.0,1302.0,0.35013
1303.0,1303.0,0.54603326
1304.0,1304.0,0.5742539
1305.0,1305.0,0.34106115
1306.0,1306.0,0.19732314
1307.0,1307.0,0.5649697
1308.0,1308.0,0.23093909
1309.0,1309.0,0.84558386
1310.0,1310.0,0.12268381
1311.0,1311.0,0.16612075
1312.0,1312.0,0.5458491
1313.0,1313.0,0.16378418
1314.0,1314.0,0.5445282
1315.0,1315.0,0.2331783
1316.0,1316.0,0.5206499
1317.0,1317.0,0.6830733
1318.0,1318.0,0.52981335
1319.0,1319.0,0.40159756
1320.0,1320.0,0.56272763
1321.0,1321.0,0.26368812
1322.0,1322.0,0.35256252
1323.0,1323.0,0.5367316
1324.0,1324.0,0.66614157
1325.0,1325.0,0.2703422
1326.0,1326.0,0.28189787
1327.0,1327.0,0.3710896
1328.0,1328.0,0.53929555
1329.0,1329.0,0.24655916
1330.0,1330.0,0.7190877
1331.0,1331.0,0.42528236
1332.0,1332.0,0.3785687
1333.0,1333.0,0.5449415
1334.0,1334.0,0.5204533
1335.0,1335.0,0.534136
1336.0,1336.0,0.50317574
1337.0,1337.0,0.53357494
1338.0,1338.0,0.5330648
1339.0,1339.0,0.44450274
1340.0,1340.0,0.55431163
1341.0,1341.0,0.29370725
1342.0,1342.0,0.5350808
1343.0,1343.0,0.55218047
1344.0,1344.0,0.6366116
1345.0,1345.0,0.21797918
1346.0,1346.0,0.51342237
1347.0,1347.0,0.54162824
1348.0,1348.0,0.48852152
1349.0,1349.0,0.49871725
1350.0,1350.0,0.48309615
1351.0,1351.0,0.27155906
1352.0,1352.0,0.5984745
1353.0,1353.0,0.53414035
1354.0,1354.0,0.13866083
1355.0,1355.0,0.20742835
1356.0,1356.0,0.51206523
1357.0,1357.0,0.5624651
1358.0,1358.0,0.5017372
1359.0,1359.0,0.54771453
1360.0,1360.0,0.52442455
1361.0,1361.0,0.3456135
1362.0,1362.0,0.5294773
1363.0,1363.0,0.5350808
1364.0,1364.0,0.3518828
1365.0,1365.0,0.56302357
1366.0,1366.0,0.14774002
1367.0,1367.0,0.1831687
1368.0,1368.0,0.64231086
1369.0,1369.0,0.6946875
1370.0,1370.0,0.7206395
1371.0,1371.0,0.57267386
1372.0,1372.0,0.47279856
1373.0,1373.0,0.53749114
1374.0,1374.0,0.43928346
1375.0,1375.0,0.44266394
1376.0,1376.0,0.5206484
1377.0,1377.0,0.49911255
1378.0,1378.0,0.67061794
1379.0,1379.0,0.41818407
1380.0,1380.0,0.4196584
1381.0,1381.0,0.50755566
1382.0,1382.0,0.45593053
1383.0,1383.0,0.14967099
1384.0,1384.0,0.39541087
1385.0,1385.0,0.8549586
1386.0,1386.0,0.50880206
1387.0,1387.0,0.52442455
1388.0,1388.0,0.34985703
1389.0,1389.0,0.522706
1390.0,1390.0,0.76322985
1391.0,1391.0,0.44930604
1392.0,1392.0,0.33437073
1393.0,1393.0,0.51755583
1394.0,1394.0,0.44041398
1395.0,1395.0,0.8262295
1396.0,1396.0,0.38705468
1397.0,1397.0,0.5005488
1398.0,1398.0,0.69439554
1399.0,1399.0,0.5780601
1400.0,1400.0,0.48328665
1401.0,1401.0,0.49782574
1402.0,1402.0,0.16987935
1403.0,1403.0,0.53786963
1404.0,1404.0,0.54745275
1405.0,1405.0,0.55189055
1406.0,1406.0,0.17756258
1407.0,1407.0,0.57337207
1408.0,1408.0,0.41104987
1409.0,1409.0,0.41873977
1410.0,1410.0,0.60391814
1411.0,1411.0,0.52442455
1412.0,1412.0,0.66890657
1413.0,1413.0,0.37977245
1414.0,1414.0,0.25381064
1415.0,1415.0,0.18159935
1416.0,1416.0,0.534136
1417.0,1417.0,0.17152548
1418.0,1418.0,0.3886052
1419.0,1419.0,0.67432094
1420.0,1420.0,0.2931693
1421.0,1421.0,0.4706546
1422.0,1422.0,0.5408937
1423.0,1423.0,0.23701957
1424.0,1424.0,0.3881085
1425.0,1425.0,0.5323359
1426.0,1426.0,0.27083656
1427.0,1427.0,0.16574205
1428.0,1428.0,0.3745173
1429.0,1429.0,0.27549535
1430.0,1430.0,0.3890742
1431.0,1431.0,0.18614757
1432.0,1432.0,0.28175744
1433.0,1433.0,0.20372143
1434.0,1434.0,0.467224
1435.0,1435.0,0.20143309
1436.0,1436.0,0.22356239
1437.0,1437.0,0.5383806
1438.0,1438.0,0.32013816
1439.0,1439.0,0.63800496
1440.0,1440.0,0.2680314
1441.0,1441.0,0.39440194
1442.0,1442.0,0.58641195
1443.0,1443.0,0.50475717
1444.0,1444.0,0.5931037
1445.0,1445.0,0.5268233
1446.0,1446.0,0.49642622
1447.0,1447.0,0.31888157
1448.0,1448.0,0.54579943
1449.0,1449.0,0.27270892
1450.0,1450.0,0.52452433
1451.0,1451.0,0.366728
1452.0,1452.0,0.60352516
1453.0,1453.0,0.34126484
1454.0,1454.0,0.534136
1455.0,1455.0,0.22534308
1456.0,1456.0,0.6770727
1457.0,1457.0,0.6034343
1458.0,1458.0,0.44701722
1459.0,1459.0,0.63906777
1460.0,1460.0,0.20363519
1461.0,1461.0,0.43472624
1462.0,1462.0,0.56316835
1463.0,1463.0,0.5460491
1464.0,1464.0,0.62382966
1465.0,1465.0,0.27182248
1466.0,1466.0,0.52528703
1467.0,1467.0,0.53048927
1468.0,1468.0,0.26285374
1469.0,1469.0,0.2522478
1470.0,1470.0,0.25044557
1471.0,1471.0,0.5701596
1472.0,1472.0,0.2615125
1473.0,1473.0,0.21157855
1474.0,1474.0,0.6019777
1475.0,1475.0,0.46655473
1476.0,1476.0,0.24171542
1477.0,1477.0,0.52947915
1478.0,1478.0,0.55976677
1479.0,1479.0,0.18398672
1480.0,1480.0,0.8464389
1481.0,1481.0,0.99255747
1482.0,1482.0,0.58838814
1483.0,1483.0,0.4509864
1484.0,1484.0,0.6515776
1485.0,1485.0,0.09965382
1486.0,1486.0,0.43544823
1487.0,1487.0,0.5404761
1488.0,1488.0,0.5190972
1489.0,1489.0,0.5477612
1490.0,1490.0,0.52813375
1491.0,1491.0,0.19712201
1492.0,1492.0,0.41154772
1493.0,1493.0,0.60014653
1494.0,1494.0,0.3867225
1495.0,1495.0,0.2411611
1496.0,1496.0,0.5866403
1497.0,1497.0,0.51954275
1498.0,1498.0,0.33280995
1499.0,1499.0,0.44992962
1500.0,1500.0,0.52437216
1501.0,1501.0,0.46288967
1502.0,1502.0,0.52181965
1503.0,1503.0,0.403012
1504.0,1504.0,0.5241013
1505.0,1505.0,0.60219884
1506.0,1506.0,0.1819022
1507.0,1507.0,0.60105675
1508.0,1508.0,0.41564566
1509.0,1509.0,0.2935254
1510.0,1510.0,0.54552263
1511.0,1511.0,0.4825915
1512.0,1512.0,0.5337964
1513.0,1513.0,0.20928834
1514.0,1514.0,0.70249707
1515.0,1515.0,0.56698066
1516.0,1516.0,0.6049574
1517.0,1517.0,0.68420017
1518.0,1518.0,0.20289814
1519.0,1519.0,0.30804226
1520.0,1520.0,0.6547828
1521.0,1521.0,0.49782574
1522.0,1522.0,0.6096533
1523.0,1523.0,0.5571939
1524.0,1524.0,0.534136
1525.0,1525.0,0.6425262
1526.0,1526.0,0.17812902
1527.0,1527.0,0.54149467
1528.0,1528.0,0.13849252
1529.0,1529.0,0.58868307
1530.0,1530.0,0.5427305
1531.0,1531.0,0.4983448
1532.0,1532.0,0.58806074
1533.0,1533.0,0.18401723
1534.0,1534.0,0.45106667
1535.0,1535.0,0.85152256
1536.0,1536.0,0.49690527
1537.0,1537.0,0.3370383
1538.0,1538.0,0.5991992
1539.0,1539.0,0.54474413
1540.0,1540.0,0.56481034
1541.0,1541.0,0.83691317
1542.0,1542.0,0.16881242
1543.0,1543.0,0.39063275
1544.0,1544.0,0.812592
1545.0,1545.0,0.24880964
1546.0,1546.0,0.44555432
1547.0,1547.0,0.56905204
1548.0,1548.0,0.64463127
1549.0,1549.0,0.30300876
1550.0,1550.0,0.6264153
1551.0,1551.0,0.66949946
1552.0,1552.0,0.53298116
1553.0,1553.0,0.47869545
1554.0,1554.0,0.41104987
1555.0,1555.0,0.15038867
1556.0,1556.0,0.22698078
1557.0,1557.0,0.51983035
1558.0,1558.0,0.5297518
1559.0,1559.0,0.43260476
1560.0,1560.0,0.6016466
1561.0,1561.0,0.45486897
1562.0,1562.0,0.50761884
1563.0,1563.0,0.47682256
1564.0,1564.0,0.105830036
1565.0,1565.0,0.44174328
1566.0,1566.0,0.57295763
1567.0,1567.0,0.5016144
1568.0,1568.0,0.4238595
1569.0,1569.0,0.3001919
1570.0,1570.0,0.4750471
1571.0,1571.0,0.4462532
1572.0,1572.0,0.19117293
1573.0,1573.0,0.6883441
1574.0,1574.0,0.3712103
1575.0,1575.0,0.58089787
1576.0,1576.0,0.5563486
1577.0,1577.0,0.473795
1578.0,1578.0,0.19574709
1579.0,1579.0,0.08512077
1580.0,1580.0,0.10420842
1581.0,1581.0,0.8540339
1582.0,1582.0,0.47847977
1583.0,1583.0,0.39112884
1584.0,1584.0,0.6168336
1585.0,1585.0,0.630216
1586.0,1586.0,0.84126365
1587.0,1587.0,0.29183117
1588.0,1588.0,0.49534038
1589.0,1589.0,0.5511258
1590.0,1590.0,0.14631417
1591.0,1591.0,0.6460174
1592.0,1592.0,0.15381308
1593.0,1593.0,0.4377582
1594.0,1594.0,0.12289011
1595.0,1595.0,0.24129975
1596.0,1596.0,0.5305537
1597.0,1597.0,0.5037045
1598.0,1598.0,0.33103597
1599.0,1599.0,0.42253458
1600.0,1600.0,0.6311959
1601.0,1601.0,0.5297518
1602.0,1602.0,0.14916791
1603.0,1603.0,0.70040965
1604.0,1604.0,0.43821892
1605.0,1605.0,0.48063752
1606.0,1606.0,0.49171904
1607.0,1607.0,0.44429347
1608.0,1608.0,0.4706596
1609.0,1609.0,0.6009249
1610.0,1610.0,0.6363116
1611.0,1611.0,0.47208622
1612.0,1612.0,0.57412314
1613.0,1613.0,0.51245844
1614.0,1614.0,0.66295004
1615.0,1615.0,0.2738609
1616.0,1616.0,0.51131254
1617.0,1617.0,0.25413853
1618.0,1618.0,0.59993726
1619.0,1619.0,0.6315938
1620.0,1620.0,0.53357494
1621.0,1621.0,0.50086904
1622.0,1622.0,0.81134886
1623.0,1623.0,0.4696129
1624.0,1624.0,0.51452553
1625.0,1625.0,0.27373487
1626.0,1626.0,0.613917
1627.0,1627.0,0.47923532
1628.0,1628.0,0.34493092
1629.0,1629.0,0.62172633
1630.0,1630.0,0.56932396
1631.0,1631.0,0.8124021
1632.0,1632.0,0.36486968
1633.0,1633.0,0.534136
1634.0,1634.0,0.5742216
1635.0,1635.0,0.32569948
1636.0,1636.0,0.6053161
1637.0,1637.0,0.12741323
1638.0,1638.0,0.44944978
1639.0,1639.0,0.5458491
1640.0,1640.0,0.28433257
1641.0,1641.0,0.75274086
1642.0,1642.0,0.56274414
1643.0,1643.0,0.5298084
1644.0,1644.0,0.49291977
1645.0,1645.0,0.25719073
1646.0,1646.0,0.30357325
1647.0,1647.0,0.11827574
1648.0,1648.0,0.6057354
1649.0,1649.0,0.46873885
1650.0,1650.0,0.47422192
1651.0,1651.0,0.557779
1652.0,1652.0,0.52507967
1653.0,1653.0,0.42446893
1654.0,1654.0,0.36017
1655.0,1655.0,0.52788544
1656.0,1656.0,0.53343016
1657.0,1657.0,0.16446483
1658.0,1658.0,0.37347847
1659.0,1659.0,0.6194729
1660.0,1660.0,0.55862534
1661.0,1661.0,0.39427507
1662.0,1662.0,0.28645515
1663.0,1663.0,0.60815084
1664.0,1664.0,0.41617155
1665.0,1665.0,0.12146661
1666.0,1666.0,0.14336303
1667.0,1667.0,0.5247147
1668.0,1668.0,0.6190351
1669.0,1669.0,0.51523256
1670.0,1670.0,0.5427305
1671.0,1671.0,0.51551366
1672.0,1672.0,0.5449415
1673.0,1673.0,0.4036609
1674.0,1674.0,0.3871017
1675.0,1675.0,0.46511018
1676.0,1676.0,0.42035258
1677.0,1677.0,0.19863531
1678.0,1678.0,0.6152003
1679.0,1679.0,0.15895455
1680.0,1680.0,0.3146199
1681.0,1681.0,0.5489193
1682.0,1682.0,0.108732015
1683.0,1683.0,0.11426964
1684.0,1684.0,0.30775908
1685.0,1685.0,0.4273769
1686.0,1686.0,0.61551636
1687.0,1687.0,0.26504362
1688.0,1688.0,0.5518115
1689.0,1689.0,0.50852954
1690.0,1690.0,0.99316573
1691.0,1691.0,0.45558512
1692.0,1692.0,0.39315742
1693.0,1693.0,0.18807909
1694.0,1694.0,0.48168674
1695.0,1695.0,0.46401507
1696.0,1696.0,0.6812736
1697.0,1697.0,0.31726575
1698.0,1698.0,0.3667031
1699.0,1699.0,0.49782574
1700.0,1700.0,0.7434246
1701.0,1701.0,0.34614107
1702.0,1702.0,0.4409167
1703.0,1703.0,0.58622944
1704.0,1704.0,0.5077346
1705.0,1705.0,0.48828733
1706.0,1706.0,0.1654964
1707.0,1707.0,0.83691317
1708.0,1708.0,0.3228037
1709.0,1709.0,0.49934733
1710.0,1710.0,0.49692687
1711.0,1711.0,0.1254731
1712.0,1712.0,0.5777774
1713.0,1713.0,0.652616
1714.0,1714.0,0.6520689
1715.0,1715.0,0.49344304
1716.0,1716.0,0.86470675
1717.0,1717.0,0.4637382
1718.0,1718.0,0.11553181
1719.0,1719.0,0.33056727
1720.0,1720.0,0.5363911
1721.0,1721.0,0.55204403
1722.0,1722.0,0.31521514
1723.0,1723.0,0.8438671
1724.0,1724.0,0.5387515
1725.0,1725.0,0.27753684
1726.0,1726.0,0.3755128
1727.0,1727.0,0.63341933
1728.0,1728.0,0.5027741
1729.0,1729.0,0.5205634
1730.0,1730.0,0.41878915
1731.0,1731.0,0.29032892
1732.0,1732.0,0.5678069
1733.0,1733.0,0.5509058
1734.0,1734.0,0.15979704
1735.0,1735.0,0.40869123
1736.0,1736.0,0.5928641
1737.0,1737.0,0.84300536
1738.0,1738.0,0.56597304
1739.0,1739.0,0.20775558
1740.0,1740.0,0.5095106
1741.0,1741.0,0.38221622
1742.0,1742.0,0.5297518
1743.0,1743.0,0.50599307
1744.0,1744.0,0.52920294
1745.0,1745.0,0.42526543
1746.0,1746.0,0.45281732
1747.0,1747.0,0.14629558
1748.0,1748.0,0.16329573
1749.0,1749.0,0.48683143
1750.0,1750.0,0.57131773
1751.0,1751.0,0.58878636
1752.0,1752.0,0.4761064
1753.0,1753.0,0.5159238
1754.0,1754.0,0.5226137
1755.0,1755.0,0.5374434
1756.0,1756.0,0.5443519
1757.0,1757.0,0.14818306
1758.0,1758.0,0.5020114
1759.0,1759.0,0.1925324
1760.0,1760.0,0.5572218
1761.0,1761.0,0.08018196
1762.0,1762.0,0.6557344
1763.0,1763.0,0.19929306
1764.0,1764.0,0.14713845
1765.0,1765.0,0.3704467
1766.0,1766.0,0.26894245
1767.0,1767.0,0.3489206
1768.0,1768.0,0.39928347
1769.0,1769.0,0.25764185
1770.0,1770.0,0.60224617
1771.0,1771.0,0.51551366
1772.0,1772.0,0.8143296
1773.0,1773.0,0.5268233
1774.0,1774.0,0.257975
1775.0,1775.0,0.5867731
1776.0,1776.0,0.22617097
1777.0,1777.0,0.44551635
