x,y,species avg
1.0,1.0,0.38057736
2.0,2.0,0.40811822
3.0,3.0,0.6692893
4.0,4.0,0.8145624
5.0,5.0,0.013884547
6.0,6.0,0.03312224
7.0,7.0,0.0089433035
8.0,8.0,0.5413369
9.0,9.0,0.03412456
10.0,10.0,0.041277
11.0,11.0,0.74034953
12.0,12.0,0.14162701
13.0,13.0,0.033101007
14.0,14.0,0.059157833
15.0,15.0,0.013098594
16.0,16.0,0.72506183
17.0,17.0,0.64810556
18.0,18.0,0.0074040084
19.0,19.0,0.3606095
20.0,20.0,0.11442424
21.0,21.0,0.78609055
22.0,22.0,0.8041681
23.0,23.0,0.16328421
24.0,24.0,0.5263533
25.0,25.0,0.5079747
26.0,26.0,0.003801116
27.0,27.0,0.03810358
28.0,28.0,0.45416266
29.0,29.0,0.0052597634
30.0,30.0,0.71476704
31.0,31.0,0.006257026
32.0,32.0,0.02966584
33.0,33.0,0.23235846
34.0,34.0,0.2470536
35.0,35.0,0.84414184
36.0,36.0,0.7240293
37.0,37.0,0.6443641
38.0,38.0,0.7401766
39.0,39.0,0.034669284
40.0,40.0,0.17276104
41.0,41.0,0.7873659
42.0,42.0,0.05652147
43.0,43.0,0.8202578
44.0,44.0,0.78805834
45.0,45.0,0.005106831
46.0,46.0,0.62953115
47.0,47.0,0.4644882
48.0,48.0,0.6766835
49.0,49.0,0.61055386
50.0,50.0,0.004966638
51.0,51.0,0.6638913
52.0,52.0,0.69413865
53.0,53.0,0.0026226095
54.0,54.0,0.006951961
55.0,55.0,0.003943191
56.0,56.0,0.16478577
57.0,57.0,0.004313238
58.0,58.0,0.6236435
59.0,59.0,0.168262
60.0,60.0,0.15583482
61.0,61.0,0.082881264
62.0,62.0,0.5162051
63.0,63.0,0.57499844
64.0,64.0,0.3867636
65.0,65.0,0.12709117
66.0,66.0,0.010347494
67.0,67.0,0.00846606
68.0,68.0,0.64760476
69.0,69.0,0.8763226
70.0,70.0,0.04391143
71.0,71.0,0.05660755
72.0,72.0,0.012789
73.0,73.0,0.0391241
74.0,74.0,0.00813642
75.0,75.0,0.109211884
76.0,76.0,0.6995058
77.0,77.0,0.08793576
78.0,78.0,0.15451907
79.0,79.0,0.13513435
80.0,80.0,0.0031559458
81.0,81.0,0.003577786
82.0,82.0,0.015326769
83.0,83.0,0.016240573
84.0,84.0,0.03358965
85.0,85.0,0.219011
86.0,86.0,0.624512
87.0,87.0,0.006740738
88.0,88.0,0.30601907
89.0,89.0,0.84335166
90.0,90.0,0.04519494
91.0,91.0,0.6664594
92.0,92.0,0.5399371
93.0,93.0,0.5379762
94.0,94.0,0.4014719
95.0,95.0,0.8879857
96.0,96.0,0.024379676
97.0,97.0,0.53236914
98.0,98.0,0.5671165
99.0,99.0,0.0038933097
100.0,100.0,0.030594291
101.0,101.0,0.05995021
102.0,102.0,0.8331384
103.0,103.0,0.46170443
104.0,104.0,0.10974483
105.0,105.0,0.76866823
106.0,106.0,0.0625523
107.0,107.0,0.7761229
108.0,108.0,0.3015759
109.0,109.0,0.05723902
110.0,110.0,0.6965738
111.0,111.0,0.067530595
112.0,112.0,0.0051682116
113.0,113.0,0.004462662
114.0,114.0,0.77172655
115.0,115.0,0.8495776
116.0,116.0,0.025245639
117.0,117.0,0.8090573
118.0,118.0,0.7727977
119.0,119.0,0.3240996
120.0,120.0,0.8028035
121.0,121.0,0.6653002
122.0,122.0,0.45849317
123.0,123.0,0.73057395
124.0,124.0,0.8212926
125.0,125.0,0.56096363
126.0,126.0,0.40266603
127.0,127.0,0.516992
128.0,128.0,0.021376695
129.0,129.0,0.860831
130.0,130.0,0.008553588
131.0,131.0,0.61454034
132.0,132.0,0.19967902
133.0,133.0,0.6339178
134.0,134.0,0.7730643
135.0,135.0,0.6234893
136.0,136.0,0.32030967
137.0,137.0,0.020236144
138.0,138.0,0.6210887
139.0,139.0,0.2866122
140.0,140.0,0.0071582887
141.0,141.0,0.021855813
142.0,142.0,0.79985005
143.0,143.0,0.6834909
144.0,144.0,0.04925367
145.0,145.0,0.30051416
146.0,146.0,0.54238766
147.0,147.0,0.79424644
148.0,148.0,0.51362646
149.0,149.0,0.71257216
150.0,150.0,0.39704305
151.0,151.0,0.5510193
152.0,152.0,0.043703042
153.0,153.0,0.29609323
154.0,154.0,0.13490736
155.0,155.0,0.16328949
156.0,156.0,0.013163207
157.0,157.0,0.03443576
158.0,158.0,0.032126818
159.0,159.0,0.7840042
160.0,160.0,0.3649917
161.0,161.0,0.29326618
162.0,162.0,0.20900412
163.0,163.0,0.09015852
164.0,164.0,0.27793562
165.0,165.0,0.0068693403
166.0,166.0,0.29569477
167.0,167.0,0.76831216
168.0,168.0,0.05317312
169.0,169.0,0.37021843
170.0,170.0,0.7887769
171.0,171.0,0.47278893
172.0,172.0,0.09980665
173.0,173.0,0.024751648
174.0,174.0,0.14031634
175.0,175.0,0.04532641
176.0,176.0,0.030372862
177.0,177.0,0.8089529
178.0,178.0,0.0034237124
179.0,179.0,0.23847112
180.0,180.0,0.31136414
181.0,181.0,0.6275736
182.0,182.0,0.13065915
183.0,183.0,0.82886213
184.0,184.0,0.44328514
185.0,185.0,0.6601556
186.0,186.0,0.25012538
187.0,187.0,0.6825847
188.0,188.0,0.06311626
189.0,189.0,0.0041016955
190.0,190.0,0.500187
191.0,191.0,0.016906982
192.0,192.0,0.005141957
193.0,193.0,0.8490769
194.0,194.0,0.10086262
195.0,195.0,0.030017417
196.0,196.0,0.64347786
197.0,197.0,0.6113283
198.0,198.0,0.04342164
199.0,199.0,0.08846743
200.0,200.0,0.6978926
201.0,201.0,0.12098893
202.0,202.0,0.80200857
203.0,203.0,0.033368476
204.0,204.0,0.033505805
205.0,205.0,0.15437599
206.0,206.0,0.73788637
207.0,207.0,0.7115134
208.0,208.0,0.6360289
209.0,209.0,0.024300896
210.0,210.0,0.4834046
211.0,211.0,0.6916872
212.0,212.0,0.11193781
213.0,213.0,0.004391677
214.0,214.0,0.03417805
215.0,215.0,0.6707151
216.0,216.0,0.8450418
217.0,217.0,0.08635128
218.0,218.0,0.0072120894
219.0,219.0,0.03316602
220.0,220.0,0.09817867
221.0,221.0,0.18696658
222.0,222.0,0.6414619
223.0,223.0,0.36202514
224.0,224.0,0.368845
225.0,225.0,0.008489857
226.0,226.0,0.68414927
227.0,227.0,0.536715
228.0,228.0,0.6941995
229.0,229.0,0.770058
230.0,230.0,0.007121049
231.0,231.0,0.1539406
232.0,232.0,0.63079154
233.0,233.0,0.005339613
234.0,234.0,0.46664846
235.0,235.0,0.08063574
236.0,236.0,0.8564093
237.0,237.0,0.09886247
238.0,238.0,0.19710001
239.0,239.0,0.8128986
240.0,240.0,0.70144475
241.0,241.0,0.034650434
242.0,242.0,0.019570481
243.0,243.0,0.24320757
244.0,244.0,0.036766477
245.0,245.0,0.29750332
246.0,246.0,0.059987146
247.0,247.0,0.08416286
248.0,248.0,0.092684776
249.0,249.0,0.21836993
250.0,250.0,0.6347566
251.0,251.0,0.0069155623
252.0,252.0,0.13437368
253.0,253.0,0.7031292
254.0,254.0,0.80856824
255.0,255.0,0.84104985
256.0,256.0,0.87988466
257.0,257.0,0.033395343
258.0,258.0,0.84857583
259.0,259.0,0.22148924
260.0,260.0,0.22182482
261.0,261.0,0.6221911
262.0,262.0,0.77028596
263.0,263.0,0.49969363
264.0,264.0,0.056487724
265.0,265.0,0.49744692
266.0,266.0,0.12389526
267.0,267.0,0.56574607
268.0,268.0,0.7220923
269.0,269.0,0.5103519
270.0,270.0,0.04820706
271.0,271.0,0.6815994
272.0,272.0,0.06548142
273.0,273.0,0.029359674
274.0,274.0,0.72107285
275.0,275.0,0.040181745
276.0,276.0,0.77685827
277.0,277.0,0.7915533
278.0,278.0,0.0036984165
279.0,279.0,0.034140192
280.0,280.0,0.7902163
281.0,281.0,0.6199345
282.0,282.0,0.052208927
283.0,283.0,0.7757093
284.0,284.0,0.0059922226
285.0,285.0,0.30366254
286.0,286.0,0.4967625
287.0,287.0,0.18321769
288.0,288.0,0.006830752
289.0,289.0,0.039913073
290.0,290.0,0.60524786
291.0,291.0,0.69088244
292.0,292.0,0.23805954
293.0,293.0,0.061738767
294.0,294.0,0.8843833
295.0,295.0,0.31522703
296.0,296.0,0.19365896
297.0,297.0,0.15725887
298.0,298.0,0.58820075
299.0,299.0,0.114528015
300.0,300.0,0.0039782287
301.0,301.0,0.20506695
302.0,302.0,0.6132412
303.0,303.0,0.16177425
304.0,304.0,0.72885054
305.0,305.0,0.023922231
306.0,306.0,0.026188992
307.0,307.0,0.09305968
308.0,308.0,0.55543596
309.0,309.0,0.28986886
310.0,310.0,0.02001805
311.0,311.0,0.06295012
312.0,312.0,0.021030126
313.0,313.0,0.79370743
314.0,314.0,0.32969955
315.0,315.0,0.006937605
316.0,316.0,0.7023311
317.0,317.0,0.67653626
318.0,318.0,0.0068038693
319.0,319.0,0.05623487
320.0,320.0,0.040930137
321.0,321.0,0.3868178
322.0,322.0,0.83483034
323.0,323.0,0.08775356
324.0,324.0,0.6402453
325.0,325.0,0.11899647
326.0,326.0,0.04199301
327.0,327.0,0.8272509
328.0,328.0,0.03390219
329.0,329.0,0.67090124
330.0,330.0,0.25229818
331.0,331.0,0.019804146
332.0,332.0,0.09288251
333.0,333.0,0.53116775
334.0,334.0,0.20991758
335.0,335.0,0.06420661
336.0,336.0,0.022757512
337.0,337.0,0.061710045
338.0,338.0,0.07109436
339.0,339.0,0.03710017
340.0,340.0,0.17213172
341.0,341.0,0.3549055
342.0,342.0,0.74821496
343.0,343.0,0.4699752
344.0,344.0,0.58705264
345.0,345.0,0.008339391
346.0,346.0,0.6821692
347.0,347.0,0.033703804
348.0,348.0,0.038088284
349.0,349.0,0.7288215
350.0,350.0,0.04685358
351.0,351.0,0.3725794
352.0,352.0,0.016775448
353.0,353.0,0.029926179
354.0,354.0,0.14285251
355.0,355.0,0.10090847
356.0,356.0,0.05428834
357.0,357.0,0.62966704
358.0,358.0,0.02497029
359.0,359.0,0.64157677
360.0,360.0,0.7933424
361.0,361.0,0.19009705
362.0,362.0,0.566208
363.0,363.0,0.41867852
364.0,364.0,0.08553853
365.0,365.0,0.007277447
366.0,366.0,0.8163566
367.0,367.0,0.016651712
368.0,368.0,0.40791702
369.0,369.0,0.156923
370.0,370.0,0.004353372
371.0,371.0,0.7172959
372.0,372.0,0.045128465
373.0,373.0,0.20186642
374.0,374.0,0.090962596
375.0,375.0,0.045530863
376.0,376.0,0.7731031
377.0,377.0,0.61026067
378.0,378.0,0.12037591
379.0,379.0,0.45673168
380.0,380.0,0.17951204
381.0,381.0,0.0041539622
382.0,382.0,0.030193387
383.0,383.0,0.033316158
384.0,384.0,0.32647714
385.0,385.0,0.4233619
386.0,386.0,0.77946216
387.0,387.0,0.06514148
388.0,388.0,0.06433024
389.0,389.0,0.800805
390.0,390.0,0.22691786
391.0,391.0,0.015147642
392.0,392.0,0.0075344658
393.0,393.0,0.17662083
394.0,394.0,0.61417025
395.0,395.0,0.16033411
396.0,396.0,0.018850897
397.0,397.0,0.21843222
398.0,398.0,0.57196087
399.0,399.0,0.58709383
400.0,400.0,0.069720104
401.0,401.0,0.83721185
402.0,402.0,0.31554738
403.0,403.0,0.0041328594
404.0,404.0,0.04229123
405.0,405.0,0.8189484
406.0,406.0,0.90446717
407.0,407.0,0.68038994
408.0,408.0,0.32856292
409.0,409.0,0.47156274
410.0,410.0,0.11755544
411.0,411.0,0.6999498
412.0,412.0,0.15247062
413.0,413.0,0.6298446
414.0,414.0,0.51385206
415.0,415.0,0.8403001
416.0,416.0,0.26497248
417.0,417.0,0.038513295
418.0,418.0,0.0035066332
419.0,419.0,0.7765903
420.0,420.0,0.83580554
421.0,421.0,0.2635623
422.0,422.0,0.16019718
423.0,423.0,0.014988896
424.0,424.0,0.37676862
425.0,425.0,0.59482116
426.0,426.0,0.0059030773
427.0,427.0,0.4846484
428.0,428.0,0.5736793
429.0,429.0,0.037728213
430.0,430.0,0.22401139
431.0,431.0,0.31488922
432.0,432.0,0.0047256667
433.0,433.0,0.08254611
434.0,434.0,0.58716774
435.0,435.0,0.010202273
436.0,436.0,0.010838217
437.0,437.0,0.5550073
438.0,438.0,0.0047793644
439.0,439.0,0.59560686
440.0,440.0,0.02861051
441.0,441.0,0.034801964
442.0,442.0,0.43374997
443.0,443.0,0.49692327
444.0,444.0,0.6910824
445.0,445.0,0.5786396
446.0,446.0,0.28675252
447.0,447.0,0.6746492
448.0,448.0,0.05360757
449.0,449.0,0.102782585
450.0,450.0,0.28974473
451.0,451.0,0.59860563
452.0,452.0,0.26352793
453.0,453.0,0.009466404
454.0,454.0,0.16487807
455.0,455.0,0.007478692
456.0,456.0,0.51525474
457.0,457.0,0.52071196
458.0,458.0,0.22916546
459.0,459.0,0.30160546
460.0,460.0,0.68836534
461.0,461.0,0.23325896
462.0,462.0,0.88665205
463.0,463.0,0.060634106
464.0,464.0,0.49144113
465.0,465.0,0.03316502
466.0,466.0,0.0055551035
467.0,467.0,0.15642035
468.0,468.0,0.06227826
469.0,469.0,0.567821
470.0,470.0,0.22438174
471.0,471.0,0.22924204
472.0,472.0,0.012183473
473.0,473.0,0.0069313254
474.0,474.0,0.91141385
475.0,475.0,0.5752797
476.0,476.0,0.5314903
477.0,477.0,0.27205488
478.0,478.0,0.017727256
479.0,479.0,0.6140014
480.0,480.0,0.035356544
481.0,481.0,0.038658645
482.0,482.0,0.053080752
483.0,483.0,0.019073095
484.0,484.0,0.094421
485.0,485.0,0.07730714
486.0,486.0,0.6451626
487.0,487.0,0.1270188
488.0,488.0,0.13935547
489.0,489.0,0.51996636
490.0,490.0,0.09593552
491.0,491.0,0.08233197
492.0,492.0,0.70783126
493.0,493.0,0.008643899
494.0,494.0,0.007091497
495.0,495.0,0.117954746
496.0,496.0,0.087883286
497.0,497.0,0.074788034
498.0,498.0,0.036806
499.0,499.0,0.06057784
500.0,500.0,0.74629575
501.0,501.0,0.37909433
502.0,502.0,0.03969308
503.0,503.0,0.30558702
504.0,504.0,0.1678143
505.0,505.0,0.46149197
506.0,506.0,0.3175324
507.0,507.0,0.5832212
508.0,508.0,0.02593067
509.0,509.0,0.45790815
510.0,510.0,0.50963914
511.0,511.0,0.69507134
512.0,512.0,0.65849143
513.0,513.0,0.16576609
514.0,514.0,0.01931881
515.0,515.0,0.1465053
516.0,516.0,0.40074265
517.0,517.0,0.5584556
518.0,518.0,0.04077956
519.0,519.0,0.024569977
520.0,520.0,0.016959114
521.0,521.0,0.020414205
522.0,522.0,0.113210894
523.0,523.0,0.57326645
524.0,524.0,0.6859899
525.0,525.0,0.7456684
526.0,526.0,0.0067445673
527.0,527.0,0.034671802
528.0,528.0,0.47261363
529.0,529.0,0.005019536
530.0,530.0,0.72515
531.0,531.0,0.03488026
532.0,532.0,0.19417563
533.0,533.0,0.0058303303
534.0,534.0,0.28182974
535.0,535.0,0.14440168
536.0,536.0,0.00761679
537.0,537.0,0.11494747
538.0,538.0,0.5211316
539.0,539.0,0.49340996
540.0,540.0,0.67153674
541.0,541.0,0.023286225
542.0,542.0,0.46904364
543.0,543.0,0.04730465
544.0,544.0,0.09055641
545.0,545.0,0.007295464
546.0,546.0,0.58847487
547.0,547.0,0.6374876
548.0,548.0,0.07101812
549.0,549.0,0.39518005
550.0,550.0,0.39363182
551.0,551.0,0.099518634
552.0,552.0,0.68128884
553.0,553.0,0.071285404
554.0,554.0,0.12316329
555.0,555.0,0.015567817
556.0,556.0,0.29032215
557.0,557.0,0.37973693
558.0,558.0,0.18962401
559.0,559.0,0.10271233
560.0,560.0,0.47963443
561.0,561.0,0.019610558
562.0,562.0,0.004542543
563.0,563.0,0.036032684
564.0,564.0,0.00455763
565.0,565.0,0.62365913
566.0,566.0,0.22830412
567.0,567.0,0.031013792
568.0,568.0,0.6269206
569.0,569.0,0.655555
570.0,570.0,0.64853835
571.0,571.0,0.85088235
572.0,572.0,0.0107119735
573.0,573.0,0.72603446
574.0,574.0,0.026313934
575.0,575.0,0.8017814
576.0,576.0,0.11619092
577.0,577.0,0.84309465
578.0,578.0,0.84079516
579.0,579.0,0.052849535
580.0,580.0,0.21982954
581.0,581.0,0.010562533
582.0,582.0,0.8407389
583.0,583.0,0.020307472
584.0,584.0,0.7471488
585.0,585.0,0.035423998
586.0,586.0,0.13225725
587.0,587.0,0.8348111
588.0,588.0,0.37208378
589.0,589.0,0.67476785
590.0,590.0,0.55405116
591.0,591.0,0.03333217
592.0,592.0,0.06436437
593.0,593.0,0.072926775
594.0,594.0,0.20059972
595.0,595.0,0.15109977
596.0,596.0,0.87282634
597.0,597.0,0.069415696
598.0,598.0,0.43812042
599.0,599.0,0.7617334
600.0,600.0,0.041060142
601.0,601.0,0.4957044
602.0,602.0,0.023288904
603.0,603.0,0.8393917
604.0,604.0,0.5216627
605.0,605.0,0.53732353
606.0,606.0,0.6699979
607.0,607.0,0.0065515526
608.0,608.0,0.3393299
609.0,609.0,0.32989967
610.0,610.0,0.010948866
611.0,611.0,0.7096535
612.0,612.0,0.7991065
613.0,613.0,0.35571226
614.0,614.0,0.25861716
615.0,615.0,0.69495934
616.0,616.0,0.104810126
617.0,617.0,0.080786385
618.0,618.0,0.0064597754
619.0,619.0,0.29179025
620.0,620.0,0.5695094
621.0,621.0,0.26339328
622.0,622.0,0.75233036
623.0,623.0,0.72809917
624.0,624.0,0.029705212
625.0,625.0,0.17322482
626.0,626.0,0.057681262
627.0,627.0,0.18877928
628.0,628.0,0.26904875
629.0,629.0,0.04332345
630.0,630.0,0.008868757
631.0,631.0,0.6690678
632.0,632.0,0.6861206
633.0,633.0,0.009850667
634.0,634.0,0.72583073
635.0,635.0,0.02529981
636.0,636.0,0.02676835
637.0,637.0,0.15719222
638.0,638.0,0.29113302
639.0,639.0,0.7789498
640.0,640.0,0.059841804
641.0,641.0,0.0463193
642.0,642.0,0.14821756
643.0,643.0,0.16519977
644.0,644.0,0.56713533
645.0,645.0,0.007999938
646.0,646.0,0.04138264
647.0,647.0,0.03236974
648.0,648.0,0.70270216
649.0,649.0,0.0053054374
650.0,650.0,0.639293
651.0,651.0,0.13742422
652.0,652.0,0.029326767
653.0,653.0,0.016087575
654.0,654.0,0.3967552
655.0,655.0,0.11509435
656.0,656.0,0.58852774
657.0,657.0,0.03563006
658.0,658.0,0.6869401
659.0,659.0,0.577182
660.0,660.0,0.6676606
661.0,661.0,0.006347447
662.0,662.0,0.2525455
663.0,663.0,0.43078655
664.0,664.0,0.7131086
665.0,665.0,0.08874387
666.0,666.0,0.75753105
667.0,667.0,0.02799192
668.0,668.0,0.590084
669.0,669.0,0.77232313
670.0,670.0,0.5479088
671.0,671.0,0.029568417
672.0,672.0,0.81172824
673.0,673.0,0.031398542
674.0,674.0,0.13015361
675.0,675.0,0.041636758
676.0,676.0,0.788923
677.0,677.0,0.34684145
678.0,678.0,0.66035974
679.0,679.0,0.13827193
680.0,680.0,0.02726939
681.0,681.0,0.77265644
682.0,682.0,0.80169916
683.0,683.0,0.019388428
684.0,684.0,0.68697846
685.0,685.0,0.005689997
686.0,686.0,0.17791453
687.0,687.0,0.007061631
688.0,688.0,0.07240661
689.0,689.0,0.61698073
690.0,690.0,0.55695987
691.0,691.0,0.028598633
692.0,692.0,0.17549025
693.0,693.0,0.026179668
694.0,694.0,0.015746437
695.0,695.0,0.79280925
696.0,696.0,0.015947131
697.0,697.0,0.059534006
698.0,698.0,0.0785098
699.0,699.0,0.6349924
700.0,700.0,0.8239467
701.0,701.0,0.004783134
702.0,702.0,0.29236135
703.0,703.0,0.038669363
704.0,704.0,0.5356932
705.0,705.0,0.5197352
706.0,706.0,0.26987538
707.0,707.0,0.37451455
708.0,708.0,0.7996052
709.0,709.0,0.702063
710.0,710.0,0.84005326
711.0,711.0,0.53885525
712.0,712.0,0.032532573
713.0,713.0,0.7547872
714.0,714.0,0.046765994
715.0,715.0,0.41241518
716.0,716.0,0.60057515
717.0,717.0,0.05382385
718.0,718.0,0.4941681
719.0,719.0,0.032686822
720.0,720.0,0.31526864
721.0,721.0,0.6304572
722.0,722.0,0.76883113
723.0,723.0,0.025799902
724.0,724.0,0.7091104
725.0,725.0,0.14947425
726.0,726.0,0.009880254
727.0,727.0,0.0048285765
728.0,728.0,0.5808627
729.0,729.0,0.26539928
730.0,730.0,0.059341654
731.0,731.0,0.03790807
732.0,732.0,0.24586591
733.0,733.0,0.506389
734.0,734.0,0.053503223
735.0,735.0,0.0059539103
736.0,736.0,0.29306656
737.0,737.0,0.55650866
738.0,738.0,0.5729333
739.0,739.0,0.361279
740.0,740.0,0.18009871
741.0,741.0,0.0054777353
742.0,742.0,0.47333637
743.0,743.0,0.033979926
744.0,744.0,0.13616417
745.0,745.0,0.49030337
746.0,746.0,0.01543538
747.0,747.0,0.7533157
748.0,748.0,0.03223347
749.0,749.0,0.20720497
750.0,750.0,0.02421761
751.0,751.0,0.1567319
752.0,752.0,0.063410506
753.0,753.0,0.79893357
754.0,754.0,0.68580335
755.0,755.0,0.5894624
756.0,756.0,0.004591077
757.0,757.0,0.76062477
758.0,758.0,0.03996575
759.0,759.0,0.43715355
760.0,760.0,0.7165276
761.0,761.0,0.054467957
762.0,762.0,0.7665526
763.0,763.0,0.4535489
764.0,764.0,0.74767387
765.0,765.0,0.6681182
766.0,766.0,0.07211559
767.0,767.0,0.018090995
768.0,768.0,0.5315863
769.0,769.0,0.034630068
770.0,770.0,0.1347525
771.0,771.0,0.009655261
772.0,772.0,0.2510248
773.0,773.0,0.24703927
774.0,774.0,0.5754727
775.0,775.0,0.51570493
776.0,776.0,0.048840247
777.0,777.0,0.22775109
778.0,778.0,0.09350829
779.0,779.0,0.5073082
780.0,780.0,0.03261061
781.0,781.0,0.025749851
782.0,782.0,0.021099001
783.0,783.0,0.023610733
784.0,784.0,0.38965413
785.0,785.0,0.00647141
786.0,786.0,0.057479266
787.0,787.0,0.123743355
788.0,788.0,0.06568449
789.0,789.0,0.11139133
790.0,790.0,0.577882
791.0,791.0,0.03601137
792.0,792.0,0.03385178
793.0,793.0,0.8236255
794.0,794.0,0.28877747
795.0,795.0,0.1461431
796.0,796.0,0.24758054
797.0,797.0,0.7344954
798.0,798.0,0.8987096
799.0,799.0,0.005424465
800.0,800.0,0.6132673
801.0,801.0,0.528699
802.0,802.0,0.13275227
803.0,803.0,0.018993987
804.0,804.0,0.7350394
805.0,805.0,0.009445371
806.0,806.0,0.32924762
807.0,807.0,0.06168058
808.0,808.0,0.05076549
809.0,809.0,0.04960263
810.0,810.0,0.6123717
811.0,811.0,0.062232047
812.0,812.0,0.52925396
813.0,813.0,0.5730833
814.0,814.0,0.023147888
815.0,815.0,0.06209318
816.0,816.0,0.5970394
817.0,817.0,0.72927433
818.0,818.0,0.19176838
819.0,819.0,0.7508816
820.0,820.0,0.038440246
821.0,821.0,0.18088135
822.0,822.0,0.005060506
823.0,823.0,0.007880894
824.0,824.0,0.040733844
825.0,825.0,0.84560317
826.0,826.0,0.45535326
827.0,827.0,0.44518796
828.0,828.0,0.5711845
829.0,829.0,0.0034680928
830.0,830.0,0.17225765
831.0,831.0,0.17396624
832.0,832.0,0.5685235
833.0,833.0,0.15119074
834.0,834.0,0.01674872
835.0,835.0,0.57658345
836.0,836.0,0.009510266
837.0,837.0,0.0059228605
838.0,838.0,0.54304945
839.0,839.0,0.086865716
840.0,840.0,0.79708934
841.0,841.0,0.010177134
842.0,842.0,0.043094207
843.0,843.0,0.6867206
844.0,844.0,0.5388292
845.0,845.0,0.87430346
846.0,846.0,0.73605627
847.0,847.0,0.004221886
848.0,848.0,0.025467642
849.0,849.0,0.030681472
850.0,850.0,0.23342472
851.0,851.0,0.46264136
852.0,852.0,0.78247815
853.0,853.0,0.030174045
854.0,854.0,0.54771835
855.0,855.0,0.020346701
856.0,856.0,0.38525632
857.0,857.0,0.65210515
858.0,858.0,0.31047672
859.0,859.0,0.6239712
860.0,860.0,0.100488916
861.0,861.0,0.16252728
862.0,862.0,0.4978449
863.0,863.0,0.58675176
864.0,864.0,0.26483157
865.0,865.0,0.70625
866.0,866.0,0.57730216
867.0,867.0,0.4969919
868.0,868.0,0.67167044
869.0,869.0,0.29244268
870.0,870.0,0.28134206
871.0,871.0,0.30022275
872.0,872.0,0.6608418
873.0,873.0,0.010563341
874.0,874.0,0.8533556
875.0,875.0,0.61841154
876.0,876.0,0.84307706
877.0,877.0,0.19483376
878.0,878.0,0.4583438
879.0,879.0,0.69502515
880.0,880.0,0.0051868223
881.0,881.0,0.018448634
882.0,882.0,0.25509775
883.0,883.0,0.32396412
884.0,884.0,0.66515124
885.0,885.0,0.018642595
886.0,886.0,0.79895496
887.0,887.0,0.005128317
888.0,888.0,0.64003766
889.0,889.0,0.021700924
890.0,890.0,0.4964446
891.0,891.0,0.6464772
892.0,892.0,0.044221476
893.0,893.0,0.11868714
894.0,894.0,0.49712914
895.0,895.0,0.025114873
896.0,896.0,0.2013447
897.0,897.0,0.62220955
898.0,898.0,0.008721263
899.0,899.0,0.012723075
900.0,900.0,0.023703083
901.0,901.0,0.6229055
902.0,902.0,0.6526909
903.0,903.0,0.094742164
904.0,904.0,0.006115729
905.0,905.0,0.8212303
906.0,906.0,0.5157067
907.0,907.0,0.18360151
908.0,908.0,0.19256537
909.0,909.0,0.028353516
910.0,910.0,0.8175569
911.0,911.0,0.31703582
912.0,912.0,0.20892087
913.0,913.0,0.22011185
914.0,914.0,0.043040536
915.0,915.0,0.44254282
916.0,916.0,0.6653855
917.0,917.0,0.3650265
918.0,918.0,0.015241081
919.0,919.0,0.005261208
920.0,920.0,0.6695846
921.0,921.0,0.15530899
922.0,922.0,0.026533501
923.0,923.0,0.7924108
924.0,924.0,0.4379688
925.0,925.0,0.79461014
926.0,926.0,0.0070665115
927.0,927.0,0.50815606
928.0,928.0,0.2815027
929.0,929.0,0.10712004
930.0,930.0,0.2557419
931.0,931.0,0.031592283
932.0,932.0,0.44085768
933.0,933.0,0.03439299
934.0,934.0,0.12754354
935.0,935.0,0.14437354
936.0,936.0,0.3237045
937.0,937.0,0.015493036
938.0,938.0,0.059514195
939.0,939.0,0.010447675
940.0,940.0,0.20415094
941.0,941.0,0.4772019
942.0,942.0,0.84021246
943.0,943.0,0.7063066
944.0,944.0,0.81315786
945.0,945.0,0.8309731
946.0,946.0,0.034264866
947.0,947.0,0.52835166
948.0,948.0,0.38582268
949.0,949.0,0.12393517
950.0,950.0,0.8178745
951.0,951.0,0.46061358
952.0,952.0,0.072423115
953.0,953.0,0.24653892
954.0,954.0,0.16527252
955.0,955.0,0.27859786
956.0,956.0,0.27860337
957.0,957.0,0.096342936
958.0,958.0,0.5309419
959.0,959.0,0.61284494
960.0,960.0,0.42343843
961.0,961.0,0.20706867
962.0,962.0,0.69952947
963.0,963.0,0.26401478
964.0,964.0,0.2747148
965.0,965.0,0.18209454
966.0,966.0,0.033703987
967.0,967.0,0.55381227
968.0,968.0,0.008685272
969.0,969.0,0.7314313
970.0,970.0,0.5712244
971.0,971.0,0.02158854
972.0,972.0,0.441646
973.0,973.0,0.6250186
974.0,974.0,0.06776393
975.0,975.0,0.641549
976.0,976.0,0.49069518
977.0,977.0,0.8994884
978.0,978.0,0.03260211
979.0,979.0,0.0056311004
980.0,980.0,0.24011782
981.0,981.0,0.026676305
982.0,982.0,0.31423658
983.0,983.0,0.8769525
984.0,984.0,0.12309093
985.0,985.0,0.20020984
986.0,986.0,0.033267386
987.0,987.0,0.14982706
988.0,988.0,0.767938
989.0,989.0,0.05578159
990.0,990.0,0.08617412
991.0,991.0,0.32387763
992.0,992.0,0.037956294
993.0,993.0,0.023100082
994.0,994.0,0.7932342
995.0,995.0,0.04761236
996.0,996.0,0.020632908
997.0,997.0,0.586539
998.0,998.0,0.019460667
999.0,999.0,0.038197212
1000.0,1000.0,0.00724025
1001.0,1001.0,0.39611325
1002.0,1002.0,0.703141
1003.0,1003.0,0.8268159
1004.0,1004.0,0.8189938
1005.0,1005.0,0.10460007
1006.0,1006.0,0.03295725
1007.0,1007.0,0.015445143
1008.0,1008.0,0.6622474
1009.0,1009.0,0.017801905
1010.0,1010.0,0.6606111
1011.0,1011.0,0.11956474
1012.0,1012.0,0.027080877
1013.0,1013.0,0.67424345
1014.0,1014.0,0.35755724
1015.0,1015.0,0.19298497
1016.0,1016.0,0.83106285
1017.0,1017.0,0.4376022
1018.0,1018.0,0.45628947
1019.0,1019.0,0.042129092
1020.0,1020.0,0.0045250785
1021.0,1021.0,0.29906803
1022.0,1022.0,0.42920345
1023.0,1023.0,0.6406941
1024.0,1024.0,0.018649466
1025.0,1025.0,0.004400636
1026.0,1026.0,0.6942001
1027.0,1027.0,0.0059778458
1028.0,1028.0,0.2560159
1029.0,1029.0,0.016116649
1030.0,1030.0,0.47494948
1031.0,1031.0,0.7863626
1032.0,1032.0,0.8284136
1033.0,1033.0,0.034617987
1034.0,1034.0,0.65849936
1035.0,1035.0,0.49759158
1036.0,1036.0,0.03518746
1037.0,1037.0,0.00519805
1038.0,1038.0,0.008532121
1039.0,1039.0,0.6762321
1040.0,1040.0,0.6515549
1041.0,1041.0,0.0060169813
1042.0,1042.0,0.061122227
1043.0,1043.0,0.15131001
1044.0,1044.0,0.7650793
1045.0,1045.0,0.46130905
1046.0,1046.0,0.3545492
1047.0,1047.0,0.3332474
1048.0,1048.0,0.023284119
1049.0,1049.0,0.8600287
1050.0,1050.0,0.041807745
1051.0,1051.0,0.03824883
1052.0,1052.0,0.34501597
1053.0,1053.0,0.5472574
1054.0,1054.0,0.3272971
1055.0,1055.0,0.32953933
1056.0,1056.0,0.8511343
1057.0,1057.0,0.22749546
1058.0,1058.0,0.03677283
1059.0,1059.0,0.06706861
1060.0,1060.0,0.6441171
1061.0,1061.0,0.024039201
1062.0,1062.0,0.18200447
1063.0,1063.0,0.27823454
1064.0,1064.0,0.4502468
1065.0,1065.0,0.27726117
1066.0,1066.0,0.5333829
1067.0,1067.0,0.094422325
1068.0,1068.0,0.63027656
1069.0,1069.0,0.6503049
1070.0,1070.0,0.02812551
1071.0,1071.0,0.7941424
1072.0,1072.0,0.021997057
1073.0,1073.0,0.11520328
1074.0,1074.0,0.5289134
1075.0,1075.0,0.83074766
1076.0,1076.0,0.59212977
1077.0,1077.0,0.033321306
1078.0,1078.0,0.033698812
1079.0,1079.0,0.046540376
1080.0,1080.0,0.008055047
1081.0,1081.0,0.5085685
1082.0,1082.0,0.026898041
1083.0,1083.0,0.68946636
1084.0,1084.0,0.036019087
1085.0,1085.0,0.1669478
1086.0,1086.0,0.23883593
1087.0,1087.0,0.017179206
1088.0,1088.0,0.81882846
1089.0,1089.0,0.50846267
1090.0,1090.0,0.36095628
1091.0,1091.0,0.0043826466
1092.0,1092.0,0.65988004
1093.0,1093.0,0.8275714
1094.0,1094.0,0.025464095
1095.0,1095.0,0.73483855
1096.0,1096.0,0.0062703774
1097.0,1097.0,0.24937618
1098.0,1098.0,0.08206231
1099.0,1099.0,0.024654951
1100.0,1100.0,0.067963876
1101.0,1101.0,0.53699267
1102.0,1102.0,0.584336
1103.0,1103.0,0.4663429
1104.0,1104.0,0.24063955
1105.0,1105.0,0.7856981
1106.0,1106.0,0.8172228
1107.0,1107.0,0.026242051
1108.0,1108.0,0.8678394
1109.0,1109.0,0.109701134
1110.0,1110.0,0.07893353
1111.0,1111.0,0.6848471
1112.0,1112.0,0.63668174
1113.0,1113.0,0.018864576
1114.0,1114.0,0.8726831
1115.0,1115.0,0.7479373
1116.0,1116.0,0.4943338
1117.0,1117.0,0.49958286
1118.0,1118.0,0.8275905
1119.0,1119.0,0.45811632
1120.0,1120.0,0.14451557
1121.0,1121.0,0.7189566
1122.0,1122.0,0.19411607
1123.0,1123.0,0.010493195
1124.0,1124.0,0.6012236
1125.0,1125.0,0.18342924
1126.0,1126.0,0.8575362
1127.0,1127.0,0.117902465
1128.0,1128.0,0.6241806
1129.0,1129.0,0.0045705056
1130.0,1130.0,0.58378756
1131.0,1131.0,0.051339146
1132.0,1132.0,0.07345212
1133.0,1133.0,0.11983639
1134.0,1134.0,0.18210658
1135.0,1135.0,0.8263243
1136.0,1136.0,0.35022694
1137.0,1137.0,0.7946165
1138.0,1138.0,0.42774674
1139.0,1139.0,0.005211871
1140.0,1140.0,0.04775617
1141.0,1141.0,0.022863714
1142.0,1142.0,0.6191101
1143.0,1143.0,0.8069543
1144.0,1144.0,0.6568502
1145.0,1145.0,0.044951815
1146.0,1146.0,0.8254975
1147.0,1147.0,0.614339
1148.0,1148.0,0.06484998
1149.0,1149.0,0.08542011
1150.0,1150.0,0.77472794
1151.0,1151.0,0.04138172
1152.0,1152.0,0.033181418
1153.0,1153.0,0.36516684
1154.0,1154.0,0.7935656
1155.0,1155.0,0.043925025
1156.0,1156.0,0.55797493
1157.0,1157.0,0.20305592
1158.0,1158.0,0.6743159
1159.0,1159.0,0.4310878
1160.0,1160.0,0.48283496
1161.0,1161.0,0.021362461
1162.0,1162.0,0.0037416224
1163.0,1163.0,0.006975028
1164.0,1164.0,0.17476799
1165.0,1165.0,0.024662776
1166.0,1166.0,0.5065428
1167.0,1167.0,0.010157869
1168.0,1168.0,0.7851299
1169.0,1169.0,0.046948124
1170.0,1170.0,0.21750441
1171.0,1171.0,0.43907315
1172.0,1172.0,0.3463152
1173.0,1173.0,0.66467553
1174.0,1174.0,0.5709235
1175.0,1175.0,0.06582912
1176.0,1176.0,0.85144436
1177.0,1177.0,0.008615291
1178.0,1178.0,0.852601
1179.0,1179.0,0.03838577
1180.0,1180.0,0.04089874
1181.0,1181.0,0.7396218
1182.0,1182.0,0.46130487
1183.0,1183.0,0.64170706
1184.0,1184.0,0.044423386
1185.0,1185.0,0.8997013
1186.0,1186.0,0.6684015
1187.0,1187.0,0.020238284
1188.0,1188.0,0.07002914
1189.0,1189.0,0.06664776
1190.0,1190.0,0.20656928
1191.0,1191.0,0.028978864
1192.0,1192.0,0.22435895
1193.0,1193.0,0.0099517135
1194.0,1194.0,0.85224557
1195.0,1195.0,0.09839149
1196.0,1196.0,0.009200212
1197.0,1197.0,0.02278364
1198.0,1198.0,0.0075862682
1199.0,1199.0,0.51830757
1200.0,1200.0,0.6569766
1201.0,1201.0,0.4622154
1202.0,1202.0,0.7218059
1203.0,1203.0,0.03818068
1204.0,1204.0,0.22290145
1205.0,1205.0,0.8269756
1206.0,1206.0,0.5640027
1207.0,1207.0,0.35374233
1208.0,1208.0,0.015366106
1209.0,1209.0,0.10004557
1210.0,1210.0,0.5749942
1211.0,1211.0,0.42505905
1212.0,1212.0,0.6241101
1213.0,1213.0,0.30797574
1214.0,1214.0,0.3939219
1215.0,1215.0,0.217609
1216.0,1216.0,0.008061584
1217.0,1217.0,0.25525212
1218.0,1218.0,0.69201016
1219.0,1219.0,0.69075596
1220.0,1220.0,0.113799855
1221.0,1221.0,0.56708837
1222.0,1222.0,0.008274429
1223.0,1223.0,0.033839263
1224.0,1224.0,0.2058713
1225.0,1225.0,0.20572172
1226.0,1226.0,0.06870292
1227.0,1227.0,0.18636899
1228.0,1228.0,0.5082636
1229.0,1229.0,0.57480884
1230.0,1230.0,0.85932183
1231.0,1231.0,0.7862205
1232.0,1232.0,0.20453648
1233.0,1233.0,0.32736227
1234.0,1234.0,0.7176866
1235.0,1235.0,0.05205624
1236.0,1236.0,0.23374662
1237.0,1237.0,0.8210804
1238.0,1238.0,0.4564528
1239.0,1239.0,0.86947197
1240.0,1240.0,0.59968585
1241.0,1241.0,0.041676085
1242.0,1242.0,0.005428493
1243.0,1243.0,0.5433778
1244.0,1244.0,0.31548607
1245.0,1245.0,0.32148534
1246.0,1246.0,0.6279839
1247.0,1247.0,0.6264954
1248.0,1248.0,0.19765966
1249.0,1249.0,0.18995689
1250.0,1250.0,0.5510911
1251.0,1251.0,0.730573
1252.0,1252.0,0.0231163
1253.0,1253.0,0.008337924
1254.0,1254.0,0.24724093
1255.0,1255.0,0.08244397
1256.0,1256.0,0.0337055
1257.0,1257.0,0.09863184
1258.0,1258.0,0.10296076
1259.0,1259.0,0.65695924
1260.0,1260.0,0.035099447
1261.0,1261.0,0.041643955
1262.0,1262.0,0.6369536
1263.0,1263.0,0.3004614
1264.0,1264.0,0.6617889
1265.0,1265.0,0.15040578
1266.0,1266.0,0.6196184
1267.0,1267.0,0.0068055466
1268.0,1268.0,0.027011635
1269.0,1269.0,0.20190805
1270.0,1270.0,0.6786828
1271.0,1271.0,0.15307027
1272.0,1272.0,0.01713162
1273.0,1273.0,0.5598985
1274.0,1274.0,0.027504513
1275.0,1275.0,0.0077715474
1276.0,1276.0,0.055346545
1277.0,1277.0,0.82366276
1278.0,1278.0,0.7220476
1279.0,1279.0,0.117023066
1280.0,1280.0,0.2078
1281.0,1281.0,0.47239166
1282.0,1282.0,0.28239843
1283.0,1283.0,0.51346767
1284.0,1284.0,0.8503192
1285.0,1285.0,0.31979704
1286.0,1286.0,0.47287408
1287.0,1287.0,0.028280409
1288.0,1288.0,0.6570663
1289.0,1289.0,0.68915385
1290.0,1290.0,0.0058924784
1291.0,1291.0,0.0046802065
1292.0,1292.0,0.15868616
1293.0,1293.0,0.04460449
1294.0,1294.0,0.024980705
1295.0,1295.0,0.63403845
1296.0,1296.0,0.5417135
1297.0,1297.0,0.55959946
1298.0,1298.0,0.4961477
1299.0,1299.0,0.004863633
1300.0,1300.0,0.022067571
1301.0,1301.0,0.0044513335
1302.0,1302.0,0.18327212
1303.0,1303.0,0.11290839
1304.0,1304.0,0.004828716
1305.0,1305.0,0.71013385
1306.0,1306.0,0.010878888
1307.0,1307.0,0.7134673
1308.0,1308.0,0.39693552
1309.0,1309.0,0.50279045
1310.0,1310.0,0.012440613
1311.0,1311.0,0.76990896
1312.0,1312.0,0.029893888
1313.0,1313.0,0.006522826
1314.0,1314.0,0.3582522
1315.0,1315.0,0.5516686
1316.0,1316.0,0.033055432
1317.0,1317.0,0.14758275
1318.0,1318.0,0.7203847
1319.0,1319.0,0.24522209
1320.0,1320.0,0.47361612
1321.0,1321.0,0.040526755
1322.0,1322.0,0.028143847
1323.0,1323.0,0.048278786
1324.0,1324.0,0.025888093
1325.0,1325.0,0.5012104
1326.0,1326.0,0.66730785
1327.0,1327.0,0.44930208
1328.0,1328.0,0.09174126
1329.0,1329.0,0.33381298
1330.0,1330.0,0.25619304
1331.0,1331.0,0.007418396
1332.0,1332.0,0.2028267
1333.0,1333.0,0.5055115
1334.0,1334.0,0.6598729
1335.0,1335.0,0.7872745
1336.0,1336.0,0.06155098
1337.0,1337.0,0.7714021
1338.0,1338.0,0.17253292
1339.0,1339.0,0.74129254
1340.0,1340.0,0.047502663
1341.0,1341.0,0.13519342
1342.0,1342.0,0.13720407
1343.0,1343.0,0.041437205
1344.0,1344.0,0.004668941
1345.0,1345.0,0.0060394253
1346.0,1346.0,0.04217941
1347.0,1347.0,0.8128679
1348.0,1348.0,0.72871906
1349.0,1349.0,0.052601114
1350.0,1350.0,0.86331207
1351.0,1351.0,0.011468828
1352.0,1352.0,0.06404433
1353.0,1353.0,0.50459796
1354.0,1354.0,0.52674806
1355.0,1355.0,0.6989349
1356.0,1356.0,0.21442452
1357.0,1357.0,0.04812726
1358.0,1358.0,0.030996233
1359.0,1359.0,0.16943991
1360.0,1360.0,0.8165831
1361.0,1361.0,0.5460174
1362.0,1362.0,0.03853523
1363.0,1363.0,0.8158484
1364.0,1364.0,0.7030665
1365.0,1365.0,0.6904944
1366.0,1366.0,0.14518984
1367.0,1367.0,0.50585514
1368.0,1368.0,0.040251788
1369.0,1369.0,0.11356413
1370.0,1370.0,0.026517915
1371.0,1371.0,0.7219942
1372.0,1372.0,0.8749286
1373.0,1373.0,0.0077068624
1374.0,1374.0,0.09248039
1375.0,1375.0,0.48286092
1376.0,1376.0,0.7931199
1377.0,1377.0,0.59325945
1378.0,1378.0,0.030832784
1379.0,1379.0,0.3710861
1380.0,1380.0,0.27741462
1381.0,1381.0,0.031215748
1382.0,1382.0,0.83635026
1383.0,1383.0,0.8047105
1384.0,1384.0,0.004783827
1385.0,1385.0,0.026737584
1386.0,1386.0,0.67098784
1387.0,1387.0,0.116281636
1388.0,1388.0,0.65255064
1389.0,1389.0,0.006129446
1390.0,1390.0,0.02679488
1391.0,1391.0,0.6479657
1392.0,1392.0,0.18494359
1393.0,1393.0,0.14290516
1394.0,1394.0,0.090968154
1395.0,1395.0,0.48542833
1396.0,1396.0,0.056714762
1397.0,1397.0,0.85470366
1398.0,1398.0,0.6232544
1399.0,1399.0,0.8714994
1400.0,1400.0,0.060072307
1401.0,1401.0,0.039352935
1402.0,1402.0,0.8047019
1403.0,1403.0,0.71425897
1404.0,1404.0,0.034902588
1405.0,1405.0,0.027280195
1406.0,1406.0,0.10395111
1407.0,1407.0,0.05971679
1408.0,1408.0,0.020411491
1409.0,1409.0,0.62107754
1410.0,1410.0,0.33812737
1411.0,1411.0,0.60780126
1412.0,1412.0,0.7903049
1413.0,1413.0,0.65918857
1414.0,1414.0,0.019915741
1415.0,1415.0,0.8432717
1416.0,1416.0,0.37331244
1417.0,1417.0,0.044324707
1418.0,1418.0,0.07513495
1419.0,1419.0,0.79328495
1420.0,1420.0,0.2736479
1421.0,1421.0,0.0043430757
1422.0,1422.0,0.15951546
1423.0,1423.0,0.06271337
1424.0,1424.0,0.8639687
1425.0,1425.0,0.62898046
1426.0,1426.0,0.73349696
1427.0,1427.0,0.05177632
1428.0,1428.0,0.0050770575
1429.0,1429.0,0.51799613
1430.0,1430.0,0.043427575
1431.0,1431.0,0.08608821
1432.0,1432.0,0.21358031
1433.0,1433.0,0.12877153
1434.0,1434.0,0.82782453
1435.0,1435.0,0.25040764
1436.0,1436.0,0.8266649
1437.0,1437.0,0.024509871
1438.0,1438.0,0.66559887
1439.0,1439.0,0.18546902
1440.0,1440.0,0.04767139
1441.0,1441.0,0.6683524
1442.0,1442.0,0.5089581
1443.0,1443.0,0.6261956
1444.0,1444.0,0.18848902
1445.0,1445.0,0.4623823
1446.0,1446.0,0.6466381
1447.0,1447.0,0.6257462
1448.0,1448.0,0.26423916
1449.0,1449.0,0.02007722
1450.0,1450.0,0.42897108
1451.0,1451.0,0.006627105
1452.0,1452.0,0.3093444
1453.0,1453.0,0.0040696757
1454.0,1454.0,0.029799147
1455.0,1455.0,0.050322697
1456.0,1456.0,0.07324072
1457.0,1457.0,0.3441807
1458.0,1458.0,0.638972
1459.0,1459.0,0.038321685
1460.0,1460.0,0.63108736
1461.0,1461.0,0.033978797
1462.0,1462.0,0.10813043
1463.0,1463.0,0.10316338
1464.0,1464.0,0.042019036
1465.0,1465.0,0.04410192
1466.0,1466.0,0.07386792
1467.0,1467.0,0.35980228
1468.0,1468.0,0.3754628
1469.0,1469.0,0.17587344
1470.0,1470.0,0.6064852
1471.0,1471.0,0.8157435
1472.0,1472.0,0.08282309
1473.0,1473.0,0.13267808
1474.0,1474.0,0.406527
1475.0,1475.0,0.30418816
1476.0,1476.0,0.110346265
1477.0,1477.0,0.058606062
1478.0,1478.0,0.8648619
1479.0,1479.0,0.12754522
1480.0,1480.0,0.009703369
1481.0,1481.0,0.4526242
1482.0,1482.0,0.61564946
1483.0,1483.0,0.90578806
1484.0,1484.0,0.018714113
1485.0,1485.0,0.41236845
1486.0,1486.0,0.029882526
1487.0,1487.0,0.004495049
1488.0,1488.0,0.77647096
1489.0,1489.0,0.56523967
1490.0,1490.0,0.46405706
1491.0,1491.0,0.6133547
1492.0,1492.0,0.12245977
1493.0,1493.0,0.15441981
1494.0,1494.0,0.46944582
1495.0,1495.0,0.728141
1496.0,1496.0,0.6389224
1497.0,1497.0,0.047648333
1498.0,1498.0,0.026970321
1499.0,1499.0,0.75382465
1500.0,1500.0,0.0048762136
1501.0,1501.0,0.30790517
1502.0,1502.0,0.057246596
1503.0,1503.0,0.50323796
1504.0,1504.0,0.77117246
1505.0,1505.0,0.510186
1506.0,1506.0,0.6154704
1507.0,1507.0,0.5028438
1508.0,1508.0,0.51573956
1509.0,1509.0,0.6447811
1510.0,1510.0,0.46801764
1511.0,1511.0,0.016218582
1512.0,1512.0,0.67328453
1513.0,1513.0,0.2747597
1514.0,1514.0,0.64301115
1515.0,1515.0,0.41374266
1516.0,1516.0,0.2147163
1517.0,1517.0,0.47575828
1518.0,1518.0,0.6308903
1519.0,1519.0,0.41217113
1520.0,1520.0,0.03148721
1521.0,1521.0,0.7889288
1522.0,1522.0,0.029002007
1523.0,1523.0,0.02812445
1524.0,1524.0,0.30589086
1525.0,1525.0,0.14888799
1526.0,1526.0,0.8145897
1527.0,1527.0,0.4964316
1528.0,1528.0,0.4242759
1529.0,1529.0,0.8219065
1530.0,1530.0,0.07795997
1531.0,1531.0,0.80836374
1532.0,1532.0,0.0037913066
1533.0,1533.0,0.012980781
1534.0,1534.0,0.10799392
1535.0,1535.0,0.81412613
1536.0,1536.0,0.039016068
1537.0,1537.0,0.033903204
1538.0,1538.0,0.58476657
1539.0,1539.0,0.03704545
1540.0,1540.0,0.14008686
1541.0,1541.0,0.8409116
1542.0,1542.0,0.69961894
1543.0,1543.0,0.6307412
1544.0,1544.0,0.5650158
1545.0,1545.0,0.4811761
1546.0,1546.0,0.16434596
1547.0,1547.0,0.058168072
1548.0,1548.0,0.81830865
1549.0,1549.0,0.77795476
1550.0,1550.0,0.62424064
1551.0,1551.0,0.8316064
1552.0,1552.0,0.010347315
1553.0,1553.0,0.66612834
1554.0,1554.0,0.023602435
1555.0,1555.0,0.79319596
1556.0,1556.0,0.008232642
1557.0,1557.0,0.55952954
1558.0,1558.0,0.7095616
1559.0,1559.0,0.64837116
1560.0,1560.0,0.004466688
1561.0,1561.0,0.31000116
1562.0,1562.0,0.836229
1563.0,1563.0,0.71411955
1564.0,1564.0,0.038723715
1565.0,1565.0,0.27385017
1566.0,1566.0,0.003471929
1567.0,1567.0,0.52988064
1568.0,1568.0,0.023100082
1569.0,1569.0,0.19441843
1570.0,1570.0,0.005932908
1571.0,1571.0,0.4100529
1572.0,1572.0,0.027988147
1573.0,1573.0,0.60993296
1574.0,1574.0,0.046266604
1575.0,1575.0,0.066705234
1576.0,1576.0,0.036511995
1577.0,1577.0,0.23340933
1578.0,1578.0,0.018148102
1579.0,1579.0,0.004096518
1580.0,1580.0,0.07211124
1581.0,1581.0,0.032192625
1582.0,1582.0,0.009390345
1583.0,1583.0,0.80129564
1584.0,1584.0,0.7022406
1585.0,1585.0,0.03268247
1586.0,1586.0,0.5644562
1587.0,1587.0,0.82738924
1588.0,1588.0,0.6201595
1589.0,1589.0,0.044851482
1590.0,1590.0,0.49704677
1591.0,1591.0,0.82055944
1592.0,1592.0,0.8490631
1593.0,1593.0,0.44370234
1594.0,1594.0,0.65614104
1595.0,1595.0,0.103831366
1596.0,1596.0,0.2200461
1597.0,1597.0,0.2916379
1598.0,1598.0,0.0319564
1599.0,1599.0,0.28014714
1600.0,1600.0,0.62095094
1601.0,1601.0,0.110236205
1602.0,1602.0,0.59992945
1603.0,1603.0,0.15250328
1604.0,1604.0,0.0050992365
1605.0,1605.0,0.18663296
1606.0,1606.0,0.16851439
1607.0,1607.0,0.09240733
1608.0,1608.0,0.021078628
1609.0,1609.0,0.04476607
1610.0,1610.0,0.46463737
1611.0,1611.0,0.6773425
1612.0,1612.0,0.72989076
1613.0,1613.0,0.53524494
1614.0,1614.0,0.63842404
1615.0,1615.0,0.0060618
1616.0,1616.0,0.7203816
1617.0,1617.0,0.021035127
1618.0,1618.0,0.14237446
1619.0,1619.0,0.017703312
1620.0,1620.0,0.027379917
1621.0,1621.0,0.62770784
1622.0,1622.0,0.43315667
1623.0,1623.0,0.7203536
1624.0,1624.0,0.44764644
1625.0,1625.0,0.15504134
1626.0,1626.0,0.13827425
1627.0,1627.0,0.27513084
1628.0,1628.0,0.055668116
1629.0,1629.0,0.68187904
1630.0,1630.0,0.10093421
1631.0,1631.0,0.7365627
1632.0,1632.0,0.04252041
1633.0,1633.0,0.010506989
1634.0,1634.0,0.6438979
1635.0,1635.0,0.0045588478
1636.0,1636.0,0.1275226
1637.0,1637.0,0.702216
1638.0,1638.0,0.5187825
1639.0,1639.0,0.6669617
1640.0,1640.0,0.27003282
1641.0,1641.0,0.031156078
1642.0,1642.0,0.756676
1643.0,1643.0,0.82504255
1644.0,1644.0,0.3399222
1645.0,1645.0,0.6519764
1646.0,1646.0,0.5963616
1647.0,1647.0,0.636176
1648.0,1648.0,0.04038241
1649.0,1649.0,0.027154755
1650.0,1650.0,0.68565273
1651.0,1651.0,0.41913778
1652.0,1652.0,0.029344391
1653.0,1653.0,0.71704507
1654.0,1654.0,0.8330017
1655.0,1655.0,0.11947556
1656.0,1656.0,0.19129464
1657.0,1657.0,0.039679866
1658.0,1658.0,0.23870963
1659.0,1659.0,0.19947861
1660.0,1660.0,0.2436524
1661.0,1661.0,0.52123797
1662.0,1662.0,0.80320066
1663.0,1663.0,0.2577124
1664.0,1664.0,0.03881053
1665.0,1665.0,0.58885825
1666.0,1666.0,0.3080079
1667.0,1667.0,0.007387336
1668.0,1668.0,0.5257613
1669.0,1669.0,0.44854835
1670.0,1670.0,0.008138251
1671.0,1671.0,0.5652918
1672.0,1672.0,0.12993367
1673.0,1673.0,0.3991553
1674.0,1674.0,0.7872312
1675.0,1675.0,0.031169541
1676.0,1676.0,0.80212843
1677.0,1677.0,0.5545398
1678.0,1678.0,0.10828912
1679.0,1679.0,0.46359068
1680.0,1680.0,0.118718505
1681.0,1681.0,0.06291197
1682.0,1682.0,0.8126966
1683.0,1683.0,0.67062443
1684.0,1684.0,0.007943553
1685.0,1685.0,0.69590795
1686.0,1686.0,0.06710531
1687.0,1687.0,0.03078193
1688.0,1688.0,0.75480974
1689.0,1689.0,0.10371485
1690.0,1690.0,0.16960093
1691.0,1691.0,0.6581993
1692.0,1692.0,0.6866097
1693.0,1693.0,0.0054124347
1694.0,1694.0,0.0076925266
1695.0,1695.0,0.18595836
1696.0,1696.0,0.5992213
1697.0,1697.0,0.032401104
1698.0,1698.0,0.21539856
1699.0,1699.0,0.0043024304
1700.0,1700.0,0.22039267
1701.0,1701.0,0.7959919
1702.0,1702.0,0.70753825
1703.0,1703.0,0.38758293
1704.0,1704.0,0.1347525
1705.0,1705.0,0.7782415
1706.0,1706.0,0.21409982
1707.0,1707.0,0.0051536197
1708.0,1708.0,0.2004373
1709.0,1709.0,0.004757133
1710.0,1710.0,0.24454994
1711.0,1711.0,0.7735308
1712.0,1712.0,0.8242845
1713.0,1713.0,0.53230006
1714.0,1714.0,0.23620825
1715.0,1715.0,0.017887115
1716.0,1716.0,0.6959651
1717.0,1717.0,0.058685355
1718.0,1718.0,0.04403036
1719.0,1719.0,0.35802248
1720.0,1720.0,0.68285257
1721.0,1721.0,0.6055335
1722.0,1722.0,0.71959263
1723.0,1723.0,0.004170537
1724.0,1724.0,0.55715275
1725.0,1725.0,0.6616653
1726.0,1726.0,0.0059996713
1727.0,1727.0,0.51359874
1728.0,1728.0,0.8218862
1729.0,1729.0,0.33933562
1730.0,1730.0,0.73530525
1731.0,1731.0,0.053297877
1732.0,1732.0,0.03922466
1733.0,1733.0,0.037366804
1734.0,1734.0,0.43178803
1735.0,1735.0,0.7301112
1736.0,1736.0,0.088735454
1737.0,1737.0,0.018966226
1738.0,1738.0,0.3819348
1739.0,1739.0,0.032039605
1740.0,1740.0,0.010922939
1741.0,1741.0,0.6293595
1742.0,1742.0,0.041860405
1743.0,1743.0,0.008153488
1744.0,1744.0,0.60505664
1745.0,1745.0,0.76493764
1746.0,1746.0,0.06290732
1747.0,1747.0,0.6059184
1748.0,1748.0,0.0070103966
1749.0,1749.0,0.80715615
1750.0,1750.0,0.2481216
1751.0,1751.0,0.004822624
1752.0,1752.0,0.032543354
1753.0,1753.0,0.5678305
1754.0,1754.0,0.5305419
1755.0,1755.0,0.04185293
1756.0,1756.0,0.24353728
1757.0,1757.0,0.11181353
1758.0,1758.0,0.5291494
1759.0,1759.0,0.61979276
1760.0,1760.0,0.43759063
1761.0,1761.0,0.85173196
1762.0,1762.0,0.42099252
1763.0,1763.0,0.63893396
1764.0,1764.0,0.57842183
1765.0,1765.0,0.47619155
1766.0,1766.0,0.5880692
1767.0,1767.0,0.55495507
1768.0,1768.0,0.6059748
1769.0,1769.0,0.60949963
1770.0,1770.0,0.6575021
1771.0,1771.0,0.004559583
1772.0,1772.0,0.3054396
1773.0,1773.0,0.007734132
1774.0,1774.0,0.07448958
1775.0,1775.0,0.674703
1776.0,1776.0,0.04009574
1777.0,1777.0,0.0052581434
1778.0,1778.0,0.033824652
1779.0,1779.0,0.6897701
1780.0,1780.0,0.82083035
1781.0,1781.0,0.2784297
1782.0,1782.0,0.047337916
1783.0,1783.0,0.4769679
1784.0,1784.0,0.29589665
1785.0,1785.0,0.66034997
1786.0,1786.0,0.12074021
1787.0,1787.0,0.2117498
1788.0,1788.0,0.0027271863
1789.0,1789.0,0.024771966
1790.0,1790.0,0.8356101
1791.0,1791.0,0.07433966
1792.0,1792.0,0.03270974
1793.0,1793.0,0.62186176
1794.0,1794.0,0.71794856
1795.0,1795.0,0.41485623
1796.0,1796.0,0.044312485
1797.0,1797.0,0.033893406
1798.0,1798.0,0.005682469
1799.0,1799.0,0.59986776
1800.0,1800.0,0.8901
1801.0,1801.0,0.09504478
1802.0,1802.0,0.56118137
1803.0,1803.0,0.79720134
1804.0,1804.0,0.030537454
1805.0,1805.0,0.21514305
1806.0,1806.0,0.010592441
1807.0,1807.0,0.54566354
1808.0,1808.0,0.86031085
1809.0,1809.0,0.18018886
1810.0,1810.0,0.49705172
1811.0,1811.0,0.044821117
1812.0,1812.0,0.65712506
1813.0,1813.0,0.5097421
1814.0,1814.0,0.05259518
1815.0,1815.0,0.13521242
1816.0,1816.0,0.5565157
1817.0,1817.0,0.76727766
1818.0,1818.0,0.8019826
1819.0,1819.0,0.025299832
1820.0,1820.0,0.72409254
1821.0,1821.0,0.7131425
1822.0,1822.0,0.17356949
1823.0,1823.0,0.074132115
1824.0,1824.0,0.57405925
1825.0,1825.0,0.72739124
1826.0,1826.0,0.31984308
1827.0,1827.0,0.17060134
1828.0,1828.0,0.04555224
1829.0,1829.0,0.4231749
1830.0,1830.0,0.87075186
1831.0,1831.0,0.75093967
1832.0,1832.0,0.7445789
1833.0,1833.0,0.4359367
1834.0,1834.0,0.44268072
1835.0,1835.0,0.15753312
1836.0,1836.0,0.7510678
1837.0,1837.0,0.5745043
1838.0,1838.0,0.0030524738
1839.0,1839.0,0.0034168805
1840.0,1840.0,0.20485479
1841.0,1841.0,0.0058711995
1842.0,1842.0,0.041859988
1843.0,1843.0,0.82712686
1844.0,1844.0,0.025850225
1845.0,1845.0,0.009736067
1846.0,1846.0,0.010423943
1847.0,1847.0,0.8433779
1848.0,1848.0,0.03406915
1849.0,1849.0,0.0041050045
1850.0,1850.0,0.8052244
1851.0,1851.0,0.52602583
1852.0,1852.0,0.8572756
1853.0,1853.0,0.105924726
1854.0,1854.0,0.15045255
1855.0,1855.0,0.5590748
1856.0,1856.0,0.69137144
1857.0,1857.0,0.14493363
1858.0,1858.0,0.032690443
1859.0,1859.0,0.020337833
1860.0,1860.0,0.050026815
1861.0,1861.0,0.42281467
1862.0,1862.0,0.044667132
1863.0,1863.0,0.20054717
1864.0,1864.0,0.06788945
1865.0,1865.0,0.8089852
1866.0,1866.0,0.56033266
1867.0,1867.0,0.30863783
1868.0,1868.0,0.046178862
1869.0,1869.0,0.30986506
1870.0,1870.0,0.034549218
1871.0,1871.0,0.6388619
1872.0,1872.0,0.63552123
1873.0,1873.0,0.74496305
1874.0,1874.0,0.80016804
1875.0,1875.0,0.69951385
1876.0,1876.0,0.37644425
1877.0,1877.0,0.1613521
1878.0,1878.0,0.20407331
1879.0,1879.0,0.6913738
1880.0,1880.0,0.84074044
1881.0,1881.0,0.51320153
1882.0,1882.0,0.42627236
1883.0,1883.0,0.6269459
1884.0,1884.0,0.27646753
1885.0,1885.0,0.75546974
1886.0,1886.0,0.08454528
1887.0,1887.0,0.4675314
1888.0,1888.0,0.8496876
1889.0,1889.0,0.7596087
1890.0,1890.0,0.32992405
1891.0,1891.0,0.4969157
1892.0,1892.0,0.2634328
1893.0,1893.0,0.0050048116
1894.0,1894.0,0.27735466
1895.0,1895.0,0.7626033
1896.0,1896.0,0.2050216
1897.0,1897.0,0.826143
1898.0,1898.0,0.01042447
1899.0,1899.0,0.73525065
1900.0,1900.0,0.040059227
1901.0,1901.0,0.73137534
1902.0,1902.0,0.8598518
1903.0,1903.0,0.03848673
1904.0,1904.0,0.12655535
1905.0,1905.0,0.07479027
1906.0,1906.0,0.0073928884
1907.0,1907.0,0.73418283
1908.0,1908.0,0.13830584
1909.0,1909.0,0.27791867
1910.0,1910.0,0.5730146
1911.0,1911.0,0.03646549
1912.0,1912.0,0.19619493
1913.0,1913.0,0.008384849
1914.0,1914.0,0.3982476
1915.0,1915.0,0.024175478
1916.0,1916.0,0.47186467
1917.0,1917.0,0.23693264
1918.0,1918.0,0.0045631994
1919.0,1919.0,0.13007696
1920.0,1920.0,0.03608882
1921.0,1921.0,0.007259705
1922.0,1922.0,0.034412395
1923.0,1923.0,0.60879874
1924.0,1924.0,0.004523753
1925.0,1925.0,0.40159884
1926.0,1926.0,0.019855173
1927.0,1927.0,0.6556697
1928.0,1928.0,0.8218542
1929.0,1929.0,0.4535318
1930.0,1930.0,0.08819134
1931.0,1931.0,0.005513439
1932.0,1932.0,0.005562384
1933.0,1933.0,0.081134476
1934.0,1934.0,0.719033
1935.0,1935.0,0.12378653
1936.0,1936.0,0.66546685
1937.0,1937.0,0.037897043
1938.0,1938.0,0.011147303
1939.0,1939.0,0.50778955
1940.0,1940.0,0.77921146
1941.0,1941.0,0.2129182
1942.0,1942.0,0.81474173
1943.0,1943.0,0.707817
1944.0,1944.0,0.65983707
1945.0,1945.0,0.43064758
1946.0,1946.0,0.781158
1947.0,1947.0,0.03784108
1948.0,1948.0,0.6373959
1949.0,1949.0,0.037144713
1950.0,1950.0,0.054576002
1951.0,1951.0,0.003726881
1952.0,1952.0,0.55858326
1953.0,1953.0,0.68505836
1954.0,1954.0,0.33431354
1955.0,1955.0,0.8159107
1956.0,1956.0,0.7992724
1957.0,1957.0,0.6034461
1958.0,1958.0,0.54204756
1959.0,1959.0,0.16618249
1960.0,1960.0,0.10810212
1961.0,1961.0,0.08767733
1962.0,1962.0,0.0074789035
1963.0,1963.0,0.43700254
1964.0,1964.0,0.1063657
1965.0,1965.0,0.011957207
1966.0,1966.0,0.5519646
1967.0,1967.0,0.011487842
1968.0,1968.0,0.8066568
1969.0,1969.0,0.025239399
1970.0,1970.0,0.44616604
1971.0,1971.0,0.4261829
1972.0,1972.0,0.6428255
1973.0,1973.0,0.56219393
1974.0,1974.0,0.019600168
1975.0,1975.0,0.6592675
1976.0,1976.0,0.025254909
1977.0,1977.0,0.1988597
1978.0,1978.0,0.04057312
1979.0,1979.0,0.033787116
1980.0,1980.0,0.08936788
1981.0,1981.0,0.034587055
1982.0,1982.0,0.6201581
1983.0,1983.0,0.04197937
1984.0,1984.0,0.52531916
